,delta,dominant_frequency,sum_top_amplitudes,energy_ratio,top_freq_1,top_amp_1,top_phase_1,top_freq_2,top_amp_2,top_phase_2,top_freq_3,top_amp_3,top_phase_3,top_freq_4,top_amp_4,top_phase_4,top_freq_5,top_amp_5,top_phase_5,top_freq_6,top_amp_6,top_phase_6,top_freq_7,top_amp_7,top_phase_7,top_freq_8,top_amp_8,top_phase_8,predicted_next_value
0,0.9632342808599854,,,,,,,,,,,,,,,,,,,,,,,,,,,,
1,0.9503262811615761,,,,,,,,,,,,,,,,,,,,,,,,,,,,
2,0.9749289733353941,,,,,,,,,,,,,,,,,,,,,,,,,,,,
3,1.0097718484145397,,,,,,,,,,,,,,,,,,,,,,,,,,,,
4,1.0203390576908582,,,,,,,,,,,,,,,,,,,,,,,,,,,,
5,1.0265552798236455,,,,,,,,,,,,,,,,,,,,,,,,,,,,
6,0.9954833469708451,,,,,,,,,,,,,,,,,,,,,,,,,,,,
7,1.0130331672270836,,,,,,,,,,,,,,,,,,,,,,,,,,,,
8,1.095957284345048,,,,,,,,,,,,,,,,,,,,,,,,,,,,
9,1.0908165950773847,,,,,,,,,,,,,,,,,,,,,,,,,,,,
10,1.0544222454672245,0.0,11.26284171097327,0.9999812272935088,0.0,10.14044611490636,-0.0,-0.2,0.2365802744612664,-1.8641256027789233,0.2,0.2365802744612664,1.8641256027789233,-0.1,0.1882653382866073,-1.7199603160864791,0.1,0.1882653382866073,1.7199603160864791,-0.30000000000000004,0.11607207103453213,-2.817896059709235,0.30000000000000004,0.11607207103453213,2.817896059709235,-0.5,0.04056022850209828,-3.141592653589793,0.9687031056546259
11,1.025793553290075,0.0,11.261803797663061,0.9999672279960271,0.0,10.2316340795136,-0.0,-0.2,0.22761818890680807,-2.7271727389605362,0.2,0.22761818890680807,2.7271727389605362,-0.1,0.19661255885333825,-1.8718089960556163,0.1,0.19661255885333825,1.8718089960556163,-0.4,0.06554024326201326,-2.285257415893513,0.4,0.06554024326201326,2.285257415893513,-0.5,0.05062773610514082,-3.141592653589793,0.9561834074490377
12,1.0236184145300518,0.0,11.180257030727205,0.9999660563639221,0.0,10.3071013516421,-0.0,-0.1,0.18855597355633183,-2.107906173586537,0.1,0.18855597355633183,2.107906173586537,-0.2,0.16142517883242546,2.488750997470326,0.2,0.16142517883242546,-2.488750997470326,-0.4,0.059239375053673465,2.7803267652055945,0.4,0.059239375053673465,-2.7803267652055945,-0.30000000000000004,0.05471462420024438,-1.3189423342155813,0.9760494391074426
13,1.0274610890107578,0.0,11.133586028567724,0.9999909886459881,0.0,10.355790792836757,-0.0,-0.1,0.16890627941758513,-2.485946984055004,0.1,0.16890627941758513,2.485946984055004,-0.2,0.1262611232205923,0.9956706052570288,0.2,0.1262611232205923,-0.9956706052570288,-0.30000000000000004,0.08180526264165601,-2.589569058797207,0.30000000000000004,0.08180526264165601,2.589569058797207,-0.5,0.023849905171299035,-3.141592653589793,1.006222063738031
14,0.9576663134567555,0.0,11.129895137356733,0.999986421815607,0.0,10.373480033432973,-0.0,-0.1,0.15525983637332202,-3.0447477853896068,0.1,0.15525983637332202,3.0447477853896068,-0.2,0.136691338124922,-0.36977213117490804,0.2,0.136691338124922,0.36977213117490804,-0.30000000000000004,0.06738505804762114,1.9467623493713284,0.30000000000000004,0.06738505804762114,-1.9467623493713284,-0.4,0.037742638832030544,-2.8645268966751893,1.0233533129749037
15,0.9466406350883373,0.0,11.24187329150753,0.9999076668062337,0.0,10.31080728919887,-0.0,-0.1,0.2177232618940733,2.5822816659588326,0.1,0.2177232618940733,-2.5822816659588326,-0.30000000000000004,0.10756346469980126,0.6345761903900943,0.30000000000000004,0.10756346469980126,-0.6345761903900943,-0.4,0.09951293471582483,0.7322499753097303,0.4,0.09951293471582483,-0.7322499753097303,-0.2,0.0814666796892588,-1.9081510029308997,1.0236005540819744
16,0.9564614934114202,0.0,11.269088323897922,0.999955582235461,0.0,10.230892644463562,-0.0,-0.1,0.2885927081801339,2.1014268901751785,0.1,0.2885927081801339,-2.1014268901751785,-0.2,0.13165461906994883,2.5084946123250056,0.2,0.13165461906994883,-2.5084946123250056,-0.4,0.06679078911711175,-0.8538818672638312,0.4,0.06679078911711175,0.8538818672638312,-0.30000000000000004,0.06411944669996919,-0.4189791039320268,0.9872857485795509
17,0.9567330826246875,0.0,11.275461431188056,0.9999874512254454,0.0,10.191870790904138,-0.0,-0.1,0.31017214034087814,1.581829538267056,0.1,0.31017214034087814,-1.581829538267056,-0.2,0.1647397438747471,1.3924632151135903,0.2,0.1647397438747471,-1.3924632151135903,-0.4,0.05058372921359086,2.2954175511347494,0.4,0.05058372921359086,-2.2954175511347494,-0.30000000000000004,0.032599413425484405,-2.8125607021961927,1.0145563020900743
18,0.9763065500665044,0.0,11.378778063252502,0.9999091323305044,0.0,10.135570706301742,-0.0,-0.1,0.3158508953088085,1.1327065776808014,0.1,0.3158508953088085,-1.1327065776808014,-0.2,0.16437262270249528,0.4796429351195847,0.2,0.16437262270249528,-0.4796429351195847,-0.4,0.09748765472298529,0.2293082322960688,0.4,0.09748765472298529,-0.2293082322960688,-0.30000000000000004,0.08778501148218322,1.376921795237359,1.0901979187371118
19,1.0018248959069387,0.0,11.096279200401701,0.999978081082284,0.0,10.015919972023198,-0.0,-0.1,0.2863821665157546,0.8923961480778804,0.1,0.2863821665157546,-0.8923961480778804,-0.30000000000000004,0.13407175029948673,0.5588878468973305,0.30000000000000004,0.13407175029948673,-0.5588878468973305,-0.2,0.08024072829436826,-0.018115231473609238,0.2,0.08024072829436826,0.018115231473609238,-0.5,0.0789699381592861,-0.0,1.0842126505508471
20,1.0242029098795684,0.0,10.681051336797003,0.9999984003929584,0.0,9.926928272852752,-0.0,-0.1,0.24072252937250146,0.5560368596095164,0.1,0.24072252937250146,-0.5560368596095164,-0.30000000000000004,0.07525296253025969,-0.648308908849856,0.30000000000000004,0.07525296253025969,0.648308908849856,-0.4,0.05607515956378374,0.6889922316079011,0.4,0.05607515956378374,-0.6889922316079011,-0.5,0.010021761011159924,-0.0,1.055240370993744
21,1.0348346647354274,0.0,10.547786650994778,0.9999831992547324,0.0,9.896708937265096,-0.0,-0.1,0.21564633373378161,0.0017519455594009446,0.1,0.21564633373378161,-0.0017519455594009446,-0.30000000000000004,0.054321519115910835,-2.8758450979600307,0.30000000000000004,0.054321519115910835,2.8758450979600307,-0.4,0.0379687094783734,-1.2937389178722456,0.4,0.0379687094783734,1.2937389178722456,-0.2,0.03520458907355152,1.659032775761852,1.024084025701244
22,1.0346858928571427,0.0,10.564743255461766,0.9999784202047493,0.0,9.905750048710448,-0.0,-0.1,0.2246874318624462,-0.6266370809883778,0.1,0.2246874318624462,0.6266370809883778,-0.30000000000000004,0.04565956553775796,1.5744119316856566,0.30000000000000004,0.04565956553775796,-1.5744119316856566,-0.4,0.04136612816843191,2.6879805692655943,0.4,0.04136612816843191,-2.6879805692655943,-0.2,0.03556695561404624,0.14639789067305214,1.0230236337050016
23,1.026303759529768,0.0,10.60306588277345,0.9999863827967024,0.0,9.91681752703754,-0.0,-0.1,0.23374225896941034,-1.2271854073696251,0.1,0.23374225896941034,1.2271854073696251,-0.30000000000000004,0.046942846282799454,-0.5485477185506916,0.30000000000000004,0.046942846282799454,0.5485477185506916,-0.2,0.04654405368791196,-1.1449331399459959,0.2,0.04654405368791196,1.1449331399459959,-0.4,0.031790037855665,0.021546812233445022,1.0224657023774486
24,0.9992148807051332,0.0,10.597077582688954,0.9999875268827735,0.0,9.915660197556551,-0.0,-0.1,0.23335491145552506,-1.860173567540069,0.1,0.23335491145552506,1.860173567540069,-0.2,0.046078008135478576,-2.4244455741313007,0.2,0.046078008135478576,2.4244455741313007,-0.30000000000000004,0.045959279391976256,-2.4466346120996123,0.30000000000000004,0.045959279391976256,2.4466346120996123,-0.4,0.030632987166442468,-2.4909133242603376,0.961805083807914
25,1.0345097434634634,0.0,10.554849819527115,0.9999874943802377,0.0,9.957208764804928,-0.0,-0.1,0.22504985177306788,-2.310612278974774,0.1,0.22504985177306788,2.310612278974774,-0.2,0.031042683632713435,-2.60591853055779,0.2,0.031042683632713435,2.60591853055779,-0.30000000000000004,0.030086114086900508,3.0366310605955764,0.30000000000000004,0.030086114086900508,-3.0366310605955764,-0.4,0.025283755736824075,2.9458955461683463,0.951574218830348
26,1.0731886047050903,0.0,10.717440160326282,0.9999333033401735,0.0,10.045077873180054,-0.0,-0.1,0.17806122415307313,-2.5658581543578185,0.1,0.17806122415307313,2.5658581543578185,-0.5,0.06333441934051542,-3.141592653589793,0.4,0.06325929908063772,2.435476882704083,-0.4,0.06325929908063772,-2.435476882704083,-0.2,0.0631934106691459,-1.5100770377732708,0.2,0.0631934106691459,1.5100770377732708,0.959443348642934
27,1.0321330628865433,0.0,10.950939902500398,0.9999105982026147,0.0,10.161804984473724,-0.0,-0.2,0.1360656200229783,-1.73866552523213,0.2,0.1360656200229783,1.73866552523213,-0.30000000000000004,0.11624352691246864,-2.388451619336847,0.30000000000000004,0.11624352691246864,2.388451619336847,-0.1,0.1022894221792519,-2.5237787736548514,0.1,0.1022894221792519,2.5237787736548514,-0.4,0.07993777979727536,-3.052530558003307,0.9700344471996161
28,0.9374851558960431,0.0,10.827140965683213,0.9999986960262014,0.0,10.23720496473558,-0.0,-0.2,0.14412046569787174,-2.4533391346879814,0.2,0.14412046569787174,2.4533391346879814,-0.30000000000000004,0.08005719983838441,2.7096853335310227,0.30000000000000004,0.08005719983838441,-2.7096853335310227,-0.1,0.05978669078320949,-2.333004218192918,0.1,0.05978669078320949,2.333004218192918,-0.5,0.02200728830870169,-3.141592653589793,0.9764594149431786
29,0.9390006448213879,0.0,11.025867702936585,0.9999685973645235,0.0,10.198383570565118,-0.0,-0.2,0.17584201189834894,2.432511919894551,0.2,0.17584201189834894,-2.432511919894551,-0.30000000000000004,0.11645304216173646,0.9647345999309845,0.30000000000000004,0.11645304216173646,-0.9647345999309845,-0.1,0.09103267088606666,3.0082878741350227,0.1,0.09103267088606666,-3.0082878741350227,-0.5,0.06082868247916373,-0.0,0.9944519271080923
30,0.9581815570707553,0.0,11.119454777084123,0.999990732087529,0.0,10.135559319479567,-0.0,-0.2,0.2272355505136654,1.3568825827523907,0.2,0.2272355505136654,-1.3568825827523907,-0.1,0.1535267866583553,2.4343840401542187,0.1,0.1535267866583553,-2.4343840401542187,-0.30000000000000004,0.09577688757759925,-0.35083061795019127,0.30000000000000004,0.09577688757759925,0.35083061795019127,-0.4,0.030817008105316387,0.05919333412652225,1.0209270495421006
31,0.985256637178108,0.0,11.076843197418102,0.999975461066133,0.0,10.069537966670755,-0.0,-0.2,0.22276717541447327,0.3940693928257894,0.2,0.22276717541447327,-0.3940693928257894,-0.1,0.20818189337078116,2.013597906565898,0.1,0.20818189337078116,-2.013597906565898,-0.5,0.06402578420242477,-0.0,-0.30000000000000004,0.04069065448720689,-2.8273068503605736,0.30000000000000004,0.04069065448720689,2.8273068503605736,1.0289154312048112
32,1.0118187585765825,0.0,11.049573990021857,0.9999902718676411,0.0,10.019959939113434,-0.0,-0.1,0.23375718942240636,1.5781088982009108,0.1,0.23375718942240636,-1.5781088982009108,-0.2,0.17800979347137647,-0.7554280335646718,0.2,0.17800979347137647,0.7554280335646718,-0.30000000000000004,0.08916727916467924,1.3981811555097177,0.30000000000000004,0.08916727916467924,-1.3981811555097177,-0.4,0.027745526791499355,-0.13841157708902765,1.0333826505533976
33,1.0197878044355422,0.0,11.005064472028668,0.9999992821918351,0.0,9.997092804832874,-0.0,-0.1,0.2350393697877499,1.047232550154125,0.1,0.2350393697877499,-1.047232550154125,-0.2,0.16212283849040968,-2.1089191419659645,0.2,0.16212283849040968,2.1089191419659645,-0.30000000000000004,0.08816617985690493,-0.22839968040927544,0.30000000000000004,0.08816617985690493,0.22839968040927544,-0.5,0.03731489092566598,-0.0,1.027500180448461
34,1.0398398949249563,0.0,10.979855822643529,0.9999968726419184,0.0,9.990576849738648,-0.0,-0.1,0.23185027470953976,0.4432558235910557,0.1,0.23185027470953976,-0.4432558235910557,-0.2,0.16555699934769133,2.88382723642044,0.2,0.16555699934769133,-2.88382723642044,-0.30000000000000004,0.0818327444794886,-2.1313849297291907,0.30000000000000004,0.0818327444794886,2.1313849297291907,-0.5,0.030798935831439778,-3.141592653589793,0.9971473363930734
35,1.0258731845015074,0.0,11.013007018094235,0.999972789960344,0.0,10.031201863958472,-0.0,-0.1,0.2691139084355175,-0.24985151689578208,0.1,0.2691139084355175,0.24985151689578208,-0.2,0.1266981116106821,1.545360123488261,0.2,0.1266981116106821,-1.545360123488261,-0.30000000000000004,0.06936760014868866,2.785842731257642,0.30000000000000004,0.06936760014868866,-2.785842731257642,-0.4,0.05144591374598523,-2.3761121860802694,1.039201856508669
36,1.0129914694174553,0.0,11.010645885274107,0.9999632062385455,0.0,10.022565304996515,-0.0,-0.1,0.26075426651028766,-0.8863597514347018,0.1,0.26075426651028766,0.8863597514347018,-0.2,0.12677279374883346,0.35688006221074764,0.2,0.12677279374883346,-0.35688006221074764,-0.30000000000000004,0.07752176820320864,0.9396996193823766,0.30000000000000004,0.07752176820320864,-0.9396996193823766,-0.4,0.05798292335293269,1.2904098731287164,1.069737796745408
37,0.9803949768068827,0.0,10.770729245699625,0.9999409535220917,0.0,9.962368169708881,-0.0,-0.1,0.2275268717573297,-1.7211251507889,0.1,0.2275268717573297,1.7211251507889,-0.2,0.07344386769444934,-0.6093507723289193,0.2,0.07344386769444934,0.6093507723289193,-0.4,0.0710910344703678,-0.27238524814171183,0.4,0.0710910344703678,0.27238524814171183,-0.30000000000000004,0.06423752814644958,-0.08716065920368288,1.0215602453970059
38,0.9524693656615699,0.0,10.54223430955532,0.9999971371263598,0.0,9.91063008362922,-0.0,-0.1,0.24077224627948637,-2.5635358828691666,0.1,0.24077224627948637,2.5635358828691666,-0.2,0.04288280529416964,-2.628198558575538,0.2,0.04288280529416964,2.628198558575538,-0.4,0.02541154285830487,2.9178581334574454,0.4,0.02541154285830487,-2.9178581334574454,-0.30000000000000004,0.013471037062177867,-2.3130141253771908,0.9373953368430564
39,0.9599268340363506,0.0,10.491865892338216,0.9999974101892196,0.0,9.925614293394748,-0.0,-0.1,0.22836939130148506,3.127189854694849,0.1,0.22836939130148506,-3.127189854694849,-0.2,0.030724701531154634,2.6402249196474212,0.2,0.030724701531154634,-2.6402249196474212,-0.5,0.024987797907891185,-3.141592653589793,-0.30000000000000004,0.01153780768514885,-2.9211181749235267,0.30000000000000004,0.01153780768514885,2.9211181749235267,0.9367531462745761
40,0.9816324973795566,0.0,10.46768677668916,0.999998825245351,0.0,9.94654048260971,-0.0,-0.1,0.20744559145221597,2.4974184833614848,0.1,0.20744559145221597,-2.4974184833614848,-0.4,0.03218588887529469,-2.476124753738851,0.4,0.03218588887529469,2.476124753738851,-0.2,0.015945905658423434,0.7010864673881082,0.2,0.015945905658423434,-0.7010864673881082,-0.30000000000000004,0.00999152210758189,-2.14025741700077,0.9583141173536464
41,0.9920566015761482,0.0,10.490043476164718,0.9999920161439775,0.0,9.969991422918511,-0.0,-0.1,0.189219132889751,1.7946031362674382,0.1,0.189219132889751,-1.7946031362674382,-0.2,0.03709062947482313,-0.9756361331381009,0.2,0.03709062947482313,0.9756361331381009,-0.5,0.027512549001730058,-3.141592653589793,-0.4,0.01995998975766501,2.1054216603156424,0.4,0.01995998975766501,-2.1054216603156424,0.9879736226464552
42,1.0068121607372984,0.0,10.490739948552028,0.9999948080047882,0.0,9.976791387316553,-0.0,-0.1,0.1878269916879803,1.1309768552411497,0.1,0.1878269916879803,-1.1309768552411497,-0.2,0.041288722587373795,-2.0954714048396683,0.2,0.041288722587373795,2.0954714048396683,-0.5,0.02071258460368952,-0.0,-0.4,0.017502274040538883,-0.7487199771735804,0.4,0.017502274040538883,0.7487199771735804,1.0141725758796247
43,1.007502233443387,0.0,10.487088068850104,0.9999959198081485,0.0,9.971784789477269,-0.0,-0.1,0.18575055061565077,0.5270488945828357,0.1,0.18575055061565077,-0.5270488945828357,-0.2,0.04401052040710113,2.8324600662589043,0.2,0.04401052040710113,-2.8324600662589043,-0.30000000000000004,0.020037575281462966,0.6780045704366946,0.30000000000000004,0.020037575281462966,-0.6780045704366946,-0.5,0.015705986764404933,-3.141592653589793,1.0224528331462175
44,1.0029463258490607,0.0,10.501856834497751,0.9999965951081268,0.0,9.959499218485114,-0.0,-0.1,0.1752411763578972,-0.06599973956724209,0.1,0.1752411763578972,0.06599973956724209,-0.2,0.05583896244054249,1.6428096753989854,0.2,0.05583896244054249,-1.6428096753989854,-0.5,0.027991557756560148,-0.0,-0.4,0.026102890329598692,0.433820331891724,0.4,0.026102890329598692,-0.433820331891724,1.0376544487790604
45,0.9996014282029,0.0,10.408695099471219,0.9999962023233394,0.0,9.922605649409217,-0.0,-0.1,0.13844931463804241,-0.7118938274087391,0.1,0.13844931463804241,0.7118938274087391,-0.2,0.06910555679634497,0.9477109959414793,0.2,0.06910555679634497,-0.9477109959414793,-0.30000000000000004,0.026904165889326724,1.521448304452298,0.30000000000000004,0.026904165889326724,-1.521448304452298,-0.4,0.017171375414571855,-0.06484779408803122,1.023269455047694
46,0.9930456177482142,0.0,10.342326308494322,0.999998270732407,0.0,9.89633389311061,-0.0,-0.1,0.11979406754665886,-1.4839738940950584,0.1,0.11979406754665886,1.4839738940950584,-0.2,0.05785247086364751,0.06876979730318565,0.2,0.05785247086364751,-0.06876979730318565,-0.30000000000000004,0.03666479679191404,0.4340708985286011,0.30000000000000004,0.03666479679191404,-0.4340708985286011,-0.5,0.017369744979271573,-0.0,1.0116439681031575
47,0.9814991717765147,0.0,10.247167407691087,0.9999977410800347,0.0,9.87638804144137,-0.0,-0.1,0.11972497888921774,-2.2790337166473282,0.1,0.11972497888921774,2.2790337166473282,-0.2,0.03797850483914396,-1.1517708209573034,0.2,0.03797850483914396,1.1517708209573034,-0.30000000000000004,0.02037559531068167,-1.0265688277312033,0.30000000000000004,0.02037559531068167,1.0265688277312033,-0.4,0.014621208171630727,0.18508331396364985,0.9787002169963448
48,0.981578844429059,0.0,10.250038604919697,0.9999973331141112,0.0,9.877492236411001,-0.0,-0.1,0.11900965936665045,-2.900305309711469,0.1,0.11900965936665045,2.900305309711469,-0.2,0.0384410048030237,-2.3821655329791387,0.2,0.0384410048030237,2.3821655329791387,-0.30000000000000004,0.020968590622563843,-2.8664575365411498,0.30000000000000004,0.020968590622563843,2.8664575365411498,-0.4,0.015707858924218228,-2.3411275770881517,0.9539312487252246
49,0.9867664758095618,0.0,10.209808828719034,0.9999977141718089,0.0,9.906601715178489,-0.0,-0.1,0.09100965043305617,2.831065259780272,0.1,0.09100965043305617,-2.831065259780272,-0.2,0.02649547266378609,-2.780960147339988,0.2,0.02649547266378609,2.780960147339988,-0.5,0.02542917710788828,-3.141592653589793,-0.4,0.021383845119485705,-3.0685571227403705,0.4,0.021383845119485705,3.0685571227403705,0.961562284020694
50,0.9910345947156292,0.0,10.1299230096428,0.9999996472012,0.0,9.9334413569517,-0.0,-0.1,0.06596546836192982,2.0780994054697235,0.1,0.06596546836192982,-2.0780994054697235,-0.30000000000000004,0.019839518312095742,-2.2311595718559003,0.30000000000000004,0.019839518312095742,2.2311595718559003,-0.2,0.009571148032281714,-2.6117337344075033,0.2,0.009571148032281714,2.6117337344075033,-0.4,0.005729383278486761,-2.7891077016911727,0.9823112566243191
51,0.9943599791013584,0.0,10.116489291733114,0.9999995931420923,0.0,9.942843454287773,-0.0,-0.1,0.0619452644365372,1.3167234623738788,0.1,0.0619452644365372,-1.3167234623738788,-0.30000000000000004,0.015911182499346525,2.6526075166662038,0.30000000000000004,0.015911182499346525,-2.6526075166662038,-0.5,0.007991632670750093,-3.141592653589793,-0.2,0.004970655451411318,-2.5953329978717754,0.2,0.004970655451411318,2.5953329978717754,0.9929403785868542
52,0.989608247165462,0.0,10.110266964886755,0.9999998976580675,0.0,9.945146831812984,-0.0,-0.1,0.06256394900259984,0.6527629406579527,0.1,0.06256394900259984,-0.6527629406579527,-0.30000000000000004,0.013919851107570087,0.6898451699490336,0.30000000000000004,0.013919851107570087,-0.6898451699490336,-0.5,0.0056882551455395,-0.0,-0.2,0.0032321388539453843,2.81045785599325,0.2,0.0032321388539453843,-2.81045785599325,1.0065598677187262
53,0.9807819961576358,0.0,10.112137942683251,0.9999975591137883,0.0,9.927942918241147,-0.0,-0.1,0.05000107123678185,0.2349793219505955,0.1,0.05000107123678185,-0.2349793219505955,-0.2,0.02028769572923517,1.833136413312734,0.2,0.02028769572923517,-1.833136413312734,-0.4,0.0160509160418857,0.5119970555961053,0.4,0.0160509160418857,-0.5119970555961053,-0.5,0.011515658426297648,-0.0,1.0054175046971459
54,0.9793579625869439,0.0,10.074356102952144,0.9999954339230605,0.0,9.901222680955396,-0.0,-0.2,0.03750647104106219,1.3352866322468004,0.2,0.03750647104106219,-1.3352866322468004,-0.1,0.024807826794712256,-0.13986262989587245,0.1,0.024807826794712256,0.13986262989587245,-0.30000000000000004,0.016650123732873008,1.0501984334318761,0.30000000000000004,0.016650123732873008,-1.0501984334318761,-0.5,0.015204578859453477,-0.0,0.9999625349078516
55,0.9826439691719316,0.0,10.02433961313365,0.9999997352639981,0.0,9.877634317693278,-0.0,-0.2,0.03937345896643194,0.7005186516075838,0.2,0.03937345896643194,-0.7005186516075838,-0.30000000000000004,0.02104593748843778,0.500213455249436,0.30000000000000004,0.02104593748843778,-0.500213455249436,-0.4,0.008741359063984412,0.4999256947148909,0.4,0.008741359063984412,-0.4999256947148909,-0.5,0.008383784402663075,-0.0,0.9998498686120967
56,0.985120204089097,0.0,9.985460085784322,0.9999981766603363,0.0,9.860676858662309,-0.0,-0.2,0.02858217612167047,-0.16368079883316966,0.2,0.02858217612167047,0.16368079883316966,-0.1,0.01850945688252684,2.696490179778592,0.1,0.01850945688252684,-2.696490179778592,-0.30000000000000004,0.010206211934569092,-0.46264702049573153,0.30000000000000004,0.010206211934569092,0.46264702049573153,-0.4,0.010187537244480354,0.2044250638658937,0.9911907091927823
57,0.9923861902613474,0.0,9.95847140490429,0.9999999083238911,0.0,9.852751445003193,-0.0,-0.1,0.0258885372453324,2.2003632884841946,0.1,0.0258885372453324,-2.2003632884841946,-0.2,0.02080281798051056,-1.4824384975434295,0.2,0.02080281798051056,1.4824384975434295,-0.30000000000000004,0.004712638739270107,3.0866286247872563,0.30000000000000004,0.004712638739270107,-3.0866286247872563,-0.4,0.002911971970871432,-1.7234769133911265,0.9816082854957198
58,0.9988347536666544,0.0,9.986923268358627,0.999999213148304,0.0,9.863638463488027,-0.0,-0.2,0.02431573627340832,-2.2767967516040493,0.2,0.02431573627340832,2.2767967516040493,-0.1,0.021373841553435614,1.147716988953473,0.1,0.021373841553435614,-1.147716988953473,-0.4,0.010833445850634707,-2.782170586335286,0.4,0.010833445850634707,2.782170586335286,-0.5,0.010238757515644181,-3.141592653589793,0.9819116371275831
59,1.0101450917330606,0.0,10.024511243736807,0.999998828507273,0.0,9.88089437272562,-0.0,-0.1,0.03251868216900726,0.014340207773111461,0.1,0.03251868216900726,-0.014340207773111461,-0.2,0.018562464742607396,-2.747619478457978,0.2,0.018562464742607396,2.747619478457978,-0.30000000000000004,0.016691852003562452,-2.2500075896007887,0.30000000000000004,0.016691852003562452,2.2500075896007887,-0.4,0.008070873180831797,-3.004977094458157,0.9882677583441006
60,1.0169547059488298,0.0,10.099871430585386,0.9999981715782527,0.0,9.90427298864912,-0.0,-0.1,0.055895899665508245,-0.6199759852321748,0.1,0.055895899665508245,0.6199759852321748,-0.30000000000000004,0.01830042622075389,-2.673996123328111,0.30000000000000004,0.01830042622075389,2.673996123328111,-0.5,0.01636146420154816,-3.141592653589793,0.4,0.01542216298109639,2.5846073711947635,-0.4,0.01542216298109639,-2.5846073711947635,0.9920043829005214
61,0.9809888172329371,0.0,10.175314808280639,0.9999974522551025,0.0,9.93019309988232,-0.0,-0.1,0.07845115606325409,-1.0551290516206446,0.1,0.07845115606325409,1.0551290516206446,-0.2,0.02258690616407189,-1.6250692012622276,0.2,0.02258690616407189,1.6250692012622276,-0.4,0.01520024593827625,-3.0793774136848584,0.4,0.01520024593827625,3.0793774136848584,-0.30000000000000004,0.012645092067113336,-2.595610123669855,0.9963965155227624
62,0.9839890633789129,0.0,10.198306766863979,0.9999882729449374,0.0,9.9168219380139,-0.0,-0.1,0.0727930784804543,-1.84393693395807,0.1,0.0727930784804543,1.84393693395807,-0.4,0.028557641538287933,0.661418237918946,0.4,0.028557641538287933,-0.661418237918946,-0.2,0.026864892614526566,2.8813571180579625,0.2,0.026864892614526566,-2.8813571180579625,-0.30000000000000004,0.025053603583541625,1.5218146821293745,0.9871925986690736
63,0.9934289209024192,0.0,10.200049850651864,0.999990905556478,0.0,9.91120275422735,-0.0,-0.1,0.07450563074029073,-2.5449431194982948,0.1,0.07450563074029073,2.5449431194982948,-0.2,0.0323272249797634,1.6694608083734357,0.2,0.0323272249797634,-1.6694608083734357,-0.30000000000000004,0.025406149697465918,-0.14039462315537213,0.30000000000000004,0.025406149697465918,0.14039462315537213,-0.4,0.024369085589474513,-1.709743300849335,0.982850571270406
64,1.000420784590634,0.0,10.221582700642427,0.9999929929531617,0.0,9.923849678972132,-0.0,-0.1,0.06443682225513117,-3.0627586651732925,0.1,0.06443682225513117,3.0627586651732925,-0.30000000000000004,0.03796990450282485,-1.978724486891788,0.30000000000000004,0.03796990450282485,1.978724486891788,-0.2,0.033532805422490534,0.02808544986665619,0.2,0.033532805422490534,-0.02808544986665619,-0.4,0.025853957309403496,2.565906174841026,0.9810602710265935
65,1.0082064436115343,0.0,10.237496048592138,0.999995986440121,0.0,9.944912500975823,-0.0,-0.2,0.05459052527756051,-1.2393866902817843,0.2,0.05459052527756051,1.2393866902817843,-0.1,0.04347107528311305,2.630274861566934,0.1,0.04347107528311305,-2.630274861566934,-0.30000000000000004,0.035366912061267824,2.997903518671288,0.30000000000000004,0.035366912061267824,-2.997903518671288,-0.5,0.025726522372432115,-3.141592653589793,0.9808883741367769
66,0.9806823676072991,0.0,10.23729450834755,0.9999988454673606,0.0,9.970474975415426,-0.0,-0.2,0.06739191730720041,-2.12918067179559,0.2,0.06739191730720041,2.12918067179559,-0.4,0.03606540497804143,-2.8238050611002588,0.4,0.03606540497804143,2.8238050611002588,-0.1,0.02459612177301816,1.4684540852325323,0.1,0.02459612177301816,-1.4684540852325323,-0.30000000000000004,0.010712644815603925,0.7642314021952926,0.9843304380117371
67,0.963978603461344,0.0,10.243534873973312,0.9999991535879766,0.0,9.966037138933629,-0.0,-0.2,0.0698446418716659,2.8434535264047938,0.2,0.0698446418716659,-2.8434535264047938,-0.4,0.04030489571187241,0.9116947855458424,0.4,0.04030489571187241,-0.9116947855458424,-0.1,0.02454303442245245,1.0209923486533907,0.1,0.02454303442245245,-1.0209923486533907,-0.30000000000000004,0.0081125910277008,-0.7325105424160654,0.991355642006735
68,0.9716910438146507,0.0,10.272819332937736,0.9999892668415833,0.0,9.937629552133625,-0.0,-0.2,0.0973572841676426,1.672631823278273,0.2,0.0973572841676426,-1.672631823278273,-0.4,0.03207969844183326,-0.8261109712212295,0.4,0.03207969844183326,0.8261109712212295,-0.1,0.026091008667061013,1.5825698518040008,0.1,0.026091008667061013,-1.5825698518040008,-0.5,0.0241337982510359,-0.0,0.9984837819003686
69,0.968224173553719,0.0,10.286273156964567,0.999993947351472,0.0,9.91048584228162,-0.0,-0.2,0.10369436169065978,0.6794419535310495,0.2,0.10369436169065978,-0.6794419535310495,-0.1,0.037870800265457104,1.7533034874570896,0.1,0.037870800265457104,-1.7533034874570896,-0.30000000000000004,0.0342290462335505,0.5214929499507557,0.30000000000000004,0.0342290462335505,-0.5214929499507557,-0.4,0.02419889830361215,1.9739846554046507,1.010793551615196
70,0.9690787702726154,0.0,10.293908353165497,0.9999909536159595,0.0,9.86856492410228,-0.0,-0.2,0.0758068266873114,-0.22231238396267824,0.2,0.0758068266873114,0.22231238396267824,-0.1,0.061382719035539705,1.8613522481957363,0.1,0.061382719035539705,-1.8613522481957363,-0.4,0.05602666551957127,0.2197630747448452,0.4,0.05602666551957127,-0.2197630747448452,-0.5,0.03891100657837221,-0.0,1.0129546311460682
71,0.9828803856241048,0.0,10.129784583276377,0.999997140643793,0.0,9.820688988426067,-0.0,-0.1,0.08799864360311138,1.7813475565330759,0.1,0.08799864360311138,-1.7813475565330759,-0.2,0.030963985768336665,-1.826835059312418,0.2,0.030963985768336665,1.826835059312418,-0.30000000000000004,0.028594833440996587,1.031870190185943,0.30000000000000004,0.028594833440996587,-1.031870190185943,-0.4,0.013980669225422572,-1.450691616527573,0.9799248133076327
72,0.988127974568574,0.0,10.132457054281957,0.9999966504749204,0.0,9.822580556817233,-0.0,-0.1,0.08762283529242317,1.1319165824116113,0.1,0.08762283529242317,-1.1319165824116113,-0.2,0.030539817293879862,-3.02351755655883,0.2,0.030539817293879862,3.02351755655883,-0.30000000000000004,0.029610152792508723,-0.907940658556601,0.30000000000000004,0.029610152792508723,0.907940658556601,-0.4,0.014330886707101028,2.4506390917190646,0.9861791066991686
73,0.9868994539805123,0.0,10.134601635569336,0.9999981755701454,0.0,9.826719468006896,-0.0,-0.1,0.08946005579159746,0.46170499152435673,0.1,0.08946005579159746,-0.46170499152435673,-0.30000000000000004,0.03232218531857269,-2.691788827688139,0.30000000000000004,0.03232218531857269,2.691788827688139,-0.2,0.02643422125469734,2.0214762948705802,0.2,0.02643422125469734,-2.0214762948705802,-0.4,0.011449242832705146,-0.2950975444191786,0.9916617287407771
74,0.9829826982840489,0.0,10.129397374904684,0.9999996816901486,0.0,9.820190001084988,-0.0,-0.1,0.08366483939454294,-0.13184024577211423,0.1,0.08366483939454294,0.13184024577211423,-0.30000000000000004,0.03830752252768514,1.6322636883802515,0.30000000000000004,0.03830752252768514,-1.6322636883802515,-0.2,0.029862428117116653,0.9629521003474545,0.2,0.029862428117116653,-0.9629521003474545,-0.4,0.0055377937410052746,3.1247966670968026,1.000993297792305
75,0.9836046066737634,0.0,10.093702975430887,0.9999912750463587,0.0,9.802751914778403,-0.0,-0.1,0.06641765913780644,-0.7946803558219971,0.1,0.06641765913780644,0.7946803558219971,-0.30000000000000004,0.0430537227624235,0.16348422785360472,0.30000000000000004,0.0430537227624235,-0.16348422785360472,-0.2,0.02451650482383873,0.3298097226725001,0.2,0.02451650482383873,-0.3298097226725001,-0.4,0.022975287204346734,0.6242703293214792,1.0045796316008604
76,0.9845177545308353,0.0,9.958449206621319,0.9999988110985817,0.0,9.778150077840632,-0.0,-0.1,0.052223410875529515,-1.7658645249219287,0.1,0.052223410875529515,1.7658645249219287,-0.30000000000000004,0.019202042830860487,-1.5114040481455773,0.30000000000000004,0.019202042830860487,1.5114040481455773,-0.4,0.014692294754873195,-0.5247884502607625,0.4,0.014692294754873195,0.5247884502607625,-0.2,0.008063631858162596,0.4895030984693325,0.9792731352631089
77,0.9928502896451846,0.0,9.972644047712922,0.9999973749663865,0.0,9.781985464764167,-0.0,-0.1,0.051617306479378226,-2.3212232826863075,0.1,0.051617306479378226,2.3212232826863075,-0.30000000000000004,0.019803324397236616,3.081383170810835,0.30000000000000004,0.019803324397236616,-3.081383170810835,-0.4,0.018113773025259575,-2.93177513254644,0.4,0.018113773025259575,2.93177513254644,-0.2,0.011589775145005265,-0.9233671766973184,0.9643606821352283
78,0.9971596261892774,0.0,10.003097278714838,0.9999982483309022,0.0,9.810857150948008,-0.0,-0.1,0.03827957991431654,-2.365208249129304,0.1,0.03827957991431654,2.365208249129304,-0.2,0.03703426370127876,-1.5089232200748157,0.2,0.03703426370127876,1.5089232200748157,-0.5,0.018060668006560476,-3.141592653589793,-0.4,0.01177588626453985,-2.8394050898475443,0.4,0.01177588626453985,2.8394050898475443,0.9720270561325144
79,1.0121309255765838,0.0,10.048088010472695,0.9999972142976942,0.0,9.836325733322635,-0.0,-0.2,0.04622585432989768,-2.1833092959832174,0.2,0.04622585432989768,2.1833092959832174,-0.1,0.026885848990460013,-2.267682215475583,0.1,0.026885848990460013,2.267682215475583,-0.30000000000000004,0.025443631634932573,-2.2476341025612303,0.30000000000000004,0.025443631634932573,2.2476341025612303,-0.4,0.014651607239479418,-2.754812421766883,0.9703218919212879
80,1.0237128795715937,0.0,10.135906836180975,0.9999805202428529,0.0,9.880232485345502,-0.0,-0.2,0.04160365504737733,-2.39777751957526,0.2,0.04160365504737733,2.39777751957526,-0.5,0.03649883765479789,-3.141592653589793,0.30000000000000004,0.034289551343431035,2.5017819595592394,-0.30000000000000004,0.034289551343431035,-2.5017819595592394,-0.1,0.03369455019952956,-1.2867631290050066,0.1,0.03369455019952956,1.2867631290050066,0.9746371818340241
81,1.0309585515192543,0.0,10.250412390594844,0.999987561745794,0.0,9.934866594644479,-0.0,-0.1,0.0717770284169988,-1.0957836741591183,0.1,0.0717770284169988,1.0957836741591183,-0.2,0.03701921620174295,-2.121416345507126,0.2,0.03701921620174295,2.121416345507126,-0.30000000000000004,0.03398495036945151,-2.5314535521460275,0.30000000000000004,0.03398495036945151,2.5314535521460275,-0.4,0.029983405973978514,-2.9751228402020864,0.9876508039346784
82,1.0056419872600195,0.0,10.360456458451512,0.9999926314242797,0.0,9.982944760539628,-0.0,-0.1,0.10305336095730219,-1.2962858912979855,0.1,0.10305336095730219,1.2962858912979855,-0.2,0.04265532795092563,-2.089109637066401,0.2,0.04265532795092563,2.089109637066401,-0.5,0.02994289425096852,-3.141592653589793,-0.30000000000000004,0.02807571292223064,-2.651402128638434,0.30000000000000004,0.02807571292223064,2.651402128638434,0.9917068947694451
83,0.9828299452750505,0.0,10.335724773028343,0.9999990562498919,0.0,10.000458773231074,-0.0,-0.1,0.10911119574663355,-1.7694777437138458,0.1,0.10911119574663355,1.7694777437138458,-0.2,0.037229037750809796,-2.924772080419479,0.2,0.037229037750809796,2.924772080419479,-0.30000000000000004,0.01507832562142924,2.3254176062684024,0.30000000000000004,0.01507832562142924,-2.3254176062684024,-0.5,0.012428881559523042,-0.0,0.9876443171206134
84,0.9398141931647859,0.0,10.344707993788752,0.9999983597132841,0.0,9.996389264525611,-0.0,-0.1,0.10998679930711898,-2.4340763316775704,0.1,0.10998679930711898,2.4340763316775704,-0.2,0.041212563914334074,2.080532112425653,0.2,0.041212563914334074,-2.080532112425653,-0.30000000000000004,0.018110313733073296,0.6049079806244572,0.30000000000000004,0.018110313733073296,-0.6049079806244572,-0.4,0.009699375354087646,-0.00926117278547311,0.9828487396291912
85,0.9206148130685097,0.0,10.508313915346,0.9999817330922043,0.0,9.95322075940635,-0.0,-0.1,0.1455242913962103,3.026774082868495,0.1,0.1455242913962103,-3.026774082868495,-0.2,0.07278868133163201,1.368022473170278,0.2,0.07278868133163201,-1.368022473170278,-0.5,0.051527877973324365,-0.0,-0.4,0.03346966625532087,0.6310023463898836,0.4,0.03346966625532087,-0.6310023463898836,0.9798983110662224
86,0.9374109881519492,0.0,10.620745380187715,0.9999814682379827,0.0,9.890230965801095,-0.0,-0.1,0.20822442458879903,2.4331198949987884,0.1,0.20822442458879903,-2.4331198949987884,-0.2,0.08613482947678927,0.9098851221598294,0.2,0.08613482947678927,-0.9098851221598294,-0.30000000000000004,0.05038344249753914,0.7667783063964345,0.30000000000000004,0.05038344249753914,-0.7667783063964345,-0.4,0.04102902126036538,0.1262283777163971,0.9793013044703447
87,0.9807865173753657,0.0,10.580266665797046,0.9999986045619881,0.0,9.843124199422208,-0.0,-0.1,0.24591295021061266,1.9297688010480045,0.1,0.24591295021061266,-1.9297688010480045,-0.2,0.06824172252482942,0.22956565731478476,0.2,0.06824172252482942,-0.22956565731478476,-0.30000000000000004,0.036594135078497625,-0.013906384263014536,0.30000000000000004,0.036594135078497625,0.013906384263014536,-0.5,0.03564485074695689,-0.0,0.9912068557373193
88,1.0209721998853296,0.0,10.517639832686271,0.9999996906868809,0.0,9.83106042715239,-0.0,-0.1,0.2504059642488421,1.3465715614324183,0.1,0.2504059642488421,-1.3465715614324183,-0.2,0.05656109640093211,-0.9785177884519167,0.2,0.05656109640093211,0.9785177884519167,-0.30000000000000004,0.024532102878597428,-1.905700336503335,0.30000000000000004,0.024532102878597428,1.905700336503335,-0.5,0.02358107847713864,-3.141592653589793,0.9965859624727756
89,1.042235639412998,0.0,10.59640464783811,0.9999926111904026,0.0,9.854873000848443,-0.0,-0.1,0.25675251621789286,0.6277058244570213,0.1,0.25675251621789286,-0.6277058244570213,-0.2,0.07259462242124311,-1.9595285966135525,0.2,0.07259462242124311,1.9595285966135525,-0.30000000000000004,0.028015225039306313,-2.85874114678229,0.30000000000000004,0.028015225039306313,2.85874114678229,-0.4,0.02680691963278299,-2.4162690952515264,1.0141599962011236
90,1.0080337223101266,0.0,10.653504047900135,0.999998541254834,0.0,9.884977714684856,-0.0,-0.1,0.2816740031674391,-0.06342223386738169,0.1,0.2816740031674391,0.06342223386738169,-0.2,0.06722827642334621,-2.7888951018585417,0.2,0.06722827642334621,2.7888951018585417,-0.5,0.029873218617499475,-3.141592653589793,-0.4,0.020424277708104687,2.7133180948554942,0.4,0.020424277708104687,-2.7133180948554942,1.0253980630840518
91,1.016329293842342,0.0,10.681736045403085,0.999988080595711,0.0,9.869298557423388,-0.0,-0.1,0.26602822515073926,-0.6954762440670565,0.1,0.26602822515073926,0.6954762440670565,-0.2,0.08212108733724081,2.171653114384894,0.2,0.08212108733724081,-2.171653114384894,-0.5,0.04555237587896688,-0.0,-0.4,0.03529324356238454,0.38560647210236143,0.4,0.03529324356238454,-0.38560647210236143,1.02958856876633
92,1.0226983781645569,0.0,10.626704873988652,0.9999896606336263,0.0,9.854669299746476,-0.0,-0.1,0.2549689990192446,-1.3605671924448253,0.1,0.2549689990192446,1.3605671924448253,-0.2,0.09119362044569655,1.0477277475259854,0.2,0.09119362044569655,-1.0477277475259854,-0.5,0.030923118202054845,-3.141592653589793,-0.30000000000000004,0.024393608555119416,0.010419006664595321,0.30000000000000004,0.024393608555119416,-0.010419006664595321,1.0070056511239625
93,1.0098381774324185,0.0,10.698050834235563,0.9999922811358595,0.0,9.871725690651015,-0.0,-0.1,0.25906598019770777,-1.9244526774592203,0.1,0.25906598019770777,1.9244526774592203,-0.2,0.10080278916480698,-0.3560204988725968,0.2,0.10080278916480698,0.3560204988725968,-0.30000000000000004,0.04144945463064742,-1.8788239272957146,0.30000000000000004,0.04144945463064742,1.8788239272957146,-0.4,0.023688695598222603,2.6460372873262537,0.9835271783671877
94,0.9862914977378223,0.0,10.778645665762904,0.9999966388333456,0.0,9.898733922808383,-0.0,-0.1,0.250994305876022,-2.4516534005595156,0.1,0.250994305876022,2.4516534005595156,-0.2,0.12646820776371223,-1.5381538224068205,0.2,0.12646820776371223,1.5381538224068205,-0.30000000000000004,0.04205587811008355,-3.105227086552376,0.30000000000000004,0.04205587811008355,3.105227086552376,-0.5,0.04087495945488584,-3.141592653589793,0.9394881703440763
95,0.9595018305679771,0.0,10.756996140912596,0.9999995530525622,0.0,9.945211227381419,-0.0,-0.1,0.21717131180588753,-2.943330445592059,0.1,0.21717131180588753,2.943330445592059,-0.2,0.13615439073506325,-2.4466237147128824,0.2,0.13615439073506325,2.4466237147128824,-0.4,0.049765581665561984,-2.7721415281896324,0.4,0.049765581665561984,2.7721415281896324,-0.5,0.005602345118150609,-3.141592653589793,0.9211806330841434
96,0.9468835982602161,0.0,10.666638104021981,0.9999923928577452,0.0,9.984098244880887,-0.0,-0.1,0.179209833868906,2.754289282979029,0.1,0.179209833868906,-2.754289282979029,-0.2,0.10916443888907701,2.8100629627428826,0.2,0.10916443888907701,-2.8100629627428826,-0.30000000000000004,0.036253320621905664,-1.9888284785375316,0.30000000000000004,0.036253320621905664,1.9888284785375316,-0.5,0.03328467238131694,-3.141592653589793,0.9383066817343032
97,0.9514576386479238,0.0,10.625934085630927,0.9999923087009219,0.0,9.993570854989153,-0.0,-0.1,0.170476397841321,2.104982508141707,0.1,0.170476397841321,-2.104982508141707,-0.2,0.10025507660662193,1.5226671176722257,0.2,0.10025507660662193,-1.5226671176722257,-0.30000000000000004,0.03354410973641818,2.670431139037537,0.30000000000000004,0.03354410973641818,-2.670431139037537,-0.5,0.023812062273050216,-0.0,0.9793658220840635
98,0.9716397955186202,0.0,10.695730174900753,0.9999913637256928,0.0,9.964241976261711,-0.0,-0.1,0.18711940696282714,1.6119790356004426,0.1,0.18711940696282714,-1.6119790356004426,-0.2,0.10309382864262971,0.5541579670825579,0.2,0.10309382864262971,-0.5541579670825579,-0.30000000000000004,0.06114428681368212,1.0049646942881665,0.30000000000000004,0.06114428681368212,-1.0049646942881665,-0.4,0.02877315380076444,1.3164479018059514,1.0196965429623859
99,1.0141893143544296,0.0,10.597575829667623,0.9999546045151256,0.0,9.914909571895002,-0.0,-0.1,0.1954672939159287,1.2385804016261308,0.1,0.1954672939159287,-1.2385804016261308,-0.2,0.06642705170758136,-0.3009724211014703,0.2,0.06642705170758136,0.3009724211014703,-0.30000000000000004,0.054203531741288266,-0.003837763556253018,0.30000000000000004,0.054203531741288266,0.003837763556253018,-0.4,0.05047050304302313,0.043849182508177556,1.032811881650086
100,1.0206385448486588,0.0,10.419065632289755,0.9999922901028309,0.0,9.886863246836434,-0.0,-0.1,0.18819719710826321,0.7516098726117729,0.1,0.18819719710826321,-0.7516098726117729,-0.2,0.04050397463990774,-1.7643504620112866,0.2,0.04050397463990774,1.7643504620112866,-0.30000000000000004,0.026157634673615864,-1.8929082233222978,0.30000000000000004,0.026157634673615864,1.8929082233222978,-0.4,0.02248477260974807,-2.4147200165546145,1.0112908373903395
101,1.0246195268539622,0.0,10.440624429846387,0.999997442045756,0.0,9.899468069374965,-0.0,-0.1,0.19759369715870614,0.07971962854101171,0.1,0.19759369715870614,-0.07971962854101171,-0.2,0.04003809269881099,-2.706907063959972,0.2,0.04003809269881099,2.706907063959972,-0.30000000000000004,0.025186285373480544,2.9999723321772263,0.30000000000000004,0.025186285373480544,-2.9999723321772263,-0.4,0.01552021000942764,1.9252795610383342,1.0165515652635553
102,1.0175719368657847,0.0,10.43376761919911,0.9999964225268678,0.0,9.907758302386585,-0.0,-0.1,0.20585865962869243,-0.5518059357316338,0.1,0.20585865962869243,0.5518059357316338,-0.2,0.03270570304198764,2.4265916737584305,0.2,0.03270570304198764,-2.4265916737584305,-0.30000000000000004,0.017019322930061885,1.04620855676104,0.30000000000000004,0.017019322930061885,-1.04620855676104,-0.4,0.014841945611041345,-1.1393466094472475,1.0232231729828398
103,1.016680443548387,0.0,10.425931529919069,0.9999962723936867,0.0,9.902631861087812,-0.0,-0.1,0.2015110097763414,-1.1934611738931409,0.1,0.2015110097763414,1.1934611738931409,-0.2,0.036730735109023985,1.2615862100513182,0.2,0.036730735109023985,-1.2615862100513182,-0.5,0.016581114625608073,-0.0,-0.30000000000000004,0.01511753221745832,-0.5408543915667045,0.30000000000000004,0.01511753221745832,0.5408543915667045,1.0115978559513663
104,1.016680443548387,0.0,10.462426177217404,0.9999977750263297,0.0,9.909474127203783,-0.0,-0.1,0.20413113440126757,-1.790613752927073,0.1,0.20413113440126757,1.790613752927073,-0.2,0.03935633267437316,-0.16142644809522314,0.2,0.03935633267437316,0.16142644809522314,-0.5,0.023423380741577127,-3.141592653589793,-0.30000000000000004,0.021276867560381402,-2.2594712985838883,0.30000000000000004,0.021276867560381402,2.2594712985838883,0.98476743676751
105,1.017528110878551,0.0,10.579245957906593,0.9999939037235404,0.0,9.939863073014347,-0.0,-0.1,0.19971909751831496,-2.2698839437123173,0.1,0.19971909751831496,2.2698839437123173,-0.2,0.0695219792051841,-1.3477500775460207,0.2,0.0695219792051841,1.3477500775460207,-0.4,0.03867784552052379,-2.699479826303343,0.4,0.03867784552052379,2.699479826303343,-0.30000000000000004,0.023545040404200288,-2.6571526696585615,0.9622819722140891
106,1.0181168129830804,0.0,10.663032791125032,0.9999838877495791,0.0,9.997889353324922,-0.0,-0.1,0.1683428830025587,-2.631204758117215,0.1,0.1683428830025587,2.631204758117215,-0.2,0.0999252371491147,-2.002362883561886,0.2,0.0999252371491147,2.002362883561886,-0.5,0.051060715241587395,-3.141592653589793,-0.30000000000000004,0.038773241127588204,-2.1716717917137855,0.30000000000000004,0.038773241127588204,2.1716717917137855,0.9525613408741155
107,1.0189060530903178,0.0,10.643840615621002,0.9999778925543558,0.0,10.069122568047785,-0.0,-0.1,0.11174446688272777,-2.9428449299786124,0.1,0.11174446688272777,2.9428449299786124,-0.2,0.09541693034299234,-2.5138293437472106,0.2,0.09541693034299234,2.5138293437472106,-0.30000000000000004,0.058775205592687695,-2.4603156303993856,0.30000000000000004,0.058775205592687695,2.4603156303993856,-0.4,0.04284484193640247,-2.5172596536006218,0.9569511185524954
108,1.0225596773087942,0.0,10.478588530368798,0.9999670012868265,0.0,10.136570982490179,-0.0,-0.2,0.056888183613183055,-3.000147770633315,0.2,0.056888183613183055,3.000147770633315,-0.1,0.04752764985660829,2.9960219497868077,0.1,0.04752764985660829,-2.9960219497868077,-0.5,0.04727591496111572,-3.141592653589793,-0.30000000000000004,0.04295498298896045,-2.9236332040884516,0.30000000000000004,0.04295498298896045,2.9236332040884516,0.9798727621103289
109,1.043144201661264,0.0,10.260209639503955,0.9999992679230377,0.0,10.187490864280353,-0.0,-0.30000000000000004,0.012920437553461301,-2.687172863484887,0.30000000000000004,0.012920437553461301,2.687172863484887,-0.4,0.009811351617660552,-2.406091736084887,0.4,0.009811351617660552,2.406091736084887,-0.2,0.009668409282798987,2.863129115211941,0.2,0.009668409282798987,-2.863129115211941,-0.1,0.007918378315761586,0.42822623321453074,1.0138333731918028
110,1.0598199604753333,0.0,10.399361580364776,0.9999936188703933,0.0,10.216445751587187,-0.0,-0.1,0.036307468059723895,-0.5376297406015966,0.1,0.036307468059723895,0.5376297406015966,-0.5,0.025310920477775944,-3.141592653589793,0.4,0.02265724393685072,2.8080733633166854,-0.4,0.02265724393685072,-2.8080733633166854,-0.2,0.019837742153331613,-1.122264189244415,0.2,0.019837742153331613,1.122264189244415,1.0227893135377415
111,1.0720934599545375,0.0,10.586532539088529,0.9999946455046407,0.0,10.255627167213861,-0.0,-0.1,0.07278180344426773,-0.8866458481150639,0.1,0.07278180344426773,0.8866458481150639,-0.2,0.051017996466377315,-1.6146096344926684,0.2,0.051017996466377315,1.6146096344926684,-0.30000000000000004,0.03202370555523057,-2.363417742095477,0.30000000000000004,0.03202370555523057,2.363417742095477,-0.4,0.01925836094291711,-2.908641867022996,1.0278803945595592
112,1.0474960969243778,0.0,10.758095862929716,0.9999840758649148,0.0,10.303101100314437,-0.0,-0.1,0.10917183524477622,-1.1712423877193778,0.1,0.10917183524477622,1.1712423877193778,-0.2,0.06815016018310056,-2.101519588916979,0.2,0.06815016018310056,2.101519588916979,-0.5,0.03360343795167786,-3.141592653589793,-0.30000000000000004,0.033373666903924064,-2.6240051283947254,0.30000000000000004,0.033373666903924064,2.6240051283947254,1.0227441124597265
113,0.9960327915861071,0.0,10.745744637983647,0.9999980641260153,0.0,10.33302526037303,-0.0,-0.1,0.12391780657857249,-1.5752204956537497,0.1,0.12391780657857249,1.5752204956537497,-0.2,0.0589529473563716,-2.905039827670235,0.2,0.0589529473563716,2.905039827670235,-0.30000000000000004,0.01653850945802697,2.88320678872771,0.30000000000000004,0.01653850945802697,-2.88320678872771,-0.4,0.013900850824672418,2.4957506187949177,1.0174226283280186
114,0.9905989832853697,0.0,10.828750184570026,0.9999871618363259,0.0,10.31237760841075,-0.0,-0.1,0.12571629848881383,-2.3685249533724004,0.1,0.12571629848881383,2.3685249533724004,-0.2,0.07917360073317185,2.0603535193137015,0.2,0.07917360073317185,-2.0603535193137015,-0.30000000000000004,0.036880058996400414,1.1417991711916502,0.30000000000000004,0.036880058996400414,-1.1417991711916502,-0.4,0.032832659722503744,0.37065376559148966,1.0119233043493305
115,0.9569462930835534,0.0,10.84909088172206,0.9999976865065958,0.0,10.286296148147734,-0.0,-0.1,0.14552892397384398,-3.1223268887686566,0.1,0.14552892397384398,3.1223268887686566,-0.2,0.09429071036477871,1.0503254660772359,0.2,0.09429071036477871,-1.0503254660772359,-0.30000000000000004,0.035216063598785194,-0.004221824044961639,0.30000000000000004,0.035216063598785194,0.004221824044961639,-0.4,0.012723337699508204,-1.3057931488843393,1.0162835623504216
116,0.9373947529966721,0.0,10.972377921565682,0.9999877055438542,0.0,10.225714330352735,-0.0,-0.1,0.20610280345186738,2.5268772325955697,0.1,0.20610280345186738,-2.5268772325955697,-0.2,0.0829431585595462,0.47999662816222405,0.2,0.0829431585595462,-0.47999662816222405,-0.4,0.05855146779447098,0.8396031548707071,0.4,0.05855146779447098,-0.8396031548707071,-0.5,0.05146873160117593,-0.0,1.0165773835385457
117,0.9607565616902214,0.0,11.010336753195938,0.9999769740807348,0.0,10.144992270366327,-0.0,-0.1,0.2760022978745725,2.068043323523714,0.1,0.2760022978745725,-2.068043323523714,-0.30000000000000004,0.07692107202131511,0.9369970899387274,0.30000000000000004,0.07692107202131511,-0.9369970899387274,-0.4,0.06026729144445612,-0.18008510879638268,0.4,0.06026729144445612,0.18008510879638268,-0.2,0.0389631601489248,0.4987580113068519,1.0125590638726467
118,0.9854062599974646,0.0,10.918923367231661,0.999997688326097,0.0,10.08684277896623,-0.0,-0.1,0.3080097422068181,1.6064240869012778,0.1,0.3080097422068181,-1.6064240869012778,-0.30000000000000004,0.06324866691455451,-0.11366780182275094,0.30000000000000004,0.06324866691455451,0.11366780182275094,-0.2,0.03033380350391129,1.2233151464694236,0.2,0.03033380350391129,-1.2233151464694236,-0.5,0.028896163014864307,-0.0,1.02401363849067
119,0.9930764853620694,0.0,10.868069914967686,0.9999922976206181,0.0,10.0496893616549,-0.0,-0.1,0.31155356829816483,1.097565908024,0.1,0.31155356829816483,-1.097565908024,-0.4,0.045148693646378274,0.44880982403354497,0.4,0.045148693646378274,-0.44880982403354497,-0.2,0.03915299498612548,1.068904152640233,0.2,0.03915299498612548,-1.068904152640233,-0.30000000000000004,0.026670039451448597,-2.157295597391773,1.043794526154649
120,1.0199990872556253,0.0,10.855609143948175,0.9999905781896645,0.0,9.999621645355706,-0.0,-0.1,0.2921535205878038,0.6223859392315447,0.1,0.2921535205878038,-0.6223859392315447,-0.30000000000000004,0.06852821459482457,1.5867440965876034,0.30000000000000004,0.06852821459482457,-1.5867440965876034,-0.2,0.046406783112241744,1.0524173232210239,0.2,0.046406783112241744,-1.0524173232210239,-0.5,0.04181046200272931,-0.0,1.055997657556767
121,1.0395090188009966,0.0,10.751585184521986,0.9999945695514703,0.0,9.959800772135997,-0.0,-0.1,0.2608345831129449,0.0831865188203651,0.1,0.2608345831129449,-0.0831865188203651,-0.30000000000000004,0.07980509194315062,0.22413274300030706,0.30000000000000004,0.07980509194315062,-0.22413274300030706,-0.2,0.04368140523231943,0.7096209958999787,0.2,0.04368140523231943,-0.7096209958999787,-0.4,0.023142251809157136,1.0909699959589858,1.071224114344626
122,1.0231599582705484,0.0,10.575742123686688,0.9999835743725606,0.0,9.927216330982457,-0.0,-0.1,0.22837886829106915,-0.5332766045011474,0.1,0.22837886829106915,0.5332766045011474,-0.30000000000000004,0.04857855994338313,-1.5111818143176665,0.30000000000000004,0.04857855994338313,1.5111818143176665,-0.5,0.03457402993656089,-0.0,0.4,0.030018453149382823,0.12474420185824692,-0.4,0.030018453149382823,-0.12474420185824692,1.0420484398252565
123,1.001829208056638,0.0,10.452268895281177,0.9999991107953955,0.0,9.902880192328627,-0.0,-0.1,0.20779051361338768,-1.2211685198915585,0.1,0.20779051361338768,1.2211685198915585,-0.30000000000000004,0.053021253424884424,2.4111092128802625,0.30000000000000004,0.053021253424884424,-2.4111092128802625,-0.5,0.010237891282732114,-3.141592653589793,-0.2,0.008763638796637383,-0.02337102026272893,0.2,0.008763638796637383,0.02337102026272893,0.9973535341343268
124,0.9766301507537688,0.0,10.45964396521058,0.9999999860680585,0.0,9.908676608799158,-0.0,-0.1,0.20984673844600768,-1.8235331267171018,0.1,0.20984673844600768,1.8235331267171018,-0.30000000000000004,0.04885709988439428,0.4469104298666351,0.30000000000000004,0.04885709988439428,-0.4469104298666351,-0.2,0.0145591024692091,-1.2707040885797305,0.2,0.0145591024692091,1.2707040885797305,-0.5,0.0044414748122010295,-0.0,0.9904896682173551
125,0.9492470328348844,0.0,10.443072811066715,0.9999972315064896,0.0,9.894707776267559,-0.0,-0.1,0.213768004771938,-2.5151637812333725,0.1,0.213768004771938,2.5151637812333725,-0.30000000000000004,0.03675932292402553,-1.2730654028318875,0.30000000000000004,0.03675932292402553,1.2730654028318875,-0.2,0.016936878431078294,2.848453961088552,0.2,0.016936878431078294,-2.848453961088552,-0.4,0.01343662254507323,0.5820733161425561,0.9548711631413573
126,0.9590063354229373,0.0,10.454669483762407,0.9999992812601967,0.0,9.887008516018888,-0.0,-0.1,0.22005167576077764,3.1191894055984735,0.1,0.22005167576077764,-3.1191894055984735,-0.30000000000000004,0.03527715780617359,2.9149714121059254,0.30000000000000004,0.03527715780617359,-2.9149714121059254,-0.2,0.02440929959196376,1.6830877743846644,0.2,0.02440929959196376,-1.6830877743846644,-0.4,0.008184701425689722,-1.3876825041512963,0.9374285257023126
127,0.971512113019855,0.0,10.435693356163085,0.9999954055113239,0.0,9.908620098445155,-0.0,-0.1,0.19844610713556562,2.4884312723729214,0.1,0.19844610713556562,-2.4884312723729214,-0.2,0.030735166296914744,-0.34716490695429597,0.2,0.030735166296914744,0.34716490695429597,-0.4,0.024463612948717843,-2.8484898293332197,0.4,0.024463612948717843,2.8484898293332197,-0.5,0.019783484955534725,-3.141592653589793,0.9584600575013559
128,1.0436547213561325,0.0,10.444452904958208,0.9999970361142698,0.0,9.91937564977479,-0.0,-0.1,0.19001685516671024,1.8257082186919995,0.1,0.19001685516671024,-1.8257082186919995,-0.2,0.04101263605973943,-1.5144570903365975,0.2,0.04101263605973943,1.5144570903365975,-0.30000000000000004,0.02425734341267859,-1.474042053178434,0.30000000000000004,0.02425734341267859,1.474042053178434,-0.4,0.014503585905162328,1.1373555094516365,0.9838943219535121
129,1.0562694570641245,0.0,10.690783592730165,0.9999146179855074,0.0,9.977624111133457,-0.0,-0.1,0.18416670683285946,0.8863372843354625,0.1,0.18416670683285946,-0.8863372843354625,-0.2,0.07310237600883952,-1.8511918374375305,0.2,0.07310237600883952,1.8511918374375305,-0.5,0.06727639498456917,-3.141592653589793,-0.4,0.06567246046437059,-2.3114827555747732,0.4,0.06567246046437059,2.3114827555747732,1.0014137056455945
130,1.1239705896465086,0.0,10.825492570198147,0.9999730351706756,0.0,10.040817082835511,-0.0,-0.1,0.2294060242118843,0.042946131674609124,0.1,0.2294060242118843,-0.042946131674609124,-0.2,0.0823438910599175,-2.278532278326642,0.2,0.0823438910599175,2.278532278326642,-0.30000000000000004,0.05458120968340869,-3.0507349809180053,0.30000000000000004,0.05458120968340869,3.0507349809180053,-0.4,0.052013237452213534,2.570533108492607,1.02396676807093
131,1.1027009209888512,0.0,11.213102836128215,0.999951806937211,0.0,10.144788585226394,-0.0,-0.1,0.33331155194458306,-0.598765078666687,0.1,0.33331155194458306,0.598765078666687,-0.5,0.1080549256733967,-3.141592653589793,-0.2,0.08036650297634589,-2.148959133126594,0.2,0.08036650297634589,2.148959133126594,-0.4,0.06645160769328382,-2.076431523244581,0.4,0.06645160769328382,2.076431523244581,1.0435174044144453
132,1.0814444175149458,0.0,11.316898716678285,0.9999429915884391,0.0,10.207980487414249,-0.0,-0.1,0.3871518656050729,-1.1349574131399458,0.1,0.3871518656050729,1.1349574131399458,-0.2,0.07000940608526256,-2.548544681572406,0.2,0.07000940608526256,2.548544681572406,-0.4,0.06588742642286673,2.6890607926180703,0.4,0.06588742642286673,-2.6890607926180703,-0.30000000000000004,0.06282083303763135,-2.69857334049082,1.0243492763053712
133,1.0352311598695672,0.0,11.335587358482755,0.999986241643932,0.0,10.266264946658646,-0.0,-0.1,0.41513391950463885,-1.6356556772397393,0.1,0.41513391950463885,1.6356556772397393,-0.5,0.10314748272993945,-3.141592653589793,-0.2,0.03912831000833571,-2.821560729420864,0.2,0.03912831000833571,2.821560729420864,-0.4,0.028825235034110084,-0.9087879899818858,0.4,0.028825235034110084,0.9087879899818858,1.0070459279553172
134,0.9756763082865157,0.0,11.335664456354479,0.9999981072554208,0.0,10.299666898471575,-0.0,-0.1,0.41431196715016094,-2.1834363928291696,0.1,0.41431196715016094,2.1834363928291696,-0.5,0.06974553091701097,-0.0,0.4,0.055948892597075014,2.9317561526607836,-0.4,0.055948892597075014,-2.9317561526607836,-0.2,0.012865153735711244,-3.122370028478702,0.2,0.012865153735711244,3.122370028478702,0.9757760457798199
135,0.9187073935571313,0.0,11.338629104872401,0.9999982429331568,0.0,10.298713056004322,-0.0,-0.1,0.41486118855183546,-2.8136359629104626,0.1,0.41486118855183546,2.8136359629104626,-0.5,0.06879168844975858,-3.141592653589793,0.4,0.056882159513239036,-0.8346620949859209,-0.4,0.056882159513239036,0.8346620949859209,-0.2,0.013818832144085769,1.902851460257513,0.2,0.013818832144085769,-1.902851460257513,0.9511796184961843
136,0.889838647608576,0.0,11.421362499142564,0.9999735703389516,0.0,10.268173416726569,-0.0,-0.1,0.44388215698016564,2.819067482684805,0.1,0.44388215698016564,-2.819067482684805,-0.5,0.09933132772751208,-0.0,0.4,0.04284264931314573,1.1220636195133022,-0.4,0.04284264931314573,-1.1220636195133022,0.30000000000000004,0.0402040710509293,-1.2652853115008256,-0.30000000000000004,0.0402040710509293,1.2652853115008256,0.9586872832607507
137,0.893370628698176,0.0,11.574491619113243,0.9999525832298058,0.0,10.199005728912207,-0.0,-0.1,0.509954902495283,2.2337533914839742,0.1,0.509954902495283,-2.2337533914839742,-0.2,0.07721570333941752,1.3798275047366253,0.2,0.07721570333941752,-1.3798275047366253,-0.30000000000000004,0.06875828351738454,0.6650973040090363,0.30000000000000004,0.06875828351738454,-0.6650973040090363,-0.4,0.0636281114968673,1.280180664917391,0.9727052635827449
138,0.9232934968820667,0.0,11.720747644342579,0.9999538675208485,0.0,10.120864244590528,-0.0,-0.1,0.561435476748073,1.7153556388940914,0.1,0.561435476748073,-1.7153556388940914,-0.5,0.1083051242348283,-0.0,-0.2,0.09888287024547089,1.011294308130105,0.2,0.09888287024547089,-1.011294308130105,-0.4,0.08547079076506686,-0.16577214299682766,0.4,0.08547079076506686,0.16577214299682766,1.034097783657159
139,0.9708644445614588,0.0,11.58317848248083,0.9999836742505074,0.0,10.000503020116463,-0.0,-0.1,0.5909025745754397,1.2899934558165258,0.1,0.5909025745754397,-1.2899934558165258,-0.2,0.10784568784382527,0.9949360531521391,0.2,0.10784568784382527,-0.9949360531521391,-0.30000000000000004,0.0732284472692194,1.123103001561689,0.30000000000000004,0.0732284472692194,-1.123103001561689,-0.4,0.03872204298739811,1.00112834574938,1.0529753640024755
140,1.0009561558588502,0.0,11.493532668203747,0.9998944379330978,0.0,9.915098007613798,-0.0,-0.1,0.5731394654362435,0.8053449444598365,0.1,0.5731394654362435,-0.8053449444598365,-0.2,0.09430463901368433,0.6009551711783463,0.2,0.09430463901368433,-0.6009551711783463,-0.30000000000000004,0.08509876971333245,0.3688037956946254,0.30000000000000004,0.08509876971333245,-0.3688037956946254,-0.5,0.07334891226342855,-0.0,1.1096978148840695
141,1.0610979438425823,0.0,11.08334964056723,0.9999453558003486,0.0,9.79208357382614,-0.0,-0.1,0.49590487418397355,0.35686314454022006,0.1,0.49590487418397355,-0.35686314454022006,-0.2,0.06992337737548451,1.0176512388796557,0.2,0.06992337737548451,-1.0176512388796557,-0.30000000000000004,0.05334229782420676,0.6438890456503936,0.30000000000000004,0.05334229782420676,-0.6438890456503936,-0.4,0.05292496797375903,0.40842407471747083,1.0928771912148234
142,1.0693863602887024,0.0,10.870402417357626,0.9999941842604975,0.0,9.750480596679871,-0.0,-0.1,0.4571540748019105,-0.23965889110168342,0.1,0.4571540748019105,0.23965889110168342,-0.2,0.05969494000361249,0.3957914629936175,0.2,0.05969494000361249,-0.3957914629936175,-0.30000000000000004,0.03203941895044307,-0.34720088994605297,0.30000000000000004,0.03203941895044307,0.34720088994605297,-0.4,0.022144953165824037,-1.2626080185173303,1.0815789428835554
143,1.0680734276034762,0.0,10.791541825137141,0.9999910731540147,0.0,9.738422539453627,-0.0,-0.1,0.445449844639739,-0.8744029626867351,0.1,0.445449844639739,0.8744029626867351,-0.2,0.04879104818470369,-0.765420117267342,0.2,0.04879104818470369,0.765420117267342,-0.4,0.02176696450247976,1.9512226877280374,0.4,0.02176696450247976,-1.9512226877280374,-0.30000000000000004,0.021103571029668436,-2.427822779279781,1.0348143168738049
144,1.037113532761694,0.0,10.974466341834013,0.9999900728276665,0.0,9.771264807187535,-0.0,-0.1,0.4671965506354334,-1.4487666331405558,0.1,0.4671965506354334,1.4487666331405558,-0.2,0.07596148354235685,-1.7178338105588802,0.2,0.07596148354235685,1.7178338105588802,-0.5,0.05296286933811345,-3.141592653589793,-0.4,0.03196129847639247,-1.828689583672891,0.4,0.03196129847639247,1.828689583672891,0.9793481816926796
145,1.0157119054400456,0.0,11.138571345501097,0.9999787315556496,0.0,9.832702031662713,-0.0,-0.1,0.4785760922103469,-1.9493174290919937,0.1,0.4785760922103469,1.9493174290919937,-0.2,0.09042793780201357,-2.2374645037046457,0.2,0.09042793780201357,2.2374645037046457,-0.4,0.06159903650206158,-3.038838574879235,0.4,0.06159903650206158,3.038838574879235,-0.30000000000000004,0.04466318080954018,-2.152189864933961,0.9220076820408782
146,1.0078575723513281,0.0,11.24908046253314,0.9999734143408191,0.0,9.929706543545628,-0.0,-0.1,0.4518110810348601,-2.3767850191451787,0.1,0.4518110810348601,2.3767850191451787,-0.5,0.08853015674584963,-3.141592653589793,-0.2,0.08208829433399505,-2.3032387727133043,0.2,0.08208829433399505,2.3032387727133043,-0.30000000000000004,0.0815225057519758,-2.360528955351546,0.30000000000000004,0.0815225057519758,2.360528955351546,0.8963627198177199
147,1.0002086075217897,0.0,11.23150234021317,0.9999231993383101,0.0,10.04772546828838,-0.0,-0.1,0.3756541513664812,-2.7858202707001167,0.1,0.3756541513664812,2.7858202707001167,-0.2,0.08780944753399648,-2.025193858181545,0.2,0.08780944753399648,2.025193858181545,-0.4,0.08686431618051836,-2.6972399700586855,0.4,0.08686431618051836,2.6972399700586855,-0.30000000000000004,0.08312104176279717,-2.6471296051719584,0.9036360161914303
148,1.0033057638267082,0.0,11.100362226320861,0.9999573814279027,0.0,10.154563447111993,-0.0,-0.1,0.2780084797234637,3.0033058972050974,0.1,0.2780084797234637,-3.0033058972050974,-0.2,0.10435266583694904,-2.1139408820864687,0.2,0.10435266583694904,2.1139408820864687,-0.5,0.07734921082671153,-3.141592653589793,-0.30000000000000004,0.05186363863066479,-2.7491437390184608,0.30000000000000004,0.05186363863066479,2.7491437390184608,0.9322798500554335
149,1.0144200894584539,0.0,10.931881081123075,0.999986454072127,0.0,10.234575714056636,-0.0,-0.1,0.1990658222283767,2.319553158761421,0.1,0.1990658222283767,-2.319553158761421,-0.2,0.09306393025910839,-2.5433961579871696,0.2,0.09306393025910839,2.5433961579871696,-0.30000000000000004,0.03772677209924934,-2.4385682730288405,0.30000000000000004,0.03772677209924934,2.4385682730288405,-0.4,0.03759231789297143,-2.1456467794498764,0.9731746794038983
150,1.0236163182889488,0.0,10.866276563834285,0.9999846146508051,0.0,10.27813135895363,-0.0,-0.1,0.17239449552522987,1.505085542726426,0.1,0.17239449552522987,-1.505085542726426,-0.2,0.06211936627546668,2.8890682823508707,0.2,0.06211936627546668,-2.8890682823508707,-0.5,0.04089258877906499,-3.141592653589793,-0.4,0.03911244625009864,2.8314412240863143,0.4,0.03911244625009864,-2.8314412240863143,1.0065087771502454
151,1.026196862107613,0.0,10.788562736173727,0.9999987102185662,0.0,10.30079152138373,-0.0,-0.1,0.1753464352218129,0.7474550191420639,0.1,0.1753464352218129,-0.7474550191420639,-0.2,0.04057481517754948,1.4924390793458149,0.2,0.04057481517754948,-1.4924390793458149,-0.4,0.018848143821152536,-0.05753937635599236,0.4,0.018848143821152536,0.05753937635599236,-0.5,0.018232426348966158,-0.0,1.0620215612496662
152,1.0190488485694347,0.0,10.76882987608028,0.9999950708499394,0.0,10.26589043964876,-0.0,-0.1,0.15161696475742353,0.276261155128855,0.1,0.15161696475742353,-0.276261155128855,-0.2,0.051407236746190126,0.9792506932755892,0.2,0.051407236746190126,-0.9792506932755892,-0.30000000000000004,0.04011118901914494,1.0846142168100468,0.30000000000000004,0.04011118901914494,-1.0846142168100468,-0.5,0.016668655386003373,-0.0,1.0669113148434664
153,1.0062461631939568,0.0,10.653802642591714,0.9999743137258521,0.0,10.215552927929492,-0.0,-0.1,0.10409759842393382,-0.21977566197296258,0.1,0.10409759842393382,0.21977566197296258,-0.2,0.04785938727215974,0.7840580050729881,0.2,0.04785938727215974,-0.7840580050729881,-0.30000000000000004,0.04749642717173135,0.41362443502751306,0.30000000000000004,0.04749642717173135,-0.41362443502751306,-0.4,0.039342888926572124,0.36261656728999836,1.0610280925202857
154,0.9856595245624327,0.0,10.41849537783425,0.9999864095636395,0.0,10.153725663519973,-0.0,-0.1,0.045786489972448045,-1.146909525471496,0.1,0.045786489972448045,1.146909525471496,-0.2,0.043850291554228545,1.0049846145042292,0.2,0.043850291554228545,-1.0049846145042292,-0.4,0.028668871592334118,0.11990484008873518,0.4,0.028668871592334118,-0.11990484008873518,-0.5,0.028158408076254915,-0.0,1.0323491068174309
155,0.977853150772128,0.0,10.384160188389188,0.9999894121811407,0.0,10.102271655320711,-0.0,-0.1,0.052970988388335784,-2.86256846634723,0.1,0.052970988388335784,2.86256846634723,-0.2,0.04638083022337485,0.9608258968709651,0.2,0.04638083022337485,-0.9608258968709651,-0.30000000000000004,0.029944647861025072,0.8610362055224681,0.30000000000000004,0.029944647861025072,-0.8610362055224681,-0.5,0.023295600123006466,-0.0,1.01158874795984
156,0.9701157489635464,0.0,10.402379404532834,0.9999938336563868,0.0,10.064412900652794,-0.0,-0.1,0.08997178406230558,2.6761457380609683,0.1,0.08997178406230558,-2.6761457380609683,-0.2,0.03965769070535731,0.6028334170858692,0.2,0.03965769070535731,-0.6028334170858692,-0.30000000000000004,0.029196828134518973,0.365246586324531,0.30000000000000004,0.029196828134518973,-0.365246586324531,-0.4,0.020313898075676864,0.0712830909295085,1.0043750259334923
157,0.9752808532771112,0.0,10.380735721493732,0.9999956567774976,0.0,10.02667107726501,-0.0,-0.1,0.12485312904027965,2.183921296345834,0.1,0.12485312904027965,-2.183921296345834,-0.5,0.023178668842869676,-0.0,-0.2,0.023050569487033625,0.5361236956537759,0.2,0.023050569487033625,-0.5361236956537759,-0.4,0.017539289165613203,0.5457349498712228,0.4,0.017539289165613203,-0.5457349498712228,0.9975778467576104
158,0.9854742281879194,0.0,10.35002509254185,0.9999983230551515,0.0,10.001743323020335,-0.0,-0.1,0.14068227676312575,1.7010318927895391,0.1,0.14068227676312575,-1.7010318927895391,-0.30000000000000004,0.01356458146101224,0.7369853094383386,0.30000000000000004,0.01356458146101224,-0.7369853094383386,-0.4,0.013476047458924572,-0.11338799245038958,0.4,0.013476047458924572,0.11338799245038958,-0.2,0.012835958155390377,0.7237140280139336,1.0021689907386573
159,1.0162608986472907,0.0,10.335785072168115,0.9999995576363269,0.0,9.983911787381544,-0.0,-0.1,0.1440868975408678,1.195730787441216,0.1,0.1440868975408678,-1.195730787441216,-0.5,0.01608245023698185,-0.0,0.30000000000000004,0.011989253864016555,-0.39276413876424016,-0.30000000000000004,0.011989253864016555,0.39276413876424016,-0.2,0.01181926586991025,1.0824027173329185,0.2,0.01181926586991025,-1.0824027173329185,1.0138805997944276
160,1.0374191537366726,0.0,10.346208123973708,0.9999992907654968,0.0,9.985752596570382,-0.0,-0.1,0.14477138062528538,0.5555806174587871,0.1,0.14477138062528538,-0.5555806174587871,-0.5,0.017923259425818294,-3.141592653589793,0.30000000000000004,0.013708012199624042,1.543611628947237,-0.30000000000000004,0.013708012199624042,-1.543611628947237,-0.2,0.012786741163845053,-0.30171069335439543,0.2,0.012786741163845053,0.30171069335439543,1.0238986750701575
161,1.0472328612696398,0.0,10.418569933074274,0.9999979618820579,0.0,9.999555432018106,-0.0,-0.1,0.15666743162945349,-0.11922328797976431,0.1,0.15666743162945349,0.11922328797976431,-0.2,0.026288039508453414,-1.4016835539024126,0.2,0.026288039508453414,1.4016835539024126,-0.30000000000000004,0.019715826145220536,-2.653407108896735,0.30000000000000004,0.019715826145220536,2.653407108896735,-0.4,0.013671906489913486,-2.9495897816652743,1.0271268868710026
162,1.0386215046132008,0.0,10.493410660316414,0.9999987101808554,0.0,10.020591431180133,-0.0,-0.1,0.17757173111067034,-0.7334510256241042,0.1,0.17757173111067034,0.7334510256241042,-0.2,0.03632796629483772,-2.05084390597238,0.2,0.03632796629483772,2.05084390597238,-0.5,0.02515642314012112,-3.141592653589793,-0.30000000000000004,0.009931705592570938,-3.082313982873913,0.30000000000000004,0.009931705592570938,3.082313982873913,1.0205877344769085
163,1.0149609121748187,0.0,10.523865178085583,0.9999987628151251,0.0,10.0401640872239,-0.0,-0.1,0.19255794711259153,-1.2936716248148703,0.1,0.19255794711259153,1.2936716248148703,-0.2,0.032342972470829526,-2.740888543347792,0.2,0.032342972470829526,2.740888543347792,-0.4,0.012111475272576463,-2.709847914249032,0.4,0.012111475272576463,2.709847914249032,-0.30000000000000004,0.009676301149688041,-1.9458008227865569,1.0060422068618802
164,0.9968062192425647,0.0,10.52329776912482,0.9999993882979806,0.0,10.04887883620476,-0.0,-0.1,0.19512235496479455,-1.8790180040607982,0.1,0.19512235496479455,1.8790180040607982,-0.2,0.02455498481369958,2.4245433873518207,0.2,0.02455498481369958,-2.4245433873518207,-0.5,0.01429851607721666,-3.141592653589793,-0.30000000000000004,0.010382868642926747,-2.934474711873029,0.30000000000000004,0.010382868642926747,2.934474711873029,0.9858855418401784
165,0.9836551448035005,0.0,10.50552033127038,0.9999998907870944,0.0,10.060025530884893,-0.0,-0.1,0.19203480107135365,-2.4519985199679573,0.1,0.19203480107135365,2.4519985199679573,-0.2,0.017736514024752514,0.7421594332451755,0.2,0.017736514024752514,-0.7421594332451755,-0.4,0.011400174398095668,-2.0154767097158777,0.4,0.011400174398095668,2.0154767097158777,-0.5,0.0031518213970853637,-0.0,0.9783201994193588
166,0.9885268566431018,0.0,10.515350665222329,0.9999997614130277,0.0,10.065827524916264,-0.0,-0.1,0.18759485940342693,-3.0606384372125395,0.1,0.18759485940342693,3.0606384372125395,-0.2,0.022359213215391166,-0.6907738530454599,0.2,0.022359213215391166,0.6907738530454599,-0.4,0.010330589819985645,2.286149862450922,0.4,0.010330589819985645,-2.286149862450922,-0.5,0.00895381542845719,-3.141592653589793,0.9703828264536826
167,0.9981285605173965,0.0,10.548268662855095,0.9999971928635516,0.0,10.08423863259582,-0.0,-0.1,0.16925059660708291,2.603025050085571,0.1,0.16925059660708291,-2.603025050085571,-0.2,0.03838589011317757,-1.6368530349023913,0.2,0.03838589011317757,1.6368530349023913,-0.30000000000000004,0.01737505213339981,-2.0708446873102515,0.30000000000000004,0.01737505213339981,2.0708446873102515,-0.4,0.014006952551955184,-1.922823743851473,0.9767095444696844
168,1.0071279669762643,0.0,10.559651607350837,0.999993908903337,0.0,10.107086339836105,-0.0,-0.1,0.1500952858294096,1.8965516002014733,0.1,0.1500952858294096,-1.8965516002014733,-0.2,0.043355635827432286,-2.3397945071429587,0.2,0.043355635827432286,2.3397945071429587,-0.4,0.02230517816818859,3.1395224301414246,0.4,0.02230517816818859,-3.1395224301414246,-0.30000000000000004,0.021053067864671027,-2.69489861321076,0.9887120041031516
169,1.010489493592829,0.0,10.509801086301856,0.9999999916901445,0.0,10.12874007862445,-0.0,-0.1,0.14462793989344347,1.12590663781508,0.1,0.14462793989344347,-1.12590663781508,-0.2,0.032293450466149086,-3.0936687772103717,0.2,0.032293450466149086,3.0936687772103717,-0.30000000000000004,0.009477451579531452,3.1126245388580434,0.30000000000000004,0.009477451579531452,-3.1126245388580434,-0.5,0.008263323799158506,-3.141592653589793,1.0161500728822437
170,1.0027647429095552,0.0,10.528095776951437,0.9999994666457973,0.0,10.12296867356999,-0.0,-0.1,0.14223960216171683,0.5342218653616505,0.1,0.14223960216171683,-0.5342218653616505,-0.2,0.038059233471248906,1.9256148799444717,0.2,0.038059233471248906,-1.9256148799444717,-0.30000000000000004,0.015247351630948511,1.2386326009333652,0.30000000000000004,0.015247351630948511,-1.2386326009333652,-0.5,0.014034728853619782,-0.0,1.0365343623208898
171,0.9941581739851473,0.0,10.531677243418104,0.9999867714472432,0.0,10.088314262742871,-0.0,-0.1,0.11379016163679836,0.06159806237645988,0.1,0.11379016163679836,-0.06159806237645988,-0.2,0.05971492802993276,1.2443912721233623,0.2,0.05971492802993276,-1.2443912721233623,-0.30000000000000004,0.03299707020672527,0.804571965830619,0.30000000000000004,0.03299707020672527,-0.804571965830619,-0.4,0.030358660928320277,0.5363831194799769,1.042561376012295
172,0.9949028715808018,0.0,10.398278740613643,0.9999807683314934,0.0,10.035239575458379,-0.0,-0.2,0.0659572114954781,0.8544548107672912,0.2,0.0659572114954781,-0.8544548107672912,-0.1,0.06090383336631871,-0.5130489703519531,0.1,0.06090383336631871,0.5130489703519531,-0.30000000000000004,0.03843103506033843,0.5896089106139625,0.30000000000000004,0.03843103506033843,-0.5896089106139625,-0.5,0.03245500531099488,-0.0,1.032432323661294
173,1.008653911214285,0.0,10.215648244878649,0.9999969856733733,0.0,9.991520942425979,-0.0,-0.2,0.04974747170894054,0.3223841518473872,0.2,0.04974747170894054,-0.3223841518473872,-0.1,0.03132009268651257,-1.8961646216516745,0.1,0.03132009268651257,1.8961646216516745,-0.30000000000000004,0.024399150962667,0.18952397086126244,0.30000000000000004,0.024399150962667,-0.18952397086126244,-0.4,0.013193871736429533,0.3749772677214049,1.0126068385961737
174,1.0351764159239722,0.0,10.18473943192176,0.9999991619698013,0.0,9.985213941465446,-0.0,-0.2,0.04381098415793581,-0.8886266135320197,0.2,0.04381098415793581,0.8886266135320197,-0.1,0.033867598264209556,-2.7018664665746845,0.1,0.033867598264209556,2.7018664665746845,-0.30000000000000004,0.01824381621371337,-1.6302574064153847,0.30000000000000004,0.01824381621371337,1.6302574064153847,-0.4,0.0076806931845957715,-1.8328207150542015,0.997500839808584
175,1.06157394843962,0.0,10.362725552604896,0.9999946757081294,0.0,10.023584138146854,-0.0,-0.2,0.07423873012017711,-1.7324574261966015,0.2,0.07423873012017711,1.7324574261966015,-0.30000000000000004,0.04149590487013018,-2.3393034411476483,0.30000000000000004,0.04149590487013018,2.3393034411476483,-0.4,0.037129287278446096,-2.7144306956878603,0.4,0.037129287278446096,2.7144306956878603,-0.5,0.0334135699205369,-3.141592653589793,0.9841001356894576
176,1.0869917600289123,0.0,10.615102537836053,0.9999592063097155,0.0,10.101502941782972,-0.0,-0.2,0.09859298898797411,-2.09442363589187,0.2,0.09859298898797411,2.09442363589187,-0.1,0.0774088521862674,-0.8392091300619642,0.1,0.0774088521862674,0.8392091300619642,-0.30000000000000004,0.0574329342552569,-2.4311608624802625,0.30000000000000004,0.0574329342552569,2.4311608624802625,-0.4,0.04673004519408541,-2.8487018142871854,0.9974513763688347
177,1.1010491318252542,0.0,10.907068514383882,0.9999425704371696,0.0,10.199967845168782,-0.0,-0.1,0.16084563671872273,-0.994565767852523,0.1,0.16084563671872273,0.994565767852523,-0.2,0.09852657389750868,-2.304974731200809,0.2,0.09852657389750868,2.304974731200809,-0.30000000000000004,0.0664815450176794,-2.4834477967756845,0.30000000000000004,0.0664815450176794,2.4834477967756845,-0.4,0.055393157947278705,-2.7593161811399853,1.0086640034988064
178,1.0987438731728603,0.0,11.11858368984319,0.9999484512404193,0.0,10.302888416476641,-0.0,-0.1,0.23346043616285822,-1.2442401891244685,0.1,0.23346043616285822,1.2442401891244685,-0.2,0.08192945806341306,-2.3600975743845463,0.2,0.08192945806341306,2.3600975743845463,-0.30000000000000004,0.06470035698379646,-2.5645644821694895,0.30000000000000004,0.06470035698379646,2.5645644821694895,-0.4,0.055514770946414396,-2.8946699929619792,1.0174071533746736
179,1.092054238759017,0.0,11.22701037300562,0.9999702116754368,0.0,10.394504322673237,-0.0,-0.1,0.2768022915156297,-1.5536945372596287,0.1,0.2768022915156297,1.5536945372596287,-0.2,0.06670392618128423,-2.3020092144480175,0.2,0.06670392618128423,2.3020092144480175,-0.30000000000000004,0.05141930518979369,-2.6415399926517957,0.30000000000000004,0.05141930518979369,2.6415399926517957,-0.5,0.042655004558966425,-3.141592653589793,1.0181983554945084
180,1.022935626221773,0.0,11.312670153521282,0.999968619418509,0.0,10.476069067839425,-0.0,-0.1,0.28990430033482395,-1.8968546818600194,0.1,0.28990430033482395,1.8968546818600194,-0.2,0.061934899726568945,-2.1867401953661036,0.2,0.061934899726568945,2.1867401953661036,-0.4,0.044462493818395135,-2.768656140704592,0.4,0.044462493818395135,2.768656140704592,-0.30000000000000004,0.043997697922279595,-2.4797637508503696,1.0101265615175594
181,0.9739224584914692,0.0,11.258338435433924,0.999990352487562,0.0,10.496239951151644,-0.0,-0.1,0.28408668328297504,-2.4578607921675895,0.1,0.28408668328297504,2.4578607921675895,-0.2,0.05290844354467018,-3.1269428184506274,0.2,0.05290844354467018,3.1269428184506274,-0.30000000000000004,0.030699543138193442,2.334124015783945,0.30000000000000004,0.030699543138193442,-2.334124015783945,-0.4,0.026709144350602284,1.2800114257242394,0.9915185256994361
182,0.9384951829268292,0.0,11.344934369079654,0.9999925853887027,0.0,10.476004235657964,-0.0,-0.1,0.3000462407061391,-3.1287946801236393,0.1,0.3000462407061391,3.1287946801236393,-0.2,0.07314258832738749,1.8955525203552785,0.2,0.07314258832738749,-1.8955525203552785,-0.30000000000000004,0.047020120490137866,0.7653652524364064,0.30000000000000004,0.047020120490137866,-0.7653652524364064,-0.4,0.02851223437436008,-0.4856013084218204,0.9922315795652498
183,0.9429217079767779,0.0,11.477913869593491,0.9999788702833589,0.0,10.419596547003993,-0.0,-0.1,0.3564500409510717,2.524046889978561,0.1,0.3564500409510717,-2.524046889978561,-0.2,0.10566252961240903,1.1693898797639168,0.2,0.10566252961240903,-1.1693898797639168,-0.5,0.054910830455298765,-0.0,-0.30000000000000004,0.03959067550361936,0.29030110467749876,0.30000000000000004,0.03959067550361936,-0.29030110467749876,1.005171426542796
184,0.9457883631900407,0.0,11.520882718660305,0.9999905339771854,0.0,10.353864343766485,-0.0,-0.1,0.41180433222731916,1.988286173342716,0.1,0.41180433222731916,-1.988286173342716,-0.2,0.10028931728245989,0.5604198750333373,0.2,0.10028931728245989,-0.5604198750333373,-0.4,0.05640588572922835,0.08625183759892462,0.4,0.05640588572922835,-0.08625183759892462,-0.30000000000000004,0.030019304415804415,0.8695356446946392,1.0321574889670437
185,0.9266167555971175,0.0,11.50826586917735,0.999978727472354,0.0,10.264476291032555,-0.0,-0.1,0.4554380745471451,1.5403550721979153,0.1,0.4554380745471451,-1.5403550721979153,-0.5,0.07856667995172373,-0.0,0.30000000000000004,0.07368083502835025,-0.9400936723819527,-0.30000000000000004,0.07368083502835025,0.9400936723819527,-0.2,0.053492539521041396,0.3972531810000795,0.2,0.053492539521041396,-0.3972531810000795,1.0556321751323734
186,0.9436917792048389,0.0,11.590827212696553,0.9998938988472227,0.0,10.129519098190052,-0.0,-0.1,0.47105810662337,1.2024675804594613,0.1,0.47105810662337,-1.2024675804594613,-0.30000000000000004,0.10915307712503927,0.6800600100549924,0.30000000000000004,0.10915307712503927,-0.6800600100549924,-0.4,0.10639503265839136,0.48136796370397283,0.4,0.10639503265839136,-0.48136796370397283,-0.2,0.08809568169289919,1.6478178726736608,1.082030564625108
187,0.9649181352773195,0.0,11.481697605378095,0.9999036565052479,0.0,9.986219117365978,-0.0,-0.1,0.44025114999541176,0.8826861015017502,0.1,0.44025114999541176,-0.8826861015017502,-0.2,0.1738921169700907,1.3554471247258695,0.2,0.1738921169700907,-1.3554471247258695,-0.30000000000000004,0.09014124307390885,0.3910602640582231,0.30000000000000004,0.09014124307390885,-0.3910602640582231,-0.5,0.08690946793329424,-0.0,1.0873306380073218
188,1.0087116029392265,0.0,11.181348085522648,0.999934383799237,0.0,9.850088120818043,-0.0,-0.1,0.36909332816109275,0.5432678802966467,0.1,0.36909332816109275,-0.5432678802966467,-0.2,0.19660416768187028,0.8416984964238016,0.2,0.19660416768187028,-0.8416984964238016,-0.4,0.06843706016711372,0.7905415891049439,0.4,0.06843706016711372,-0.7905415891049439,-0.30000000000000004,0.06299085268445159,0.6796983867625104,1.0889225290403652
189,1.0264319207880157,0.0,10.841348671814236,0.9999485062181638,0.0,9.76005585058441,-0.0,-0.1,0.2957089960825957,0.07299408653662993,0.1,0.2957089960825957,-0.07299408653662993,-0.2,0.1522322985381114,0.041843081533654014,0.2,0.1522322985381114,-0.041843081533654014,-0.4,0.06419217613989785,-0.2315145160860491,0.4,0.06419217613989785,0.2315145160860491,-0.30000000000000004,0.057025879708618034,0.48918135475396585,1.082939388469325
190,1.0425917224564418,0.0,10.414987744869283,0.9999951794632669,0.0,9.694433532613408,-0.0,-0.1,0.23031115175302178,-0.5345432832714847,0.1,0.23031115175302178,0.5345432832714847,-0.2,0.08671088064199979,-1.1831313153080185,0.2,0.08671088064199979,1.1831313153080185,-0.30000000000000004,0.030849285556911705,0.20420392361375733,0.30000000000000004,0.030849285556911705,-0.20420392361375733,-0.5,0.024811576352009368,-0.0,1.0241586120249793
191,1.0411045419579208,0.0,10.545692024248961,0.9999921112377752,0.0,9.714089628848075,-0.0,-0.1,0.24742796852146262,-1.1223793400217175,0.1,0.24742796852146262,1.1223793400217175,-0.2,0.09588408578832246,-2.2488237263969193,0.2,0.09588408578832246,2.2488237263969193,-0.30000000000000004,0.05025530709731889,-1.7601503569469457,0.30000000000000004,0.05025530709731889,1.7601503569469457,-0.5,0.04446767258667794,-3.141592653589793,0.9744954912917725
192,1.019585422294453,0.0,10.716477205066095,0.9999476644509175,0.0,9.781271712314528,-0.0,-0.1,0.28310289876099903,-1.535188704559529,0.1,0.28310289876099903,1.535188704559529,-0.30000000000000004,0.07594761270570874,-2.592385779061165,0.30000000000000004,0.07594761270570874,2.592385779061165,-0.2,0.07500656132318724,-2.7334629944179056,0.2,0.07500656132318724,2.7334629944179056,-0.4,0.06709134717177698,-2.801860974432805,0.9470922921870778
193,1.0001108721564134,0.0,10.665355832479326,0.999983215066258,0.0,9.862361951682153,-0.0,-0.1,0.2972497480282941,-1.8873829718072022,0.1,0.2972497480282941,1.8873829718072022,-0.5,0.058375828487849724,-3.141592653589793,0.30000000000000004,0.04286993890737664,3.065426082678463,-0.30000000000000004,0.04286993890737664,-3.065426082678463,-0.2,0.032189339218991406,-2.437220207558891,0.2,0.032189339218991406,2.437220207558891,0.9484354760064558
194,0.9725010352061271,0.0,10.64237285695092,0.9999977612247165,0.0,9.919551115861788,-0.0,-0.1,0.2846810640103647,-2.323617371957794,0.1,0.2846810640103647,2.323617371957794,-0.2,0.038745118895949886,-1.8246849683562396,0.2,0.038745118895949886,1.8246849683562396,-0.4,0.03058103185993156,-2.261953485226079,0.4,0.03058103185993156,2.261953485226079,-0.30000000000000004,0.014807311556639793,-2.1070810194763627,0.9464262701229607
195,0.9680606249999999,0.0,10.640047861729796,0.9999893291138815,0.0,9.946263787877875,-0.0,-0.1,0.2671298438562475,-2.878895526921297,0.1,0.2671298438562475,2.878895526921297,-0.2,0.0411683948987482,-2.402260549603395,0.2,0.0411683948987482,2.402260549603395,-0.5,0.027899336324300528,-3.141592653589793,-0.4,0.024644130008814616,2.4964226833752985,0.4,0.024644130008814616,-2.4964226833752985,0.9302212167836255
196,0.9807219230769231,0.0,10.583312270681368,0.999991225213616,0.0,9.987707657280756,-0.0,-0.1,0.22736265200116842,2.823324759611587,0.1,0.22736265200116842,-2.823324759611587,-0.2,0.029849251981807278,-2.4491617994567227,0.2,0.029849251981807278,2.4491617994567227,-0.30000000000000004,0.02742968325754024,-2.432363411700788,0.30000000000000004,0.02742968325754024,2.432363411700788,-0.4,0.026321438919579724,-1.9152449380363297,0.9459350488804223
197,0.9974556730769231,0.0,10.556737076972443,0.9999889410227139,0.0,10.02473780115284,-0.0,-0.1,0.19254120223112053,2.1347876909397945,0.1,0.19254120223112053,-2.1347876909397945,-0.4,0.03749386273151664,3.048047659536685,0.4,0.03749386273151664,-3.048047659536685,0.30000000000000004,0.02412518419294592,2.7186991153382785,-0.30000000000000004,0.02412518419294592,-2.7186991153382785,-0.2,0.023678777508435184,-2.1919316234528847,0.9686447036022788
198,1.012197707794128,0.0,10.503596333618553,0.9999993037932646,0.0,10.057275338952444,-0.0,-0.1,0.17729331423889416,1.350739351978343,0.1,0.17729331423889416,-1.350739351978343,-0.2,0.026881901225766905,-2.0551495440069827,0.2,0.026881901225766905,2.0551495440069827,-0.30000000000000004,0.01445931836534273,-2.6392139794652874,0.30000000000000004,0.01445931836534273,2.6392139794652874,-0.5,0.009051927006101579,-3.141592653589793,1.0075244627214581
199,1.0190454578028332,0.0,10.500303206392642,0.9999988176915084,0.0,10.060761443807346,-0.0,-0.1,0.17808677738256573,0.7033164021128102,0.1,0.17808677738256573,-0.7033164021128102,-0.2,0.025446357635871802,3.092937853791647,0.2,0.025446357635871802,-3.092937853791647,-0.30000000000000004,0.011526836095968952,1.9051608200327226,0.30000000000000004,0.011526836095968952,-1.9051608200327226,-0.4,0.00942182035648253,-2.5150232481349417,1.0266385473518256
200,1.0211210899505898,0.0,10.511668927310101,0.9999975613823484,0.0,10.053374980822163,-0.0,-0.1,0.17251926595542721,0.1026922308440458,0.1,0.17251926595542721,-0.1026922308440458,-0.2,0.0328260452282462,1.8472449151715893,0.2,0.0328260452282462,-1.8472449151715893,-0.4,0.01600246237839483,0.9808114240114153,0.4,0.01600246237839483,-0.9808114240114153,-0.30000000000000004,0.015598399363800886,0.48396590308092013,1.0410289557886205
201,1.012785676334012,0.0,10.47821320322808,0.9999977871281304,0.0,10.03190434831631,-0.0,-0.1,0.15117776831712865,-0.5110668069636701,0.1,0.15117776831712865,0.5110668069636701,-0.2,0.043855130393475966,1.0810227014010572,0.2,0.043855130393475966,-1.0810227014010572,-0.5,0.019649991671870204,-0.0,-0.4,0.01829653290934555,-0.18527810074395418,0.4,0.01829653290934555,0.18527810074395418,1.0392503836664448
202,1.0117285431651595,0.0,10.387245499598164,0.9999980687685301,0.0,10.0035854826924,-0.0,-0.1,0.12723357065532417,-1.2484641704871293,0.1,0.12723357065532417,1.2484641704871293,-0.2,0.03945580127506985,0.5102716142966262,0.2,0.03945580127506985,-0.5102716142966262,-0.30000000000000004,0.019705037993384848,0.9976899070168083,0.30000000000000004,0.019705037993384848,-0.9976899070168083,-0.4,0.010871197058204463,0.9435612982729774,1.0180804952819438
203,1.0115927777777778,0.0,10.353830132607282,0.9999991964597315,0.0,9.995728603563109,-0.0,-0.1,0.12496707283761514,-1.9364517607656961,0.1,0.12496707283761514,1.9364517607656961,-0.2,0.03282487438336207,-0.6291918963072977,0.2,0.03282487438336207,0.6291918963072977,-0.30000000000000004,0.01679637760758639,-0.4833391971590179,0.30000000000000004,0.01679637760758639,0.4833391971590179,-0.4,0.008924879387046092,-0.7762792306190748,0.9995552588684951
204,1.0161164712399593,0.0,10.40906210619005,0.999995292747146,0.0,10.007210509184475,-0.0,-0.1,0.12133631789043632,-2.476282039375296,0.1,0.12133631789043632,2.476282039375296,-0.2,0.04264673011908667,-1.726717108231771,0.2,0.04264673011908667,1.726717108231771,-0.30000000000000004,0.027485952524501887,-2.1729155728336003,0.30000000000000004,0.027485952524501887,2.1729155728336003,-0.4,0.01891359593752434,-2.8502244771669147,0.9753796683745561
205,1.027993276543155,0.0,10.45019358166616,0.9999865464787026,0.0,10.050825945218307,-0.0,-0.1,0.09109278466453465,-2.804552260234064,0.1,0.09109278466453465,2.804552260234064,-0.2,0.056065627380958355,-2.1068633935725356,0.2,0.056065627380958355,2.1068633935725356,-0.30000000000000004,0.03605264356082611,-2.564333055802356,0.30000000000000004,0.03605264356082611,2.564333055802356,-0.5,0.03294552523521421,-3.141592653589793,0.9728251605088445
206,1.03583424378952,0.0,10.416236917037914,0.9999804505204194,0.0,10.11075859676146,-0.0,-0.2,0.05747011009085601,-2.251554018656675,0.2,0.05747011009085601,2.251554018656675,-0.1,0.039815527298914154,-2.9118311801410135,0.1,0.039815527298914154,2.9118311801410135,-0.4,0.03763149526573232,-2.798607469586778,0.4,0.03763149526573232,2.798607469586778,-0.30000000000000004,0.03564405496544845,-2.4696988903871295,0.9862102972122081
207,1.0315472249284368,0.0,10.408028382337177,0.99999324031833,0.0,10.165870917474056,-0.0,-0.2,0.048510660526327326,-2.426297815526995,0.2,0.048510660526327326,2.426297815526995,-0.30000000000000004,0.03511370328527247,-2.5689202963154854,0.30000000000000004,0.03511370328527247,2.5689202963154854,-0.5,0.028125194404656106,-3.141592653589793,0.4,0.023391771417632545,3.084926223508663,-0.4,0.023391771417632545,-3.084926223508663,0.995877284994374
208,1.0297369010300044,0.0,10.404300363488062,0.9999985329358375,0.0,10.19996246932557,-0.0,-0.1,0.04527309680559374,-1.0118775456117226,0.1,0.04527309680559374,1.0118775456117226,-0.2,0.03191560079760084,-2.906761233640505,0.2,0.03191560079760084,2.906761233640505,-0.30000000000000004,0.019570874902145458,3.0636468539315342,0.30000000000000004,0.019570874902145458,-3.0636468539315342,-0.4,0.010818749151811045,-2.6360380819958733,1.0137408824301355
209,1.0168966481045416,0.0,10.39226688699567,0.9999998809984538,0.0,10.217501662561448,-0.0,-0.1,0.056563255783118785,-1.3741738422231413,0.1,0.056563255783118785,1.3741738422231413,-0.2,0.015408071674328722,2.387847140074995,0.2,0.015408071674328722,-2.387847140074995,-0.5,0.011572835789019464,-3.141592653589793,-0.4,0.00962486686515394,-3.0889061511673463,0.4,0.00962486686515394,3.0889061511673463,1.0186336980047483
210,0.9923946723494939,0.0,10.399059822818748,0.9999999620240573,0.0,10.215352852863155,-0.0,-0.1,0.05618300656727412,-2.040010851266788,0.1,0.05618300656727412,2.040010851266788,-0.2,0.017038416879587338,1.2176278850978521,0.2,0.017038416879587338,-1.2176278850978521,-0.5,0.01372164548731103,-0.0,-0.4,0.011771238787279554,0.6713915470630291,0.4,0.011771238787279554,-0.6713915470630291,1.0208483157844048
211,0.9789462513551831,0.0,10.465472981043773,0.9999936462661122,0.0,10.18662643526206,-0.0,-0.1,0.0737654103839545,-3.0230637728617653,0.1,0.0737654103839545,3.0230637728617653,-0.2,0.02787361376583653,1.2741260868991227,0.2,0.02787361376583653,-1.2741260868991227,-0.30000000000000004,0.02736476606749621,1.269372966349663,0.30000000000000004,0.02736476606749621,-1.269372966349663,-0.4,0.02083896534713999,0.2692630375454116,1.0092763912031313
212,0.9722068537741718,0.0,10.533872056366597,0.9999957359231311,0.0,10.15278701028323,-0.0,-0.1,0.10744194978355781,2.5945504244130695,0.1,0.10744194978355781,-2.5945504244130695,-0.2,0.037021124816442486,1.0811240520830319,0.2,0.037021124816442486,-1.0811240520830319,-0.30000000000000004,0.0366621220091614,0.46322229397259446,0.30000000000000004,0.0366621220091614,-0.46322229397259446,-0.5,0.018834652865042933,-0.0,1.008851838882808
213,0.9625497369774155,0.0,10.54900795280037,0.9999938711457627,0.0,10.113265320892243,-0.0,-0.1,0.14268483612533242,2.1108130071195546,0.1,0.14268483612533242,-2.1108130071195546,-0.2,0.03944861449777844,0.9090981062137113,0.2,0.03944861449777844,-0.9090981062137113,-0.4,0.025394347067980532,0.4861563469880952,0.4,0.025394347067980532,-0.4861563469880952,-0.5,0.020687036525944613,-0.0,1.0080612528411204
214,0.9406261860808309,0.0,10.581941686626077,0.9999837017920845,0.0,10.064222280091881,-0.0,-0.1,0.17308933990205164,1.7279727500501372,0.1,0.17308933990205164,-1.7279727500501372,-0.2,0.039797682909579024,0.9870393142693534,0.2,0.039797682909579024,-0.9870393142693534,-0.30000000000000004,0.031413659889777075,1.2142288821176643,0.30000000000000004,0.031413659889777075,-1.2142288821176643,-0.4,0.029118041131380137,0.20862536547037855,1.0104322046677197
215,0.9330663572412793,0.0,10.702741288818265,0.9999552723556574,0.0,9.988731994932753,-0.0,-0.1,0.19937232205769903,1.4829426702335247,0.1,0.19937232205769903,-1.4829426702335247,-0.30000000000000004,0.07092293590998179,0.8286208268888277,0.30000000000000004,0.07092293590998179,-0.8286208268888277,-0.2,0.06301492189488944,1.3299218162205992,0.2,0.06301492189488944,-1.3299218162205992,-0.4,0.04738893416037295,0.5007109061697391,1.019122694421676
216,0.9445523261774851,0.0,10.71998866536387,0.9999423729820812,0.0,9.893805075630876,-0.0,-0.1,0.21316500031155752,1.3142400066754374,0.1,0.21316500031155752,-1.3142400066754374,-0.2,0.10063823326088268,1.2313211794667902,0.2,0.10063823326088268,-1.2313211794667902,-0.30000000000000004,0.07028720537461326,0.41809997597848897,0.30000000000000004,0.07028720537461326,-0.41809997597848897,-0.4,0.0580027118388879,0.22528977320195198,1.0254012850046765
217,0.9695456907175145,0.0,10.565876624936665,0.9999714145009926,0.0,9.802523158018843,-0.0,-0.1,0.20951532724378708,1.1209334819224304,0.1,0.20951532724378708,-1.1209334819224304,-0.2,0.11109639399839494,0.8610106598920155,0.2,0.11109639399839494,-0.8610106598920155,-0.5,0.04348927919487,-0.0,-0.30000000000000004,0.039320372619293796,0.4444543315100345,0.30000000000000004,0.039320372619293796,-0.4444543315100345,1.0244021657686295
218,1.0037208521590735,0.0,10.383099433220675,0.9999880808610631,0.0,9.74052162380792,-0.0,-0.1,0.1909016248225899,0.7894226273756887,0.1,0.1909016248225899,-0.7894226273756887,-0.2,0.08490574146547576,0.19140023370617384,0.2,0.08490574146547576,-0.19140023370617384,-0.30000000000000004,0.03143478889482063,0.6887827313510833,0.30000000000000004,0.03143478889482063,-0.6887827313510833,-0.4,0.02809349904698158,0.2666672316593667,1.0251756235110256
219,1.0263394003040531,0.0,10.228393629027561,0.9999988144301248,0.0,9.71450557493699,-0.0,-0.1,0.17356522821551218,0.2677213538449808,0.1,0.17356522821551218,-0.2677213538449808,-0.2,0.05957071884759937,-0.9820610388664597,0.2,0.05957071884759937,0.9820610388664597,-0.30000000000000004,0.020056183054734417,-0.22690567518603316,0.30000000000000004,0.020056183054734417,0.22690567518603316,-0.5,0.007503793854879426,-0.0,1.0162018278403309
220,1.0380063421451995,0.0,10.295516790275704,0.9999955457700024,0.0,9.723948327136501,-0.0,-0.1,0.1826886716711314,-0.37427078343388454,0.1,0.1826886716711314,0.37427078343388454,-0.2,0.06528837808466603,-2.118124342171519,0.2,0.06528837808466603,2.118124342171519,-0.30000000000000004,0.029333908786607972,-2.039380759946191,0.30000000000000004,0.029333908786607972,2.039380759946191,-0.5,0.016946546054390943,-3.141592653589793,0.9952636788142348
221,1.049341089925233,0.0,10.449573303378934,0.9999811187775408,0.0,9.769559996932205,-0.0,-0.1,0.22575953980043062,-0.9286586708451524,0.1,0.22575953980043062,0.9286586708451524,-0.2,0.0569521001606471,-2.6216884315944107,0.2,0.0569521001606471,2.6216884315944107,-0.30000000000000004,0.041621939502312216,-2.5649672448678054,0.30000000000000004,0.041621939502312216,2.5649672448678054,-0.4,0.03134614751994989,-2.584514426422598,0.9844734356950782
222,1.0478853601567517,0.0,10.60716663388925,0.9999744256526458,0.0,9.839954835502256,-0.0,-0.1,0.2737862004704436,-1.3495907867405104,0.1,0.2737862004704436,1.3495907867405104,-0.4,0.04681947021581793,-2.875093169546512,0.4,0.04681947021581793,2.875093169546512,0.30000000000000004,0.04213537109286794,2.453676462214794,-0.30000000000000004,0.04213537109286794,-2.453676462214794,-0.5,0.041729714828735,-3.141592653589793,0.9762927287873032
223,1.0331584913480778,0.0,10.774846123394282,0.999978013521423,0.0,9.915633341884837,-0.0,-0.1,0.2996300789387689,-1.7289259078420511,0.1,0.2996300789387689,1.7289259078420511,-0.2,0.062251859548714185,-1.7355210218295316,0.2,0.062251859548714185,1.7355210218295316,-0.30000000000000004,0.05075005649031676,-2.4402002747808327,0.30000000000000004,0.05075005649031676,2.4402002747808327,-0.5,0.033948791553845226,-3.141592653589793,0.9689361551633303
224,1.010023859649123,0.0,10.882983777864656,0.9999709462855179,0.0,9.986242096255499,-0.0,-0.1,0.2968176055106752,-2.120110199593761,0.1,0.2968176055106752,2.120110199593761,-0.2,0.08613551385641453,-2.0503146821049496,0.2,0.08613551385641453,2.0503146821049496,-0.30000000000000004,0.045674171847466916,-2.684435743651872,0.30000000000000004,0.045674171847466916,2.684435743651872,-0.4,0.0394870991800434,-2.7162256279058776,0.9478890122333063
225,0.9917888337642372,0.0,10.863250948113171,0.9999774330518394,0.0,10.05563976982379,-0.0,-0.1,0.26722225950439915,-2.5250826045350174,0.1,0.26722225950439915,2.5250826045350174,-0.2,0.08197442039573156,-2.457228286707922,0.2,0.08197442039573156,2.457228286707922,-0.4,0.037189186509865566,-2.966817042755147,0.4,0.037189186509865566,2.966817042755147,-0.30000000000000004,0.034839445469390024,-2.502051884960636,0.9391355406383928
226,0.9821832855845153,0.0,10.762552011440574,0.9999896449911372,0.0,10.114362246346747,-0.0,-0.1,0.22192317671756923,-2.9998043262321556,0.1,0.22192317671756923,2.9998043262321556,-0.2,0.05204382078419719,-2.919660100819063,0.2,0.05204382078419719,2.919660100819063,-0.30000000000000004,0.03713550215940605,-2.479251738470684,0.30000000000000004,0.03713550215940605,2.479251738470684,-0.5,0.0259847657714829,-3.141592653589793,0.9488883651302842
227,0.9799332681154356,0.0,10.623020395257514,0.9999957392121779,0.0,10.151993205753778,-0.0,-0.1,0.18474639875744578,2.683850591842785,0.1,0.18474639875744578,-2.683850591842785,-0.30000000000000004,0.02431483774193517,-3.1053107467838954,0.30000000000000004,0.02431483774193517,3.1053107467838954,-0.4,0.017737466655778137,-2.9659736865562425,0.4,0.017737466655778137,2.9659736865562425,-0.2,0.01742978319341979,2.6021128995596983,0.9722057437215873
228,1.0042713302677275,0.0,10.569063301520842,0.9999994070522608,0.0,10.162380783151699,-0.0,-0.1,0.1754882461358261,2.0293705323568583,0.1,0.1754882461358261,-2.0293705323568583,-0.30000000000000004,0.013939190237291317,1.3199538483995517,0.30000000000000004,0.013939190237291317,-1.3199538483995517,-0.2,0.010050893128507061,0.7858168390904912,0.2,0.010050893128507061,-0.7858168390904912,-0.4,0.007725859365893731,1.0410649586786673,1.0032046016675376
229,1.0101392163928555,0.0,10.570506212435024,0.9999993462554374,0.0,10.162931261260354,-0.0,-0.1,0.17524526111210287,1.3982353441550475,0.1,0.17524526111210287,-1.3982353441550475,-0.30000000000000004,0.014085927230424792,-0.6028677354728472,0.30000000000000004,0.014085927230424792,0.6028677354728472,-0.2,0.010447236870930604,-0.5081028043036124,0.2,0.010447236870930604,0.5081028043036124,-0.4,0.00801810074775212,-1.5314887227318814,1.0264888006212498
230,1.0143768055671452,0.0,10.565154694788323,0.9999985272649113,0.0,10.146731077349155,-0.0,-0.1,0.17320046122965768,0.8621928639519149,0.1,0.17320046122965768,-0.8621928639519149,-0.5,0.018009278257477668,-0.0,0.4,0.017791200870438516,-1.0954531639780551,-0.4,0.017791200870438516,1.0954531639780551,0.30000000000000004,0.009215507490748415,-2.3051285889309963,-0.30000000000000004,0.009215507490748415,2.3051285889309963,1.0394102677414305
231,1.011757707060662,0.0,10.586237597929374,0.999994912007479,0.0,10.123101540771101,-0.0,-0.1,0.15883947329363862,0.3470678752761182,0.1,0.15883947329363862,-0.3470678752761182,-0.2,0.03107981340297205,1.7182922097633802,0.2,0.03107981340297205,-1.7182922097633802,-0.30000000000000004,0.03057967372654509,1.031034781099266,0.30000000000000004,0.03057967372654509,-1.031034781099266,-0.4,0.02213813631196098,-0.16766128786890658,1.0465962931323123
232,1.0015011158801919,0.0,10.538439491754222,0.9999948526925659,0.0,10.08551815790653,-0.0,-0.1,0.12415691674827066,-0.17810390462830902,0.1,0.12415691674827066,0.17810390462830902,-0.2,0.05217080380381263,1.2548085319913787,0.2,0.05217080380381263,-1.2548085319913787,-0.30000000000000004,0.03415138409976596,0.380744574365257,0.30000000000000004,0.03415138409976596,-0.380744574365257,-0.5,0.03196312454399397,-0.0,1.0457703347771314
233,0.990935649122807,0.0,10.40819273535161,0.9999942019034845,0.0,10.039133913629971,-0.0,-0.1,0.07893532196912029,-0.910717001265335,0.1,0.07893532196912029,0.910717001265335,-0.2,0.05804562262200343,0.8607713433508666,0.2,0.05804562262200343,-0.8607713433508666,-0.4,0.03784638676108677,0.2987128386537318,0.4,0.03784638676108677,-0.2987128386537318,-0.30000000000000004,0.019404159017218123,0.5437267924420154,1.0300557973481028
234,0.985996255887599,0.0,10.29353286250343,0.9999967848126063,0.0,9.9969110714047,-0.0,-0.1,0.06265982571229751,-2.100347630111129,0.1,0.06265982571229751,2.100347630111129,-0.2,0.04423657679807967,0.4134630994809257,0.2,0.04423657679807967,-0.4134630994809257,-0.5,0.02780172249270496,-0.0,-0.30000000000000004,0.02751363179263507,0.8831659939394335,0.30000000000000004,0.02751363179263507,-0.8831659939394335,1.0077352242349074
235,0.9853803618582401,0.0,10.234817000379103,0.9999979657934847,0.0,9.972883467643177,-0.0,-0.1,0.07761855899984878,-2.9991116679811376,0.1,0.07761855899984878,2.9991116679811376,-0.2,0.024239083256604156,-0.43353567965560863,0.2,0.024239083256604156,0.43353567965560863,-0.30000000000000004,0.02225156127410975,-0.014690743263017425,0.30000000000000004,0.02225156127410975,0.014690743263017425,-0.4,0.01371512567480011,1.0372197624895998,0.9914686724201838
236,0.986417242282065,0.0,10.21515767832163,0.9999975494732974,0.0,9.96647499573718,-0.0,-0.1,0.08396702346102192,2.644917318760811,0.1,0.08396702346102192,-2.644917318760811,-0.2,0.018619131789581887,-1.8352682769322053,0.2,0.018619131789581887,1.8352682769322053,-0.30000000000000004,0.015844060574481407,-1.9055881445037917,0.30000000000000004,0.015844060574481407,1.9055881445037917,-0.4,0.011822250934280534,-0.990478651679884,0.9805168247587858
237,0.9997095363325041,0.0,10.2117867587775,0.9999957717039706,0.0,9.970708952434729,-0.0,-0.1,0.08027000672587897,1.99146218906836,0.1,0.08027000672587897,-1.99146218906836,-0.2,0.017982904008072564,-2.862645054721878,0.2,0.017982904008072564,2.862645054721878,-0.30000000000000004,0.014995910642582717,2.762572467286181,0.30000000000000004,0.014995910642582717,-2.762572467286181,-0.4,0.014580163589702433,3.024736434815794,0.9828229956501596
238,1.010666446110866,0.0,10.172101743204665,0.9999994045715331,0.0,9.990485220651797,-0.0,-0.1,0.07441675401598526,1.1181178400844674,0.1,0.07441675401598526,-1.1181178400844674,-0.30000000000000004,0.008058995113302507,-1.1255326992506873,0.30000000000000004,0.008058995113302507,1.1255326992506873,-0.4,0.0055616933202202205,-2.202657585768968,0.4,0.0055616933202202205,2.202657585768968,-0.2,0.005541637653852915,-2.3617300227016242,1.0052013184124673
239,1.0162020440236705,0.0,10.191776232277913,0.9999997770512409,0.0,9.996880336494936,-0.0,-0.1,0.07742769768584735,0.4154551984852454,0.1,0.07742769768584735,-0.4154551984852454,-0.30000000000000004,0.012257221938487889,-2.5202101480426053,0.30000000000000004,0.012257221938487889,2.5202101480426053,-0.4,0.005460220848720592,2.805127897490842,0.4,0.005460220848720592,-2.805127897490842,-0.2,0.004605614836864742,-2.2652494314248526,1.0105374992564449
240,1.0119004547934474,0.0,10.199688899667771,0.9999999185471464,0.0,10.00294316412575,-0.0,-0.1,0.08301085105834444,-0.24234563269474269,0.1,0.08301085105834444,0.24234563269474269,-0.30000000000000004,0.008133430044788378,2.3268965023060884,0.30000000000000004,0.008133430044788378,-2.3268965023060884,-0.5,0.005027432670016374,-3.141592653589793,-0.2,0.004714870332869772,-2.105603614996555,0.2,0.004714870332869772,2.105603614996555,1.0143119277276296
241,1.0075740098960098,0.0,10.201871713777843,0.9999998280126086,0.0,10.000466813352052,-0.0,-0.1,0.08060905547441127,-0.8780365480793488,0.1,0.08060905547441127,0.8780365480793488,-0.30000000000000004,0.009996117431728893,0.6231599089865242,0.30000000000000004,0.009996117431728893,-0.6231599089865242,-0.5,0.007503783443714163,-0.0,-0.2,0.006345385584897179,2.5785254014558845,0.2,0.006345385584897179,-2.5785254014558845,1.0116437543900394
242,1.0122233535788705,0.0,10.191246212995713,0.9999996761980946,0.0,9.996283116187401,-0.0,-0.1,0.07800354237641206,-1.5476379807415717,0.1,0.07800354237641206,1.5476379807415717,-0.2,0.010132372714952967,1.544113799985691,0.2,0.010132372714952967,-1.544113799985691,-0.30000000000000004,0.007036022536893071,-0.9074066346236055,0.30000000000000004,0.007036022536893071,0.9074066346236055,-0.4,0.004619221551793691,-0.044017989755282545,1.0013716497870218
243,1.016311384093103,0.0,10.242681208220548,0.999997222079456,0.0,10.007005353886079,-0.0,-0.1,0.07898261549643948,-2.0398183795553004,0.1,0.07898261549643948,2.0398183795553004,-0.30000000000000004,0.01604322010632792,-2.2377813295343008,0.30000000000000004,0.01604322010632792,2.2377813295343008,-0.4,0.015338331787967396,-2.5265264859595598,0.4,0.015338331787967396,2.5265264859595598,-0.2,0.014947519552999217,-0.5121130213892318,0.9903728724965617
244,1.0567792088158283,0.0,10.310843278626285,0.9999951638746324,0.0,10.032381088856374,-0.0,-0.1,0.0712059689422657,-2.3446372022491992,0.1,0.0712059689422657,2.3446372022491992,-0.2,0.039097873876206425,-1.4450903549467973,0.2,0.039097873876206425,1.4450903549467973,-0.30000000000000004,0.019940460291142978,-2.569257222024355,0.30000000000000004,0.019940460291142978,2.569257222024355,-0.5,0.01797358355067935,-3.141592653589793,0.9891155953021522
245,1.0838575301971023,0.0,10.548911061072557,0.9999429665817565,0.0,10.103164041784604,-0.0,-0.2,0.08504594301773868,-1.7302437987309267,0.2,0.08504594301773868,1.7302437987309267,-0.4,0.05518764774987139,-2.520376408167476,0.4,0.05518764774987139,2.520376408167476,-0.1,0.055095322318238285,-1.8077135423407913,0.1,0.055095322318238285,1.8077135423407913,-0.30000000000000004,0.055089193116255986,-2.082273576622348,0.9933577273603748
246,1.0999184646962155,0.0,10.877207636192475,0.9999424827549425,0.0,10.201641210123467,-0.0,-0.2,0.11946169104659075,-2.0360743833799133,0.2,0.11946169104659075,2.0360743833799133,-0.1,0.1009275933266143,-1.1876749214475593,0.1,0.1009275933266143,1.1876749214475593,-0.30000000000000004,0.08615009512054085,-2.4764714026058856,0.30000000000000004,0.08615009512054085,2.4764714026058856,-0.4,0.062487667081517005,-3.053151176251631,0.9972083662136081
247,1.09494828707069,0.0,11.123767936863127,0.9999500949338292,0.0,10.315142432537618,-0.0,-0.1,0.17785771305434253,-1.182588659338768,0.1,0.17785771305434253,1.182588659338768,-0.2,0.12241940736341943,-2.3161242435361387,0.2,0.12241940736341943,2.3161242435361387,-0.30000000000000004,0.07011892001857395,-2.745585803719508,0.30000000000000004,0.07011892001857395,2.745585803719508,-0.5,0.0678334234528375,-3.141592653589793,1.0086520522925368
248,1.0753521159285344,0.0,11.20881600710312,0.9999777375277612,0.0,10.410381183275803,-0.0,-0.1,0.2313602959769392,-1.420012413085934,0.1,0.2313602959769392,1.420012413085934,-0.2,0.09078693455603491,-2.6925078947757366,0.2,0.09078693455603491,2.6925078947757366,-0.4,0.056670116015049676,-2.9832393425446693,0.4,0.056670116015049676,2.9832393425446693,-0.30000000000000004,0.04080013073127139,-2.6096763438154653,1.0169232839582
249,1.0806830493590436,0.0,11.16921015164233,0.9999971603977658,0.0,10.475066853093471,-0.0,-0.1,0.24941514078315,-1.7890281298800232,0.1,0.24941514078315,1.7890281298800232,-0.2,0.04296366035373828,3.046422979395448,0.2,0.04296366035373828,-3.046422979395448,-0.5,0.03728034253231982,-3.141592653589793,-0.30000000000000004,0.03605267687138197,-2.496304504322854,0.30000000000000004,0.03605267687138197,2.496304504322854,1.0186642548145055
250,1.0654733792744429,0.0,11.242122565479859,0.9999912226920398,0.0,10.539547858428843,-0.0,-0.1,0.24372495556510096,-2.1560953101208478,0.1,0.24372495556510096,2.1560953101208478,-0.4,0.05221226221412875,-2.4730131873223766,0.4,0.05221226221412875,2.4730131873223766,0.30000000000000004,0.04174980434475162,2.4310556299230237,-0.30000000000000004,0.04174980434475162,-2.4310556299230237,-0.5,0.027200662803053,-3.141592653589793,1.0097820243162023
251,1.0554905663220575,0.0,11.269305767298038,0.9999830687830916,0.0,10.59312078290984,-0.0,-0.1,0.21873546592813534,-2.578815218271403,0.1,0.21873546592813534,2.578815218271403,-0.2,0.06703008509850053,-1.5500655015358844,0.2,0.06703008509850053,1.5500655015358844,-0.30000000000000004,0.034961075068485496,-2.7778541231889675,0.30000000000000004,0.034961075068485496,2.7778541231889675,-0.4,0.03473173219795347,2.570420724752602,1.013133105506254
252,1.0857053051573027,0.0,11.24204440394163,0.9999931684442459,0.0,10.641037339335888,-0.0,-0.1,0.18003318627704337,-3.064649010675356,0.1,0.18003318627704337,3.064649010675356,-0.2,0.08319968622131127,-2.1931220163957184,0.2,0.08319968622131127,2.1931220163957184,-0.4,0.02649851243046463,-1.7257745609687427,0.4,0.02649851243046463,1.7257745609687427,-0.5,0.02154429474810371,-3.141592653589793,1.0155312865025676
253,1.0721440939253137,0.0,11.278758889040546,0.9999472947840589,0.0,10.71451929091432,-0.0,-0.1,0.1069179502032972,2.6430715894391845,0.1,0.1069179502032972,-2.6430715894391845,-0.4,0.0741663391600668,-2.8740526985324477,0.4,0.0741663391600668,2.8740526985324477,-0.2,0.07207037750983536,-2.4734440850748074,0.2,0.07207037750983536,2.4734440850748074,-0.30000000000000004,0.057930264379828955,-2.069905839962936,1.02427794638627
254,1.0418273980713477,0.0,11.128482367883397,0.9999944326622242,0.0,10.77035200074653,-0.0,-0.1,0.0637400534433193,1.5826158140217275,0.1,0.0637400534433193,-1.5826158140217275,-0.30000000000000004,0.05811154831165391,-2.950949630464762,0.30000000000000004,0.05811154831165391,2.950949630464762,-0.2,0.044656167866664646,-2.8440136473837767,0.2,0.044656167866664646,2.8440136473837767,-0.4,0.02511482789358965,1.524068431890078,1.0570514005153577
255,0.9967844512961034,0.0,11.179228907533986,0.9999898499137039,0.0,10.75540019000205,-0.0,-0.30000000000000004,0.07284758737929975,1.4083777946037572,0.30000000000000004,0.07284758737929975,-1.4083777946037572,-0.1,0.0656420533366056,1.1840759524273212,0.1,0.0656420533366056,-1.1840759524273212,-0.2,0.05911361912678548,2.108304726504016,0.2,0.05911361912678548,-2.108304726504016,-0.4,0.02862219784655414,-0.44022856808023225,1.0793835244341838
256,0.9306354118198965,0.0,11.374583239603773,0.9999316608225145,0.0,10.66832711110105,-0.0,-0.2,0.12785480552365,1.476543720658964,0.2,0.12785480552365,-1.476543720658964,-0.30000000000000004,0.1041012824395349,0.49436521290307306,0.30000000000000004,0.1041012824395349,-0.49436521290307306,-0.1,0.0870588687108582,1.7402343931480435,0.1,0.0870588687108582,-1.7402343931480435,-0.5,0.06822621515463556,-0.0,1.0914532231878835
257,0.9088631102289312,0.0,11.680659906633496,0.9998466642392517,0.0,10.499044058224731,-0.0,-0.1,0.20299348276633708,2.07681458705986,0.1,0.20299348276633708,-2.07681458705986,-0.2,0.20231089974554564,1.2044746635631194,0.2,0.20231089974554564,-1.2044746635631194,-0.4,0.13497512283165758,0.28189894362361945,0.4,0.13497512283165758,-0.28189894362361945,-0.5,0.10105683772168383,-0.0,1.0807543588680577
258,0.9028337809626098,0.0,11.767848742221782,0.9999138937317112,0.0,10.312958881382972,-0.0,-0.1,0.3353388038708251,1.9552886546561468,0.1,0.3353388038708251,-1.9552886546561468,-0.2,0.2204274849140757,0.8556993141993081,0.2,0.2204274849140757,-0.8556993141993081,-0.30000000000000004,0.12916447207446755,0.7858954865074934,0.30000000000000004,0.12916447207446755,-0.7858954865074934,-0.5,0.08502833912007457,-0.0,1.0618063480689635
259,0.9162868636097173,0.0,11.688985764723798,0.9998195525036546,0.0,10.140440546417048,-0.0,-0.1,0.43082944104231413,1.7072679097448171,0.1,0.43082944104231413,-1.7072679097448171,-0.2,0.16876589588769897,0.4807567182161926,0.2,0.16876589588769897,-0.4807567182161926,-0.30000000000000004,0.12226386700515217,0.41251592919883345,0.30000000000000004,0.12226386700515217,-0.41251592919883345,-0.4,0.104826810436418,0.6016356895793503,1.063292012931414
260,0.9494194259573989,0.0,11.370917199984905,0.9998970890973411,0.0,9.976044360667721,-0.0,-0.1,0.48157224820825617,1.4239527512814414,0.1,0.48157224820825617,-1.4239527512814414,-0.4,0.09798167274121505,-0.022116524131958956,0.4,0.09798167274121505,0.022116524131958956,-0.2,0.07942940375738276,0.5010801647815218,0.2,0.07942940375738276,-0.5010801647815218,-0.5,0.0769061899034762,-0.0,1.0529119189697296
261,0.9826141472033693,0.0,11.103486799383171,0.9999931998696887,0.0,9.85999040735068,-0.0,-0.1,0.4785661717784805,1.0378904708194407,0.1,0.4785661717784805,-1.0378904708194407,-0.30000000000000004,0.06354296228297769,0.6793805686722991,0.30000000000000004,0.06354296228297769,-0.6793805686722991,-0.2,0.06006518024800427,1.1966374105048372,0.2,0.06006518024800427,-1.1966374105048372,-0.5,0.03914776341356685,-0.0,1.0528172597067031
262,1.0200211770488647,0.0,10.998196443646536,0.999965895782767,0.0,9.78711398823199,-0.0,-0.1,0.44598168915449293,0.5507886938745585,0.1,0.44598168915449293,-0.5507886938745585,-0.2,0.07562443969720797,1.0529166462320556,0.2,0.07562443969720797,-1.0529166462320556,-0.4,0.06078594842093112,0.4230548819674323,0.4,0.06078594842093112,-0.4230548819674323,-0.30000000000000004,0.04629830086928191,0.21676898637366454,1.0778109592971923
263,1.0440982273779704,0.0,10.733439234963143,0.9999890716750015,0.0,9.721429860123553,-0.0,-0.1,0.3915235267095625,0.010385011822041082,0.1,0.3915235267095625,-0.010385011822041082,-0.2,0.07152217345595197,0.7201635763985146,0.2,0.07152217345595197,-0.7201635763985146,-0.5,0.03195547240331731,-0.0,-0.4,0.02698125105262195,-0.5525110835615132,0.4,0.02698125105262195,0.5525110835615132,1.0689849675428014
264,1.057921410700223,0.0,10.583760523046987,0.9999974361215529,0.0,9.693383993576209,-0.0,-0.1,0.3634792891886172,-0.6171322312840856,0.1,0.3634792891886172,0.6171322312840856,-0.2,0.05372456097406548,-0.18499829097683929,0.2,0.05372456097406548,0.18499829097683929,-0.30000000000000004,0.0204624973598854,0.32767740905339793,0.30000000000000004,0.0204624973598854,-0.32767740905339793,-0.4,0.015043834425641606,1.8547223008459637,1.042639776457475
265,1.0754568743197015,0.0,10.692979365481037,0.9999947325478651,0.0,9.709478006205085,-0.0,-0.1,0.3767197692589255,-1.2207253959992483,0.1,0.3767197692589255,1.2207253959992483,-0.2,0.06960693668490214,-1.399092121111696,0.2,0.06960693668490214,1.399092121111696,-0.30000000000000004,0.03607399871223919,-1.701363727984299,0.30000000000000004,0.03607399871223919,1.701363727984299,-0.4,0.01869994996381859,-1.6308578541976833,0.9981151392141576
266,1.077269847171257,0.0,11.080279747725031,0.9998879112020345,0.0,9.788150429228683,-0.0,-0.1,0.41040994412802273,-1.6679905357438567,0.1,0.41040994412802273,1.6679905357438567,-0.2,0.11360371293234951,-1.904780137855317,0.2,0.11360371293234951,1.904780137855317,-0.30000000000000004,0.08216860310975886,-2.33531288094591,0.30000000000000004,0.08216860310975886,2.33531288094591,-0.4,0.07976479815608474,-2.7494803625126822,0.9446553097780989
267,1.0879756294921223,0.0,11.381005530901785,0.9998739842045268,0.0,9.934784864580042,-0.0,-0.1,0.42220616986378834,-1.9433604827438795,0.1,0.42220616986378834,1.9433604827438795,-0.2,0.15325150812103394,-2.0324948141976025,0.2,0.15325150812103394,2.0324948141976025,-0.30000000000000004,0.10757944562571749,-2.4688096445714454,0.30000000000000004,0.10757944562571749,2.4688096445714454,-0.5,0.08014641910066356,-3.141592653589793,0.924245681581371
268,1.0699377990166388,0.0,11.591106871432773,0.9997997468508233,0.0,10.113897383843234,-0.0,-0.1,0.39406280255627896,-2.1345436926994124,0.1,0.39406280255627896,2.1345436926994124,-0.2,0.1763851049544521,-2.147914960718937,0.2,0.1763851049544521,2.147914960718937,-0.30000000000000004,0.11625275850324299,-2.499605158067289,0.30000000000000004,0.11625275850324299,2.499605158067289,-0.4,0.10380815556159094,-2.6895412125159366,0.9220684837384799
269,1.0466603510242838,0.0,11.570411175772731,0.9998855484104517,0.0,10.281001401897264,-0.0,-0.1,0.3359091084484554,-2.3288779214386444,0.1,0.3359091084484554,2.3288779214386444,-0.2,0.16392690704603854,-2.3803869624062064,0.2,0.16392690704603854,2.3803869624062064,-0.30000000000000004,0.10159292665564972,-2.6398248266584377,0.30000000000000004,0.10159292665564972,2.6398248266584377,-0.4,0.08655188957518069,-3.0646986058646775,0.9317302692172109
270,1.01367238047976,0.0,11.356617620063926,0.9999633991807294,0.0,10.41137488931183,-0.0,-0.1,0.26384336422018534,-2.5901960811096187,0.1,0.26384336422018534,2.5901960811096187,-0.2,0.11367856081113624,-2.7244209103101578,0.2,0.11367856081113624,2.7244209103101578,-0.30000000000000004,0.06398165558319291,-2.7540047584291347,0.30000000000000004,0.06398165558319291,2.7540047584291347,-0.5,0.06223556952306453,-3.141592653589793,0.9573329005001013
271,0.9791881408584514,0.0,11.109732697820432,0.9999944097833108,0.0,10.475627843834191,-0.0,-0.1,0.2118049326318871,-3.0589149616276963,0.1,0.2118049326318871,3.0589149616276963,-0.2,0.06079247855907969,2.744671736917148,0.2,0.06079247855907969,-2.744671736917148,-0.4,0.032106382616146435,3.0761842969083086,0.4,0.032106382616146435,-3.0761842969083086,-0.30000000000000004,0.024697266372013818,3.03200689136189,0.9852707976531513
272,0.9558120996919859,0.0,11.129729128992494,0.9999925342152834,0.0,10.472201837489273,-0.0,-0.1,0.21521942221347254,2.5946371946946747,0.1,0.21521942221347254,-2.5946371946946747,-0.2,0.0639658451123009,1.5087413794344848,0.2,0.0639658451123009,-1.5087413794344848,-0.4,0.03552576866773742,0.5692135190511707,0.4,0.03552576866773742,-0.5692135190511707,-0.30000000000000004,0.02810521951620017,1.1603833999957192,1.0183554733883162
273,0.9539905081352269,0.0,11.304409761690229,0.9999715756264221,0.0,10.407992760132394,-0.0,-0.1,0.27211802503557414,2.089349274874966,0.1,0.27211802503557414,-2.089349274874966,-0.2,0.0877782398417136,1.070549181070467,0.2,0.0877782398417136,-1.070549181070467,-0.30000000000000004,0.058929392895297666,0.8040158807610928,0.30000000000000004,0.058929392895297666,-0.8040158807610928,-0.5,0.05876568601266463,-0.0,1.036299923577733
274,0.9640840611353712,0.0,11.333312809040555,0.999966102883562,0.0,10.31788504088965,-0.0,-0.1,0.32630192895063914,1.703237018333521,0.1,0.32630192895063914,-1.703237018333521,-0.2,0.09075769931149952,0.8715125849232698,0.2,0.09075769931149952,-0.8715125849232698,-0.30000000000000004,0.06499009511306876,0.5451111477087793,0.30000000000000004,0.06499009511306876,-0.5451111477087793,-0.4,0.05132832140048991,0.5373736744195473,1.050377817077649
275,0.9788831234115695,0.0,11.257456305521913,0.9999503865821449,0.0,10.224047691324799,-0.0,-0.1,0.3512338140291634,1.3429411570767094,0.1,0.3512338140291634,-1.3429411570767094,-0.2,0.0779668594595413,0.785731508896232,0.2,0.0779668594595413,-0.785731508896232,-0.5,0.0624953163347719,-0.0,-0.4,0.05625597544246706,0.14237357245966667,0.4,0.05625597544246706,-0.14237357245966667,1.0666821055617002
276,0.9873384595484241,0.0,11.109815389337934,0.999971826890406,0.0,10.127473940416667,-0.0,-0.1,0.3425892735146228,0.9928042267555555,0.1,0.3425892735146228,-0.9928042267555555,-0.2,0.06899620334605491,0.9588115609019221,0.2,0.06899620334605491,-0.9588115609019221,-0.30000000000000004,0.05875580764637615,0.7986199405093201,0.30000000000000004,0.05875580764637615,-0.7986199405093201,-0.4,0.041658879907159066,0.4355144167499621,1.0700849882789611
277,0.988556653825046,0.0,10.979676758898265,0.9999399855737656,0.0,10.037542552793834,-0.0,-0.1,0.3029684894428005,0.6157376417096724,0.1,0.3029684894428005,-0.6157376417096724,-0.2,0.07562246793520583,1.041734550219033,0.2,0.07562246793520583,-1.041734550219033,-0.30000000000000004,0.06454966914947191,0.5462969113413173,0.30000000000000004,0.06454966914947191,-0.5462969113413173,-0.5,0.0558529530494738,-0.0,1.0774697092277763
278,0.9771855024539694,0.0,10.736154988139553,0.9999558451925986,0.0,9.938123577126758,-0.0,-0.1,0.22911988784464604,0.2407329083468916,0.1,0.22911988784464604,-0.2407329083468916,-0.2,0.08951846134651778,1.0676960708200465,0.2,0.08951846134651778,-1.0676960708200465,-0.30000000000000004,0.05553321020599659,0.60827978606102,0.30000000000000004,0.05553321020599659,-0.60827978606102,-0.4,0.04968829221847565,0.2910754406523236,1.0608213773751585
279,0.945775199173038,0.0,10.475437197748894,0.9999537691740541,0.0,9.845371280564088,-0.0,-0.1,0.14078974292133845,-0.22986505901917587,0.1,0.14078974292133845,0.22986505901917587,-0.2,0.09279019066048903,0.8780135138333668,0.2,0.09279019066048903,-0.8780135138333668,-0.30000000000000004,0.05685988803804126,0.6645148669673001,0.30000000000000004,0.05685988803804126,-0.6645148669673001,-0.5,0.04918627394506814,-0.0,1.0376779383913095
280,0.9391459133294414,0.0,10.209728687121217,0.9999507415611231,0.0,9.744486128712841,-0.0,-0.2,0.08264534995563266,0.841942757651749,0.2,0.08264534995563266,-0.841942757651749,-0.30000000000000004,0.06617716271736448,0.6982092289826504,0.30000000000000004,0.06617716271736448,-0.6982092289826504,-0.4,0.057949327578102436,0.3664082581286509,0.4,0.057949327578102436,-0.3664082581286509,-0.5,0.051698877906178,-0.0,1.0115859096813975
281,0.9556985837896537,0.0,10.085151338830487,0.9999853611924552,0.0,9.669959661562524,-0.0,-0.1,0.07961650435848713,-3.1348501816931513,0.1,0.07961650435848713,3.1348501816931513,-0.2,0.06465386529798699,0.6202672549279425,0.2,0.06465386529798699,-0.6202672549279425,-0.30000000000000004,0.04876388777539789,0.19653866343753373,0.30000000000000004,0.04876388777539789,-0.19653866343753373,-0.4,0.029123162404217886,-0.16527116952271023,0.9740327495587559
282,0.9839643585255522,0.0,10.007128957515791,0.9999994540401124,0.0,9.646470104493726,-0.0,-0.1,0.1031056491387547,2.5184805340190577,0.1,0.1031056491387547,-2.5184805340190577,-0.2,0.04754255059428339,-0.3450861401676964,0.2,0.04754255059428339,0.3450861401676964,-0.30000000000000004,0.026132260823884573,-1.5119749084114773,0.30000000000000004,0.026132260823884573,1.5119749084114773,-0.4,0.007097931908220305,3.028901960839943,0.9564511939677353
283,1.0053583492862723,0.0,10.095586937446408,0.9999904767613659,0.0,9.674622363327291,-0.0,-0.1,0.08190863823774878,1.688219006357913,0.1,0.08190863823774878,-1.688219006357913,-0.2,0.07464511635400864,-1.4737937548345563,0.2,0.07464511635400864,1.4737937548345563,-0.30000000000000004,0.039521419138688736,-2.6058730046560914,0.30000000000000004,0.039521419138688736,2.6058730046560914,-0.5,0.028814226658224307,-3.141592653589793,0.9573106228290034
284,1.0181081945606105,0.0,10.199020057581263,0.9999871310840865,0.0,9.725990204478338,-0.0,-0.2,0.0946217085001291,-2.15960898756989,0.2,0.0946217085001291,2.15960898756989,-0.1,0.09144312140670931,0.4680736104459149,0.1,0.09144312140670931,-0.4680736104459149,-0.4,0.0371349356929006,-2.8722944322416373,0.4,0.0371349356929006,2.8722944322416373,-0.30000000000000004,0.02663032190344714,-2.7445247358362836,0.9687952677808009
285,1.0285352601908204,0.0,10.314849185807153,0.9999910169998872,0.0,9.780014337903577,-0.0,-0.1,0.1417673837738665,-0.33303264620697204,0.1,0.1417673837738665,0.33303264620697204,-0.2,0.07870127616542363,-2.8087071265387165,0.2,0.07870127616542363,2.8087071265387165,-0.5,0.03147051893241848,-3.141592653589793,-0.30000000000000004,0.031213504546289562,-2.22118844961563,0.30000000000000004,0.031213504546289562,2.22118844961563,0.9829938705438696
286,1.0170901291073502,0.0,10.388087879530447,0.9999877490227125,0.0,9.829666474682828,-0.0,-0.1,0.18938826598914754,-0.8755393918447777,0.1,0.18938826598914754,0.8755393918447777,-0.30000000000000004,0.03953218320466956,-2.564422027374309,0.30000000000000004,0.03953218320466956,2.564422027374309,-0.2,0.03567758583711752,2.6899490177629186,0.2,0.03567758583711752,-2.6899490177629186,-0.4,0.029225334785750044,-2.6065095530832565,0.991670661372009
287,1.0217897432318497,0.0,10.36956954914668,0.9999961231493053,0.0,9.859418144241754,-0.0,-0.1,0.2096949075996232,-1.3946925470888516,0.1,0.2096949075996232,1.3946925470888516,-0.30000000000000004,0.021833628688422237,2.6721546785557355,0.30000000000000004,0.021833628688422237,-2.6721546785557355,-0.2,0.015747418332335044,0.4638570526198874,0.2,0.015747418332335044,-0.4638570526198874,-0.4,0.015599495664165765,2.499202291276397,0.9909626575044286
288,1.0262835930297804,0.0,10.491466574226651,0.9999941421779751,0.0,9.892651233648557,-0.0,-0.1,0.2179866808833501,-1.8723449184049024,0.1,0.2179866808833501,1.8723449184049024,-0.2,0.04783818675555197,-1.1088235445070458,0.2,0.04783818675555197,1.1088235445070458,-0.4,0.022751283802789835,-2.089961936396321,0.4,0.022751283802789835,2.089961936396321,-0.5,0.021663037694710674,-3.141592653589793,0.9761572447424771
289,1.0294981563796997,0.0,10.679901083563063,0.9999740023087432,0.0,9.94174932422437,-0.0,-0.1,0.20873765711369988,-2.2741299651734557,0.1,0.20873765711369988,2.2741299651734557,-0.2,0.08241888602941878,-1.8030012236883104,0.2,0.08241888602941878,1.8030012236883104,-0.30000000000000004,0.056589855985802476,-2.174182360511334,0.30000000000000004,0.056589855985802476,2.174182360511334,-0.4,0.04265896108085185,-2.9947125230894107,0.9527386675009428
290,1.0307335039454042,0.0,10.761515039581987,0.9999649482975155,0.0,10.025472281431032,-0.0,-0.1,0.16725752934108504,-2.510732827538913,0.1,0.16725752934108504,2.510732827538913,-0.2,0.1030850884872872,-2.148216295515752,0.2,0.1030850884872872,2.148216295515752,-0.30000000000000004,0.06953480908432454,-2.6193356426624512,0.30000000000000004,0.06953480908432454,2.6193356426624512,-0.5,0.05628790432556041,-3.141592653589793,0.9465984666463205
291,1.0227632254530221,0.0,10.681383625038041,0.9999665035449629,0.0,10.117059872046994,-0.0,-0.1,0.10781007361552186,-2.6141998158828414,0.1,0.10781007361552186,2.6141998158828414,-0.2,0.09331384740613666,-2.4392829856470115,0.2,0.09331384740613666,2.4392829856470115,-0.4,0.057670075052622345,-2.855549862391866,0.4,0.057670075052622345,2.855549862391866,-0.30000000000000004,0.04673576084248562,-2.7212801133068685,0.9634953472366554
292,1.0186150640795106,0.0,10.519083599615792,0.9999922387218682,0.0,10.184124513710362,-0.0,-0.2,0.06042294841674849,-2.896446906904109,0.2,0.06042294841674849,2.896446906904109,-0.1,0.060208390754200904,-2.647415923926933,0.1,0.060208390754200904,2.647415923926933,-0.5,0.03176495537296642,-3.141592653589793,-0.30000000000000004,0.030965726095282555,-2.5484236188653666,0.30000000000000004,0.030965726095282555,2.5484236188653666,0.9877764748453686
293,1.015562901946965,0.0,10.398659507352118,0.9999972169441217,0.0,10.21877521926432,-0.0,-0.1,0.03394699485464165,-2.77035524929384,0.1,0.03394699485464165,2.77035524929384,-0.2,0.028096323796659804,2.4340758479019025,0.2,0.028096323796659804,-2.4340758479019025,-0.30000000000000004,0.019497887497868967,-2.97742621110427,0.30000000000000004,0.019497887497868967,2.97742621110427,-0.4,0.016801875789456806,-2.1311642312034103,1.0065399404252187
294,1.0028705658026533,0.0,10.359357806333323,0.9999986115404597,0.0,10.228979771925012,-0.0,-0.1,0.02471638257157851,3.034852120023218,0.1,0.02471638257157851,-3.034852120023218,-0.2,0.021395069384059395,0.8622475611651585,0.2,0.021395069384059395,-0.8622475611651585,-0.4,0.014289133088068532,2.288419573975526,0.4,0.014289133088068532,-2.288419573975526,-0.30000000000000004,0.009576864320900555,1.5958374800471111,1.018864053875061
295,1.0021348312450646,0.0,10.40626462180329,0.9999949074755985,0.0,10.213742143167055,-0.0,-0.1,0.03990032667816814,2.4472308513141376,0.1,0.03990032667816814,-2.4472308513141376,-0.4,0.026883539275605862,0.21633084543519193,0.4,0.026883539275605862,-0.21633084543519193,-0.5,0.022556431237658714,-0.0,0.30000000000000004,0.018199157745514283,-0.702675190474694,-0.30000000000000004,0.018199157745514283,0.702675190474694,1.0255264778191744
296,1.0045164097457833,0.0,10.378432283162246,0.9999995366120513,0.0,10.187341714221299,-0.0,-0.1,0.062513942787326,2.092550269272282,0.1,0.062513942787326,-2.092550269272282,-0.30000000000000004,0.017172361989392343,0.5021655103543226,0.30000000000000004,0.017172361989392343,-0.5021655103543226,-0.2,0.012972846179371791,1.3804358961225753,0.2,0.012972846179371791,-1.3804358961225753,-0.4,0.005772267028765791,-0.9176146301409791,1.0163549392976883
297,1.0077306218740036,0.0,10.375630858591958,0.9999985616366553,0.0,10.174767994859733,-0.0,-0.1,0.06963915028466898,1.621409898634492,0.1,0.06963915028466898,-1.621409898634492,-0.2,0.016268544086122584,0.9854580066258664,0.2,0.016268544086122584,-0.9854580066258664,-0.4,0.010158876668586928,1.096470562452211,0.4,0.010158876668586928,-1.096470562452211,-0.5,0.008729721653468303,-0.0,1.0203707395322252
298,1.027648805381582,0.0,10.367768485061724,0.9999990215754293,0.0,10.160708873501887,-0.0,-0.1,0.07173796635463961,1.190090960514352,0.1,0.07173796635463961,-1.190090960514352,-0.2,0.01447742160981973,0.6720220574164288,0.2,0.01447742160981973,-0.6720220574164288,-0.4,0.013053518841174184,-0.1363948650639164,0.4,0.013053518841174184,0.1363948650639164,-0.30000000000000004,0.008521797948568511,1.8708791227881547,1.0260025568133142
299,1.0634763427259772,0.0,10.37476165407883,0.9999989114501728,0.0,10.162074085853689,-0.0,-0.1,0.07225636304796342,0.544230280105281,0.1,0.07225636304796342,-0.544230280105281,-0.2,0.015569005363385797,-0.6392339405413354,0.2,0.015569005363385797,0.6392339405413354,-0.4,0.014407247901373883,-2.6367840654289227,0.4,0.014407247901373883,2.6367840654289227,-0.30000000000000004,0.008222335599694212,-0.173366423479204,1.029357709599261
300,1.0756420055161862,0.0,10.608005598454708,0.999990284813443,0.0,10.196052272199966,-0.0,-0.1,0.1028414897193116,-0.25599832837217384,0.1,0.1028414897193116,0.25599832837217384,-0.2,0.04739222191369828,-1.4538990043008024,0.2,0.04739222191369828,1.4538990043008024,-0.30000000000000004,0.04210116434931208,-1.9186509880129794,0.30000000000000004,0.04210116434931208,1.9186509880129794,-0.5,0.027283574290098755,-3.141592653589793,1.0350100465856116
301,1.0715317936717874,0.0,10.796919561635194,0.9999913087943756,0.0,10.240960773770748,-0.0,-0.1,0.14672776842898103,-0.8067394829281559,0.1,0.14672776842898103,0.8067394829281559,-0.2,0.06898733266771578,-2.0075159080541845,0.2,0.06898733266771578,2.0075159080541845,-0.30000000000000004,0.050002711667099804,-2.7982941629779874,0.30000000000000004,0.050002711667099804,2.7982941629779874,-0.4,0.024523162336852988,-2.7994538047846254,1.026835896280547
302,1.0578660196900291,0.0,10.873542787765098,0.9999945996310363,0.0,10.289729341989514,-0.0,-0.1,0.18387182529929919,-1.242361333816252,0.1,0.18387182529929919,1.242361333816252,-0.2,0.06550983664096634,-2.5237631050337184,0.2,0.06550983664096634,2.5237631050337184,-0.5,0.031143640938083195,-3.141592653589793,-0.4,0.026953240478484807,-2.8234794128677856,0.4,0.026953240478484807,2.8234794128677856,1.0219204941723246
303,1.04810013415476,0.0,10.872064357806096,0.9999969737419891,0.0,10.328980297600033,-0.0,-0.1,0.2000135995650814,-1.6838427397729903,0.1,0.2000135995650814,1.6838427397729903,-0.2,0.04049951514593878,3.0988726934571758,0.2,0.04049951514593878,-3.0988726934571758,-0.30000000000000004,0.023007173333799688,-1.7278449256064865,0.30000000000000004,0.023007173333799688,1.7278449256064865,-0.4,0.016043484116423815,-3.066536486529702,1.0179734649561003
304,1.0253026817927244,0.0,10.89067587146617,0.9999987751327221,0.0,10.361517529807827,-0.0,-0.1,0.19898707600845664,-2.148967266749951,0.1,0.19898707600845664,2.148967266749951,-0.30000000000000004,0.03679452302310727,-2.5506338106519184,0.30000000000000004,0.03679452302310727,2.5506338106519184,-0.5,0.024429917535358392,-3.141592653589793,0.4,0.016582613029928386,2.5858857161321662,-0.4,0.016582613029928386,-2.5858857161321662,1.003031386657959
305,1.0085158100195186,0.0,10.861652772482707,0.99999860838438,0.0,10.383949645797898,-0.0,-0.1,0.18767070267013947,-2.677016566918294,0.1,0.18767070267013947,2.677016566918294,-0.2,0.023085206597528322,-0.8994314124326436,0.2,0.023085206597528322,0.8994314124326436,-0.30000000000000004,0.022050759930046588,2.4502041747855188,0.30000000000000004,0.022050759930046588,-2.4502041747855188,-0.4,0.012089788289379094,2.9609208200962103,1.003124351604045
306,0.9942543274871436,0.0,10.852933335381907,0.9999993501312293,0.0,10.390330624572352,-0.0,-0.1,0.18198849163719744,2.993560411495703,0.1,0.18198849163719744,-2.993560411495703,-0.2,0.027511976714271188,-1.9734566423537645,0.2,0.027511976714271188,1.9734566423537645,-0.30000000000000004,0.017611496893438456,0.33212550446043515,0.30000000000000004,0.017611496893438456,-0.33212550446043515,-0.5,0.008378780319741708,-3.141592653589793,1.0033691618291019
307,0.9822157032545177,0.0,10.866008429629971,0.9999995792959869,0.0,10.380068542313712,-0.0,-0.1,0.19214430131206992,2.3731192549740068,0.1,0.19214430131206992,-2.3731192549740068,-0.2,0.03291642601944195,2.762177974378123,0.2,0.03291642601944195,-2.762177974378123,-0.5,0.0186408625783816,-0.0,-0.30000000000000004,0.008588785037427413,-1.1526589955865711,0.30000000000000004,0.008588785037427413,1.1526589955865711,1.0068240629356073
308,0.9725553682187728,0.0,10.959623601830245,0.9999954373735654,0.0,10.354553623694226,-0.0,-0.1,0.21123455194808163,1.8288530154095919,0.1,0.21123455194808163,-1.8288530154095919,-0.2,0.057400026309170155,1.6709303042247154,0.2,0.057400026309170155,-1.6709303042247154,-0.30000000000000004,0.023383948139173136,1.5989327917453304,0.30000000000000004,0.023383948139173136,-1.5989327917453304,-0.4,0.02103292534316902,0.5588016114665655,1.0251780368201877
309,0.9646408224285862,0.0,11.098479636539611,0.9999715167863958,0.0,10.299460186531416,-0.0,-0.1,0.23150641707207184,1.432712892531371,0.1,0.23150641707207184,-1.432712892531371,-0.2,0.08344047174236029,1.131079168280114,0.2,0.08344047174236029,-1.131079168280114,-0.30000000000000004,0.060453145628812904,0.8596320802942005,0.30000000000000004,0.060453145628812904,-0.8596320802942005,-0.5,0.04821938112170354,-0.0,1.0561366963101535
310,0.960561774526812,0.0,11.088898257961079,0.9999367716011661,0.0,10.200624666234027,-0.0,-0.1,0.2388822992713677,1.2266328290000754,0.1,0.2388822992713677,-1.2266328290000754,-0.2,0.09853754647490573,1.011993859740059,0.2,0.09853754647490573,-1.011993859740059,-0.30000000000000004,0.07498793651857616,0.5996200350019701,0.30000000000000004,0.07498793651857616,-0.5996200350019701,-0.4,0.06345802719735177,0.42393949620418664,1.0647963479658773
311,0.9572906584401812,0.0,10.95001243871682,0.9999222931597572,0.0,10.085544435244651,-0.0,-0.1,0.22750169515194915,1.0946194560097076,0.1,0.22750169515194915,-1.0946194560097076,-0.2,0.10454242130043591,0.959012291492853,0.2,0.10454242130043591,-0.959012291492853,-0.30000000000000004,0.06795783937685561,0.5844388664837458,0.30000000000000004,0.06795783937685561,-0.5844388664837458,-0.5,0.06446409181368828,-0.0,1.0592015218911066
312,0.9650832269461752,0.0,10.770234934537926,0.9999457508474923,0.0,9.971303300013044,-0.0,-0.1,0.20243807275885722,0.9916871960252669,0.1,0.20243807275885722,-0.9916871960252669,-0.2,0.10129997466164761,0.8787128446141032,0.2,0.10129997466164761,-0.8787128446141032,-0.30000000000000004,0.06869726044147782,0.6793019363649273,0.30000000000000004,0.06869726044147782,-0.6793019363649273,-0.4,0.054061018800917585,0.3944860226056771,1.0478974333119675
313,0.9773637809698255,0.0,10.549550886581565,0.9999578236156617,0.0,9.878520507269192,-0.0,-0.1,0.1703848769690686,0.8365945043012104,0.1,0.1703848769690686,-0.8365945043012104,-0.2,0.08291356967456906,0.6604137403278744,0.2,0.08291356967456906,-0.6604137403278744,-0.30000000000000004,0.05839510940180937,0.42492327844682964,0.30000000000000004,0.05839510940180937,-0.42492327844682964,-0.4,0.04764326722148112,0.17705254910765197,1.0391097127463373
314,1.0030024757307632,0.0,10.264812794990618,0.9999867274154018,0.0,9.807784154084256,-0.0,-0.1,0.13373309283010046,0.6118030506724818,0.1,0.13373309283010046,-0.6118030506724818,-0.2,0.05113368336004596,0.4171367310927649,0.2,0.05113368336004596,-0.4171367310927649,-0.30000000000000004,0.02978224233353527,0.3153524601537343,0.30000000000000004,0.02978224233353527,-0.3153524601537343,-0.5,0.02773060385899928,-0.0,1.02045916694697
315,1.0233786141575274,0.0,10.111463987961445,0.999999109105383,0.0,9.785483948022296,-0.0,-0.1,0.11618595285634278,0.09394608481118248,0.1,0.11618595285634278,-0.09394608481118248,-0.2,0.032045642823184575,-0.5536895291210248,0.2,0.032045642823184575,0.5536895291210248,-0.30000000000000004,0.011021940693976958,-0.8912443901758251,0.30000000000000004,0.011021940693976958,0.8912443901758251,-0.4,0.007472967192138733,-1.201953536327076,1.0087894222110616
316,1.0208095928869119,0.0,10.218781263921853,0.9999953603831305,0.0,9.800346752160305,-0.0,-0.1,0.13099063697885296,-0.5450165315790032,0.1,0.13099063697885296,0.5450165315790032,-0.2,0.045366047045617586,-1.6371910142630053,0.2,0.045366047045617586,1.6371910142630053,-0.30000000000000004,0.023415504692120448,-2.2598183075129836,0.30000000000000004,0.023415504692120448,2.2598183075129836,-0.4,0.018890134328366472,-2.891202120767849,0.9970276740462442
317,1.0107082048361273,0.0,10.297725489804707,0.9999981362400714,0.0,9.826902017560073,-0.0,-0.1,0.15431388422404052,-1.084001338741099,0.1,0.15431388422404052,1.084001338741099,-0.2,0.05102357795198425,-2.3477915787047623,0.2,0.05102357795198425,2.3477915787047623,-0.30000000000000004,0.021512844416892725,-2.882486789711824,0.30000000000000004,0.021512844416892725,2.882486789711824,-0.5,0.017122859058797957,-3.141592653589793,0.9841015042788144
318,0.9879449489005587,0.0,10.318202805079482,0.9999981554259425,0.0,9.855394519141683,-0.0,-0.1,0.16952343237133188,-1.5632179537928341,0.1,0.16952343237133188,1.5632179537928341,-0.2,0.03710266844137652,-3.02498684766543,0.2,0.03710266844137652,3.02498684766543,-0.4,0.01909322089478445,-2.5690811078161233,0.4,0.01909322089478445,2.5690811078161233,-0.5,0.011369642522812029,-3.141592653589793,0.9740795502432039
319,0.9692890783798522,0.0,10.285555570410336,0.9999988914859069,0.0,9.870784099823469,-0.0,-0.1,0.17033665280824162,-2.101067692874304,0.1,0.17033665280824162,2.101067692874304,-0.2,0.021890937630274207,2.083442442011895,0.2,0.021890937630274207,-2.083442442011895,-0.4,0.010364630732561926,2.135481359859938,0.4,0.010364630732561926,-2.135481359859938,-0.30000000000000004,0.00958702824470983,-2.5110343724151343,0.9658171590528084
320,0.9536889095964488,0.0,10.275597067709274,0.9999995703567724,0.0,9.875432355774734,-0.0,-0.1,0.16803356875876357,-2.7055202127496174,0.1,0.16803356875876357,2.7055202127496174,-0.2,0.02002501338199219,0.6231167557263344,0.2,0.02002501338199219,-0.6231167557263344,-0.4,0.008801564855521134,-0.8402299449305923,0.4,0.008801564855521134,0.8402299449305923,-0.30000000000000004,0.006444417941986424,2.3264511458416326,0.9610665421958299
321,0.9515603762434748,0.0,10.279071397763325,0.9999990975432289,0.0,9.868559490844373,-0.0,-0.1,0.17428743246700373,2.9326895184416517,0.1,0.17428743246700373,-2.9326895184416517,-0.2,0.01499033344342364,-0.3626620677443713,0.2,0.01499033344342364,0.3626620677443713,-0.30000000000000004,0.012227596187720596,0.8629556590537037,0.30000000000000004,0.012227596187720596,-0.8629556590537037,-0.5,0.007501182722655209,-0.0,0.9578995414928242
322,0.954053696747026,0.0,10.273002487167023,0.9999990305065644,0.0,9.862829208647666,-0.0,-0.1,0.1798970577124202,2.310976958560988,0.1,0.1798970577124202,-2.310976958560988,-0.4,0.010568779854349524,0.03707282217043105,0.4,0.010568779854349524,-0.03707282217043105,-0.2,0.009844948133817952,-1.8272871553310763,0.2,0.009844948133817952,1.8272871553310763,-0.30000000000000004,0.009551707118181478,-0.5487273874048612,0.964445375844887
323,0.9598024721757116,0.0,10.2842204567954,0.9999999923301255,0.0,9.851799678448517,-0.0,-0.1,0.18751252872242585,1.7261018179828247,0.1,0.18751252872242585,-1.7261018179828247,-0.2,0.016542883239376437,2.498352319691159,0.2,0.016542883239376437,-2.498352319691159,-0.5,0.012800430725098622,-0.0,-0.30000000000000004,0.005754761849089712,2.303285195180255,0.30000000000000004,0.005754761849089712,-2.303285195180255,0.9772420049749525
324,0.9666405192324373,0.0,10.341608075240023,0.9999967966092876,0.0,9.834238369654402,-0.0,-0.1,0.1910185133110772,1.1887372526987945,0.1,0.1910185133110772,-1.1887372526987945,-0.2,0.0323570848008443,1.5732848311255752,0.2,0.0323570848008443,-1.5732848311255752,-0.30000000000000004,0.021833014478070442,1.059384894085296,0.30000000000000004,0.021833014478070442,-1.059384894085296,-0.4,0.01695248040563708,0.6307855011145054,1.0011573658126731
325,0.9793677178713258,0.0,10.35215838568546,0.9999872185907093,0.0,9.797876413156075,-0.0,-0.1,0.1806406044177167,0.7483031053164518,0.1,0.1806406044177167,-0.7483031053164518,-0.2,0.048734265100161316,1.1588703995141065,0.2,0.048734265100161316,-1.1588703995141065,-0.30000000000000004,0.03196557753215921,0.6185902968913924,0.30000000000000004,0.03196557753215921,-0.6185902968913924,-0.5,0.03160107842931037,-0.0,1.0185348888569108
326,0.9852867666141171,0.0,10.230601410955952,0.9999939787769471,0.0,9.753865516869876,-0.0,-0.1,0.15137877201028294,0.31911196027487215,0.1,0.15137877201028294,-0.31911196027487215,-0.2,0.05093631765131041,0.8159217928035633,0.2,0.05093631765131041,-0.8159217928035633,-0.30000000000000004,0.025816108670112796,0.45568652278721605,0.30000000000000004,0.025816108670112796,-0.45568652278721605,-0.4,0.020473497422662326,0.36963026106397623,1.0176595373435406
327,0.9925333802929629,0.0,10.088057826304722,0.9999940436081849,0.0,9.71834269059708,-0.0,-0.1,0.11817598305187069,-0.2147632780329499,0.1,0.11817598305187069,0.2147632780329499,-0.2,0.0371050535573637,0.3309070786423692,0.2,0.0371050535573637,-0.3309070786423692,-0.5,0.0231130084159048,-0.0,-0.4,0.018020027036634398,0.20536164071062243,0.4,0.018020027036634398,-0.20536164071062243,1.007784473819461
328,0.9988769157316782,0.0,9.965563159085502,0.9999997070009413,0.0,9.700167866053915,-0.0,-0.1,0.10049336471615543,-0.8816346856463368,0.1,0.10049336471615543,0.8816346856463368,-0.2,0.020773209525429097,-0.6374941444707114,0.2,0.020773209525429097,0.6374941444707114,-0.30000000000000004,0.008961980337838191,0.09387550990232002,0.30000000000000004,0.008961980337838191,-0.09387550990232002,-0.5,0.004938183872740254,-3.141592653589793,0.9874266525076206
329,0.9928872045514381,0.0,10.040709441556366,0.999997605460433,0.0,9.711099832885035,-0.0,-0.1,0.10777564676638202,-1.4315894271824663,0.1,0.10777564676638202,1.4315894271824663,-0.2,0.03026568664428821,-1.6774595026505212,0.2,0.03026568664428821,1.6774595026505212,-0.30000000000000004,0.019872251458809078,-1.8426692038307178,0.30000000000000004,0.019872251458809078,1.8426692038307178,-0.4,0.013782438932372179,-2.707441385145477,0.9711388372718593
330,0.9708878446115289,0.0,10.104865124401774,0.999996694028426,0.0,9.73469795905662,-0.0,-0.1,0.11348245495955314,-1.852490334730581,0.1,0.11348245495955314,1.852490334730581,-0.2,0.03634297078944185,-2.232252084577892,0.2,0.03634297078944185,2.232252084577892,-0.30000000000000004,0.026455985316978865,-2.693892990202987,0.30000000000000004,0.026455985316978865,2.693892990202987,-0.5,0.01760434321320581,-3.141592653589793,0.9561655397703042
331,0.9741827105089184,0.0,10.061699918671811,0.9999997192337371,0.0,9.7518968940717,-0.0,-0.1,0.10994975203913634,-2.3299775668857854,0.1,0.10994975203913634,2.3299775668857854,-0.2,0.029132591676909177,-3.0042847926972027,0.2,0.029132591676909177,3.0042847926972027,-0.30000000000000004,0.013243137149597684,2.301381051914323,0.30000000000000004,0.013243137149597684,-2.301381051914323,-0.4,0.005152062868823971,-2.876573896760321,0.9520170546164561
332,0.9893263705270581,0.0,10.058439416067095,0.9999988533185258,0.0,9.774519228337144,-0.0,-0.1,0.09579423351928718,-2.7861398155149413,0.1,0.09579423351928718,2.7861398155149413,-0.5,0.023027742463568757,-3.141592653589793,0.4,0.017701654831408016,2.5895820622265564,-0.4,0.017701654831408016,-2.5895820622265564,0.30000000000000004,0.016950334282495955,1.2639011599296461,-0.30000000000000004,0.016950334282495955,-1.2639011599296461,0.9551975887645485
333,1.0034056557239988,0.0,10.106715124072743,0.999993307250501,0.0,9.809791902117176,-0.0,-0.1,0.06391633935907906,3.0619820969587774,0.1,0.06391633935907906,-3.0619820969587774,-0.30000000000000004,0.043505367776756405,-2.265483288910272,0.30000000000000004,0.043505367776756405,2.265483288910272,-0.2,0.02992439591832063,-1.09896823764094,0.2,0.02992439591832063,1.09896823764094,-0.4,0.022231015847255266,-2.944030953644296,0.9632068232965812
334,1.0135726687819497,0.0,10.12934557508946,0.9999911376869434,0.0,9.853395085665463,-0.0,-0.2,0.06310950391371575,-1.692682560876237,0.2,0.06310950391371575,1.692682560876237,-0.30000000000000004,0.03694969221363983,-3.0152999244001544,0.30000000000000004,0.03694969221363983,3.0152999244001544,-0.5,0.03135825223182387,-3.141592653589793,0.4,0.022236922468730786,2.710782652752141,-0.4,0.022236922468730786,-2.710782652752141,0.969296954152553
335,1.0192863520828956,0.0,10.194806822921159,0.99999740347148,0.0,9.900327235214975,-0.0,-0.2,0.07392700122719616,-2.267593049722744,0.2,0.07392700122719616,2.267593049722744,-0.1,0.03723147736050576,-0.18609993725265608,0.1,0.03723147736050576,0.18609993725265608,-0.4,0.028294366606545718,-2.8476745733886326,0.4,0.028294366606545718,2.8476745733886326,-0.5,0.015573897317688434,-3.141592653589793,0.9808881142284459
336,1.0237935483870968,0.0,10.299356800607807,0.9999953051582431,0.0,9.940245869426546,-0.0,-0.1,0.07681676398087019,-0.7181181718940649,0.1,0.07681676398087019,0.7181181718940649,-0.2,0.05719197619717032,-2.959391860286217,0.2,0.05719197619717032,2.959391860286217,-0.30000000000000004,0.03337435696564846,-2.137387603760018,0.30000000000000004,0.03337435696564846,2.137387603760018,-0.5,0.024344736893882057,-3.141592653589793,0.9883275560417897
337,1.0357298122202774,0.0,10.333319152230697,0.9999937491577464,0.0,9.978752651199525,-0.0,-0.1,0.10880511243152373,-1.1114201517544153,0.1,0.10880511243152373,1.1114201517544153,-0.30000000000000004,0.03488552310390217,-2.8243261794509116,0.30000000000000004,0.03488552310390217,2.8243261794509116,-0.4,0.02332076265054966,-2.5524877996063995,0.4,0.02332076265054966,2.5524877996063995,-0.2,0.02054370465922107,2.4136774827005563,0.9954833019461996
338,1.0459706204134067,0.0,10.434630257381814,0.9999956312110353,0.0,10.02194908312684,-0.0,-0.1,0.13368745143721822,-1.4459114897608865,0.1,0.13368745143721822,1.4459114897608865,-0.2,0.031031489648748117,-0.8005297614608905,0.2,0.031031489648748117,0.8005297614608905,-0.5,0.029034387048216814,-3.141592653589793,-0.4,0.027104452517411635,-3.0117127661685474,0.4,0.027104452517411635,3.0117127661685474,1.0015682813299094
339,1.0320253129758639,0.0,10.59674920594556,0.9999926341695804,0.0,10.06904278780857,-0.0,-0.1,0.1471685312474632,-1.751131441362337,0.1,0.1471685312474632,1.751131441362337,-0.2,0.07222171925959345,-1.5701316394045262,0.2,0.07222171925959345,1.5701316394045262,-0.30000000000000004,0.03420293789856927,-2.0671419197755245,0.30000000000000004,0.03420293789856927,2.0671419197755245,-0.4,0.02052004132573767,-2.685193203396043,0.9965351078581275
340,1.01264706845173,0.0,10.661348255921952,0.9999906553553694,0.0,10.108180896232994,-0.0,-0.1,0.1453416183203392,-2.1113323733752063,0.1,0.1453416183203392,2.1113323733752063,-0.2,0.08216766945025158,-2.3303040993362156,0.2,0.08216766945025158,2.3303040993362156,-0.30000000000000004,0.03777131740928336,-2.8060359586759827,0.30000000000000004,0.03777131740928336,2.8060359586759827,-0.4,0.022606149329208913,-2.9248446129339127,0.9752034446689213
341,0.9930752084088438,0.0,10.59181821497738,0.9999962771652318,0.0,10.149940120073195,-0.0,-0.1,0.1289243686406293,-2.4582240383537224,0.1,0.1289243686406293,2.4582240383537224,-0.2,0.06140092108062765,-3.071180229327493,0.2,0.06140092108062765,3.071180229327493,-0.5,0.020680433049287572,-3.141592653589793,-0.4,0.020273541206192007,-2.755432327329503,0.4,0.020273541206192007,2.755432327329503,0.9769252019629807
342,0.986769918853219,0.0,10.504583750834009,0.999999672813904,0.0,10.16883261797312,-0.0,-0.1,0.1148951096977848,-2.982530961006934,0.1,0.1148951096977848,2.982530961006934,-0.2,0.042575989990643756,1.9865918029767902,0.2,0.042575989990643756,-1.9865918029767902,-0.4,0.007636529730189261,2.2137632593839247,0.4,0.007636529730189261,-2.2137632593839247,-0.30000000000000004,0.005535874023653743,-2.2454507604051757,0.9894933629236052
343,0.9883723500944624,0.0,10.514655061682811,0.9999994636383864,0.0,10.16627616629928,-0.0,-0.1,0.11741998777435865,2.668887324034359,0.1,0.11741998777435865,-2.668887324034359,-0.2,0.0436712489148757,0.7835311614939339,0.2,0.0436712489148757,-0.7835311614939339,-0.4,0.00939479886605212,-0.07997362796599351,0.4,0.00939479886605212,0.07997362796599351,-0.30000000000000004,0.007406824272958202,1.879869788115914,1.0035541019871328
344,1.0076088647893855,0.0,10.534184819255584,0.9999993656603331,0.0,10.151242860669745,-0.0,-0.1,0.13098369485876435,2.0928480634226267,0.1,0.13098369485876435,-2.0928480634226267,-0.2,0.03468403632817429,-0.16220895585142436,0.2,0.03468403632817429,0.16220895585142436,-0.30000000000000004,0.01867085355345155,0.8691017780972254,0.30000000000000004,0.01867085355345155,-0.8691017780972254,-0.5,0.014264789105057574,-0.0,1.0127437114073305
345,1.012125222292219,0.0,10.510334411568563,0.999999634338426,0.0,10.145279056677182,-0.0,-0.1,0.13405730962937923,1.5031003103359275,0.1,0.13405730962937923,-1.5031003103359275,-0.2,0.02881462085623364,-1.4522778360443276,0.2,0.02881462085623364,1.4522778360443276,-0.30000000000000004,0.015505254403830802,-0.7176938749836023,0.30000000000000004,0.015505254403830802,0.7176938749836023,-0.5,0.008300985112493997,-3.141592653589793,1.018528962675417
346,1.0120852160309206,0.0,10.501130430400567,0.9999996913172001,0.0,10.138117926886505,-0.0,-0.1,0.13376384677037448,0.9282202012623525,0.1,0.13376384677037448,-0.9282202012623525,-0.2,0.02885770484024311,-2.9578915662707357,0.2,0.02885770484024311,2.9578915662707357,-0.5,0.015462114903171731,-0.0,-0.30000000000000004,0.01115364269482727,-3.0385641499840306,0.30000000000000004,0.01115364269482727,3.0385641499840306,1.0234965316273061
347,1.0082149726222795,0.0,10.517982472193463,0.9999987105851749,0.0,10.126409594530328,-0.0,-0.1,0.12709362110328726,0.37371873188476945,0.1,0.12709362110328726,-0.37371873188476945,-0.2,0.040425653017860434,2.0157260380123434,0.2,0.040425653017860434,-2.0157260380123434,-0.30000000000000004,0.022831665004775823,1.3069003403496047,0.30000000000000004,0.022831665004775823,-1.3069003403496047,-0.4,0.010870999411288551,0.28137030456771234,1.03506083982074
348,1.009334165049441,0.0,10.511512494713225,0.9999941080927659,0.0,10.098894754932331,-0.0,-0.1,0.10197392355162807,-0.1559330592721293,0.1,0.10197392355162807,0.1559330592721293,-0.2,0.0578684706420971,1.2026742652486793,0.2,0.0578684706420971,-1.2026742652486793,-0.5,0.03126862214499315,-0.0,-0.30000000000000004,0.030832164624224622,0.4601864751114479,0.30000000000000004,0.030832164624224622,-0.4601864751114479,1.0428535658449642
349,1.0028617744673678,0.0,10.367981117026059,0.9999970619380668,0.0,10.062258299568365,-0.0,-0.1,0.06602757923233475,-0.8705303325651947,0.1,0.06602757923233475,0.8705303325651947,-0.2,0.05625920196865615,0.5990478677106928,0.2,0.05625920196865615,-0.5990478677106928,-0.4,0.02237842191919801,0.28218387028399,0.4,0.02237842191919801,-0.28218387028399,-0.30000000000000004,0.01639241121731527,0.2679087351964896,1.0299077658453955
350,1.0092618553850408,0.0,10.261709304531589,0.9999980598092927,0.0,10.033094761059868,-0.0,-0.1,0.05223371897399425,-1.9399516819239193,0.1,0.05223371897399425,1.9399516819239193,-0.2,0.03613255945085528,-0.18510095828209125,0.2,0.03613255945085528,0.18510095828209125,-0.5,0.02379570528952346,-0.0,-0.30000000000000004,0.014043140666248895,0.942496227668968,0.30000000000000004,0.014043140666248895,-0.942496227668968,1.0106734654489844
351,1.0171458235864927,0.0,10.247560199572355,0.9999991588655417,0.0,10.02970954799318,-0.0,-0.1,0.05354835059524216,-2.6272634687100256,0.1,0.05354835059524216,2.6272634687100256,-0.2,0.03281108947745559,-1.4607276843652468,0.2,0.03281108947745559,1.4607276843652468,-0.5,0.020410492222834975,-3.141592653589793,-0.30000000000000004,0.012360639605471973,-0.7190364427076835,0.30000000000000004,0.012360639605471973,0.7190364427076835,0.9941867878409973
352,1.019459217615882,0.0,10.296196409179627,0.9999963641682384,0.0,10.05378016317083,-0.0,-0.2,0.04277232718247284,-2.1237561853065063,0.2,0.04277232718247284,2.1237561853065063,-0.1,0.034676445990334724,-2.907083263327043,0.1,0.034676445990334724,2.907083263327043,-0.30000000000000004,0.03435003057311528,-2.1242473131771766,0.30000000000000004,0.03435003057311528,2.1242473131771766,-0.4,0.01881863851695251,-2.6938315188605992,0.9888322783665718
353,1.0081645754761124,0.0,10.29189812238864,0.999998702566221,0.0,10.086469461933492,-0.0,-0.2,0.03780704326688979,-2.553572880881298,0.2,0.03780704326688979,2.553572880881298,-0.30000000000000004,0.032681589858801624,-2.9914756811899896,0.30000000000000004,0.032681589858801624,2.9914756811899896,-0.5,0.029029175807847807,-3.141592653589793,0.4,0.017711109197958663,2.991294149524961,-0.4,0.017711109197958663,-2.991294149524961,0.9894875321244448
354,0.9911891824277692,0.0,10.221168771351193,0.9999997604280804,0.0,10.106261687315142,-0.0,-0.2,0.023997845376105543,2.9481579649438094,0.2,0.023997845376105543,-2.9481579649438094,-0.1,0.01539530927718845,-1.022220291763443,0.1,0.01539530927718845,1.022220291763443,-0.30000000000000004,0.013441912151634082,1.6287806455177725,0.30000000000000004,0.013441912151634082,-1.6287806455177725,-0.5,0.009236950426197765,-0.0,1.0082896578724478
355,0.9656066935949524,0.0,10.269209341931788,0.9999971066710847,0.0,10.089842004953525,-0.0,-0.2,0.0402352928298326,1.7700492909704406,0.2,0.0402352928298326,-1.7700492909704406,-0.30000000000000004,0.021814497294836532,0.5940530964018346,0.30000000000000004,0.021814497294836532,-0.5940530964018346,-0.4,0.019839979927867,0.5877400415725033,0.4,0.019839979927867,-0.5877400415725033,-0.1,0.015587796873190427,-2.767574366386413,1.0128579652768892
356,0.9445515042581418,0.0,10.403686850870729,0.9999810091949585,0.0,10.043323476256258,-0.0,-0.2,0.0672592362485182,1.2583774474284557,0.2,0.0672592362485182,-1.2583774474284557,-0.1,0.06129384698357309,2.6063236964748344,0.1,0.06129384698357309,-2.6063236964748344,-0.5,0.03933579676184795,-0.0,-0.4,0.03196070569422001,0.27693090523887187,0.4,0.03196070569422001,-0.27693090523887187,1.0080049461091476
357,0.9396615644469359,0.0,10.525890286536997,0.9999776533196654,0.0,9.97578976448348,-0.0,-0.1,0.12425214707806559,2.258920591427783,0.1,0.12425214707806559,-2.258920591427783,-0.2,0.07932448172063464,0.9461455513604846,0.2,0.07932448172063464,-0.9461455513604846,-0.30000000000000004,0.05256652538065598,0.79792407665892,0.30000000000000004,0.05256652538065598,-0.79792407665892,-0.4,0.03781421369480448,0.3951281981425116,1.0019051287613527
358,0.9519052030206884,0.0,10.534202825446718,0.9999726288432537,0.0,9.907236356308136,-0.0,-0.1,0.17594724309584686,1.9363025304862438,0.1,0.17594724309584686,-1.9363025304862438,-0.2,0.06805548029559072,0.6458750346248842,0.2,0.06805548029559072,-0.6458750346248842,-0.30000000000000004,0.049302764595647065,0.3882309766276048,0.30000000000000004,0.049302764595647065,-0.3882309766276048,-0.5,0.040355493164413225,-0.0,1.002177889561215
359,0.9650803765508827,0.0,10.407528764971838,0.9999919783225879,0.0,9.849807394279384,-0.0,-0.1,0.2036630505599237,1.5744807597734014,0.1,0.2036630505599237,-1.5744807597734014,-0.2,0.04107817563592569,0.38924936310889674,0.2,0.04107817563592569,-0.38924936310889674,-0.4,0.02308020357720057,0.27413123563924874,0.4,0.02308020357720057,-0.27413123563924874,-0.30000000000000004,0.022078511146354632,0.24945328568529454,0.9990149148980273
360,0.9767115465655288,0.0,10.315361949958037,0.9999949552735878,0.0,9.812025996362898,-0.0,-0.1,0.20727463204757382,1.1294627222932578,0.1,0.20727463204757382,-1.1294627222932578,-0.5,0.020707929052146135,-0.0,0.30000000000000004,0.017269020891706722,-0.9355169199310079,-0.30000000000000004,0.017269020891706722,0.9355169199310079,0.4,0.016770359332215722,-0.24654643990563233,-0.4,0.016770359332215722,0.24654643990563233,1.0062828288410235
361,0.9838321955330804,0.0,10.276515678947728,0.9999955884469541,0.0,9.779475687543385,-0.0,-0.1,0.19559784611548012,0.6521869407142324,0.1,0.19559784611548012,-0.6521869407142324,-0.30000000000000004,0.02627973502502695,0.6993068961033208,0.30000000000000004,0.02627973502502695,-0.6993068961033208,-0.2,0.018245681763118787,1.6298468783581435,0.2,0.018245681763118787,-1.6298468783581435,-0.4,0.016793465597092123,0.38211834558792257,1.0144033588730113
362,0.9888187478717962,0.0,10.229032719341907,0.9999925594623624,0.0,9.746162059489974,-0.0,-0.1,0.17032588305181842,0.14285616406437107,0.1,0.17032588305181842,-0.14285616406437107,-0.2,0.03891588855418734,1.3978931367312477,0.2,0.03891588855418734,-1.3978931367312477,-0.5,0.021471248286045963,-0.0,-0.30000000000000004,0.021457934176937712,0.34854702098148027,0.30000000000000004,0.021457934176937712,-0.34854702098148027,1.0158540735582324
363,0.9868945153007534,0.0,10.126243390424737,0.999997379561466,0.0,9.715521589745888,-0.0,-0.1,0.14006548352403994,-0.45431256136731357,0.1,0.14006548352403994,0.45431256136731357,-0.2,0.04519951667935262,0.8724864527920736,0.2,0.04519951667935262,-0.8724864527920736,-0.4,0.013704739842458652,0.2267938231751635,0.4,0.013704739842458652,-0.2267938231751635,-0.30000000000000004,0.01278232058714526,0.6460635381064349,1.0062270362659331
364,0.9901483332693568,0.0,10.046902252437203,0.9999984647905524,0.0,9.69425152957053,-0.0,-0.1,0.121312635642753,-1.159651002782007,0.1,0.121312635642753,1.159651002782007,-0.2,0.03548523509016771,0.09283453932469324,0.2,0.03548523509016771,-0.09283453932469324,-0.30000000000000004,0.01347707134175631,0.6488989384002609,0.30000000000000004,0.01347707134175631,-0.6488989384002609,-0.5,0.012100838717319817,-0.0,0.9895460428021504
365,0.9941366449097229,0.0,10.040296318349744,0.9999988053230229,0.0,9.693210680412117,-0.0,-0.1,0.12090041524653639,-1.7958613056365853,0.1,0.12090041524653639,1.7958613056365853,-0.2,0.03444900298815343,-1.1610016240464445,0.2,0.03444900298815343,1.1610016240464445,-0.30000000000000004,0.012663405954670113,-1.1863659179142965,0.30000000000000004,0.012663405954670113,1.1863659179142965,-0.5,0.01105998955890719,-3.141592653589793,0.9665136830561424
366,1.0129433286015974,0.0,10.158291007579477,0.9999903062722586,0.0,9.721740631726888,-0.0,-0.1,0.11786143399476229,-2.185974968527021,0.1,0.11786143399476229,2.185974968527021,-0.2,0.05276221121677566,-1.8987030102798172,0.2,0.05276221121677566,1.8987030102798172,-0.30000000000000004,0.035288911410225374,-2.2240760854052004,0.30000000000000004,0.035288911410225374,2.2240760854052004,-0.4,0.024725262609062524,-2.756919189007838,0.9485903369891088
367,1.0387769045488615,0.0,10.286251706185162,0.9999550743756058,0.0,9.790132456070342,-0.0,-0.1,0.09625466485604016,-2.195234833275382,0.1,0.09625466485604016,2.195234833275382,-0.2,0.07167265133034047,-2.02774753645458,0.2,0.07167265133034047,2.02774753645458,-0.30000000000000004,0.05467137757723276,-2.4231271386828612,0.30000000000000004,0.05467137757723276,2.4231271386828612,-0.5,0.05092186258759224,-3.141592653589793,0.9481100559962023
368,1.046249745654001,0.0,10.450327412026507,0.9999394310165358,0.0,9.889247796172269,-0.0,-0.2,0.09323182329634513,-2.017966243843155,0.2,0.09323182329634513,2.017966243843155,-0.1,0.08907007386183036,-1.6973438192794716,0.1,0.08907007386183036,1.6973438192794716,-0.30000000000000004,0.06822115671097685,-2.4406054802986383,0.30000000000000004,0.06822115671097685,2.4406054802986383,-0.4,0.06003350811593335,-2.8392074127686495,0.9624555228654681
369,1.0431545591855256,0.0,10.594146409639261,0.9999660860255916,0.0,9.98359233880558,-0.0,-0.1,0.12129804606206696,-1.4443544564550461,0.1,0.12129804606206696,1.4443544564550461,-0.2,0.09993041336581225,-2.2561966476484168,0.2,0.09993041336581225,2.2561966476484168,-0.30000000000000004,0.06097304342947199,-2.6911281986612074,0.30000000000000004,0.06097304342947199,2.6911281986612074,-0.5,0.04615106511897871,-3.141592653589793,0.9731744054141543
370,1.032513918067227,0.0,10.635677326517797,0.9999776778575576,0.0,10.061666521440223,-0.0,-0.1,0.152306562244416,-1.5392081056330902,0.1,0.152306562244416,1.5392081056330902,-0.2,0.07876939565608834,-2.6381620709488116,0.2,0.07876939565608834,2.6381620709488116,-0.4,0.0383070113481858,-2.705146115559083,0.4,0.0383070113481858,2.705146115559083,-0.30000000000000004,0.035244866580194184,-2.7378791582268014,0.9831450063588664
371,1.0120886656857213,0.0,10.606578728386514,0.9999875314843988,0.0,10.117468892941922,-0.0,-0.1,0.16385373086116684,-1.8201926513725857,0.1,0.16385373086116684,1.8201926513725857,-0.2,0.040226417147118186,3.1215648675543295,0.2,0.040226417147118186,-3.1215648675543295,-0.30000000000000004,0.027181433793879037,-2.419410083626398,0.30000000000000004,0.027181433793879037,2.419410083626398,-0.4,0.026586671840263282,3.1150206819140416,0.9888778495687932
372,0.9916510420761567,0.0,10.531806572282209,0.999999935552852,0.0,10.145725363094563,-0.0,-0.1,0.15925126293174144,-2.2757087102027507,0.1,0.15925126293174144,2.2757087102027507,-0.30000000000000004,0.01961175769933319,-3.0433571982555483,0.30000000000000004,0.01961175769933319,3.0433571982555483,-0.2,0.01198897587944493,1.817710509598149,0.2,0.01198897587944493,-1.817710509598149,-0.5,0.004377216166606246,-3.141592653589793,0.9890074058996634
373,0.9821080456595,0.0,10.522710577918934,0.9999999186368923,0.0,10.148557657298923,-0.0,-0.1,0.15743081066019327,-2.890323847677423,0.1,0.15743081066019327,2.890323847677423,-0.30000000000000004,0.016795415954996087,1.3714125711956988,0.30000000000000004,0.016795415954996087,-1.3714125711956988,-0.2,0.011625778006186537,0.3225859969999391,0.2,0.011625778006186537,-0.3225859969999391,-0.4,0.002448911377258682,3.080097836099595,0.9869844513464532
374,0.9795923396070125,0.0,10.522694446827005,0.9999993898550121,0.0,10.14377118765767,-0.0,-0.1,0.16207134367372333,2.757199955276048,0.1,0.16207134367372333,-2.757199955276048,-0.30000000000000004,0.01652728193084632,-0.22571246936235054,0.30000000000000004,0.01652728193084632,0.22571246936235054,-0.2,0.007246844907647989,-0.7231012690469114,0.2,0.007246844907647989,0.7231012690469114,-0.4,0.00723231814489941,0.607507592699789,0.9892303521764308
375,0.9819704511377506,0.0,10.511711275501922,0.9999992531372214,0.0,10.133215193995326,-0.0,-0.1,0.1719026102328552,2.1519107877957104,0.1,0.1719026102328552,-2.1519107877957104,-0.5,0.007314445983336526,-0.0,-0.2,0.007016868181009507,2.637366193445808,0.2,0.007016868181009507,-2.637366193445808,-0.30000000000000004,0.006671339347764187,-2.4726386311468516,0.30000000000000004,0.006671339347764187,2.4726386311468516,0.9929041611991637
376,0.9802615250436082,0.0,10.557838092872617,0.9999994148717556,0.0,10.121049000223355,-0.0,-0.1,0.17887061388879044,1.5804748025554718,0.1,0.17887061388879044,-1.5804748025554718,-0.2,0.01862099254526695,1.701878693098123,0.2,0.01862099254526695,-1.701878693098123,-0.30000000000000004,0.017884794601614816,1.4900842988635623,0.30000000000000004,0.017884794601614816,-1.4900842988635623,-0.4,0.00603629057791603,0.7321596464646307,1.0120092152968192
377,0.9823108430222647,0.0,10.632414336719197,0.9999844318867432,0.0,10.088367196665363,-0.0,-0.1,0.18214266983185187,1.132554435942147,0.1,0.18214266983185187,-1.132554435942147,-0.2,0.03967278800161989,1.4009395188098068,0.2,0.03967278800161989,-1.4009395188098068,-0.30000000000000004,0.035968250242984216,0.7380889363603451,0.30000000000000004,0.035968250242984216,-0.7380889363603451,-0.4,0.028479723900922762,0.48615606927472516,1.0334759057952743
378,0.9962066984475675,0.0,10.601819137548478,0.9999803799057974,0.0,10.031901135138767,-0.0,-0.1,0.16623967409115692,0.8168717598031083,0.1,0.16623967409115692,-0.8168717598031083,-0.2,0.06328495395773144,1.2189251070793634,0.2,0.06328495395773144,-1.2189251070793634,-0.30000000000000004,0.03843519946229305,0.5754866220415208,0.30000000000000004,0.03843519946229305,-0.5754866220415208,-0.4,0.03399834738734826,0.22617721594118959,1.040072901453612
379,1.0116585158269624,0.0,10.463613301969772,0.999993096382256,0.0,9.981858087932334,-0.0,-0.1,0.13693410485549729,0.4582286050934282,0.1,0.13693410485549729,-0.4582286050934282,-0.2,0.06577436186142455,0.7577866046841495,0.2,0.06577436186142455,-0.7577866046841495,-0.30000000000000004,0.02746561957720181,0.3908430497136011,0.30000000000000004,0.02746561957720181,-0.3908430497136011,-0.5,0.0214070414491907,-0.0,1.039522079700881
380,1.0255692060475035,0.0,10.305440904994235,0.9999974908553639,0.0,9.95036204457377,-0.0,-0.1,0.10957664124291985,-0.042595495377977056,0.1,0.10957664124291985,0.042595495377977056,-0.2,0.04804965906947797,-0.03149380264569298,0.2,0.04804965906947797,0.03149380264569298,-0.4,0.013856821072510194,0.35265283384869794,0.4,0.013856821072510194,-0.35265283384869794,-0.30000000000000004,0.012112617650647283,0.21376782140765999,1.0303213262039561
381,1.0303520385440705,0.0,10.251881567683295,0.9999995912568975,0.0,9.943417332554048,-0.0,-0.1,0.10263865445394031,-0.6737952448216284,0.1,0.10263865445394031,0.6737952448216284,-0.2,0.041108972491115836,-1.2934503905460142,0.2,0.041108972491115836,1.2934503905460142,-0.4,0.007721495157316327,-1.8447524193264648,0.4,0.007721495157316327,1.8447524193264648,-0.30000000000000004,0.00552599092450031,-1.4013155018508137,1.0123098874347172
382,1.0244172135813794,0.0,10.353001696969132,0.9999945052954969,0.0,9.961680705412398,-0.0,-0.1,0.11746479739132461,-1.2049485167891505,0.1,0.11746479739132461,1.2049485167891505,-0.2,0.049342032344650066,-2.186110348490373,0.2,0.049342032344650066,2.186110348490373,-0.30000000000000004,0.019953268789694677,-2.1614435534077034,0.30000000000000004,0.019953268789694677,2.1614435534077034,-0.4,0.017800794505394894,-2.944072447451921,0.9949084183555547
383,1.0297761269477819,0.0,10.413191140624185,0.999995063650126,0.0,9.99444687691762,-0.0,-0.1,0.13276068698042084,-1.6007034715200337,0.1,0.13276068698042084,1.6007034715200337,-0.2,0.04051955209754013,-2.721478618555065,0.2,0.04051955209754013,2.721478618555065,-0.30000000000000004,0.027268348507061415,-2.538200837910865,0.30000000000000004,0.027268348507061415,2.538200837910865,-0.5,0.017647088536522304,-3.141592653589793,0.9849961471920529
384,1.037142264789278,0.0,10.47831837022157,0.9999923278580032,0.0,10.0421149582059,-0.0,-0.1,0.13971102617105458,-1.8810011597818357,0.1,0.13971102617105458,1.8810011597818357,-0.4,0.033796266097991697,-2.696983048386203,0.4,0.033796266097991697,2.696983048386203,-0.5,0.0300209927517594,-3.141592653589793,0.30000000000000004,0.0295839173629087,2.4353512581551797,-0.30000000000000004,0.0295839173629087,-2.4353512581551797,0.982076298246964
385,1.0408473965214415,0.0,10.573306189556265,0.9999833388208172,0.0,10.099664883388167,-0.0,-0.1,0.13387481466332168,-2.0875661064223445,0.1,0.13387481466332168,2.0875661064223445,-0.2,0.04763920896633448,-1.5826347550505693,0.2,0.04763920896633448,1.5826347550505693,-0.30000000000000004,0.03995718272348931,-2.3861777369056933,0.30000000000000004,0.03995718272348931,2.3861777369056933,-0.4,0.0306988934618061,-3.0065355832812597,0.9877652782354688
386,1.0354036649047473,0.0,10.654662866455075,0.999983980668463,0.0,10.158541828771856,-0.0,-0.1,0.11662004498647753,-2.2614701058106315,0.1,0.11662004498647753,2.2614701058106315,-0.2,0.07529661627667189,-1.9415981972538314,0.2,0.07529661627667189,1.9415981972538314,-0.30000000000000004,0.040469851101867765,-2.628506352410061,0.30000000000000004,0.040469851101867765,2.628506352410061,-0.5,0.03134801295318379,-3.141592653589793,0.9853519857581056
387,1.0216093623991902,0.0,10.641756359355194,0.9999870041200754,0.0,10.213683968632996,-0.0,-0.1,0.09191015491949883,-2.409024281497804,0.1,0.09191015491949883,2.409024281497804,-0.2,0.07550604161821863,-2.4495616756266205,0.2,0.07550604161821863,2.4495616756266205,-0.4,0.032566668708250805,-2.936756846921738,0.4,0.032566668708250805,2.936756846921738,-0.30000000000000004,0.028106660230262644,-2.669899196114786,0.9871939971932188
388,1.016151295926808,0.0,10.546197995158503,0.9999981200444851,0.0,10.252982488009923,-0.0,-0.1,0.06797941397808664,-2.640380403342024,0.1,0.06797941397808664,2.640380403342024,-0.2,0.051732180525847965,3.0830483995125553,0.2,0.051732180525847965,-3.0830483995125553,-0.30000000000000004,0.019143962835869856,-2.615306949163818,0.30000000000000004,0.019143962835869856,2.615306949163818,-0.5,0.015504392468970174,-3.141592653589793,0.9981848242231491
389,1.0179969096722379,0.0,10.4698898759504,0.9999988459258448,0.0,10.272927085489162,-0.0,-0.1,0.051389433068643124,-3.081119694647895,0.1,0.051389433068643124,3.081119694647895,-0.2,0.03184314323216543,1.7897555324180408,0.2,0.03184314323216543,-1.7897555324180408,-0.30000000000000004,0.010196926777012366,-3.1167217810189953,0.30000000000000004,0.010196926777012366,3.1167217810189953,-0.4,0.010103784305597403,-2.413931710816674,1.0128570184450316
390,1.024233433178727,0.0,10.449089589646675,0.9999998246287898,0.0,10.279265479334438,-0.0,-0.1,0.04506425353771024,2.5822476656687092,0.1,0.04506425353771024,-2.5822476656687092,-0.2,0.031088238647794638,0.33276467960496803,0.2,0.031088238647794638,-0.33276467960496803,-0.4,0.006827708084801589,2.021486448304163,0.4,0.006827708084801589,-2.021486448304163,-0.30000000000000004,0.0038637097716240493,1.3223155774562885,1.0256640040777398
391,1.0332101619911231,0.0,10.448769163238719,0.9999997668302765,0.0,10.277929706465661,-0.0,-0.1,0.04620189578440416,1.9692711561046816,0.1,0.04620189578440416,-1.9692711561046816,-0.2,0.02982893404422154,-0.909243783019808,0.2,0.02982893404422154,0.909243783019808,-0.4,0.007506478785299369,-0.33091415959126985,0.4,0.007506478785299369,0.33091415959126985,-0.30000000000000004,0.003764839545205141,-0.2115675050769424,1.0296605529002172
392,1.0467839508179506,0.0,10.46154781383392,0.999999238443563,0.0,10.280787829912715,-0.0,-0.1,0.04516978215696933,1.2826017593033374,0.1,0.04516978215696933,-1.2826017593033374,-0.2,0.03166520896530805,-2.094601264869464,0.2,0.03166520896530805,2.094601264869464,-0.4,0.01025168224096932,-2.7534811168700126,0.4,0.01025168224096932,2.7534811168700126,-0.30000000000000004,0.006586637194711402,-2.0052748980653763,1.0253036783400737
393,1.0441082087483176,0.0,10.528393280580538,0.9999965924081748,0.0,10.303154567149287,-0.0,-0.1,0.05581110034238133,0.25990953050433985,0.1,0.05581110034238133,-0.25990953050433985,-0.2,0.02818609757089972,-2.5936901803572425,0.2,0.02818609757089972,2.5936901803572425,-0.30000000000000004,0.02048483275947682,-2.180920698956021,0.30000000000000004,0.02048483275947682,2.180920698956021,-0.5,0.016274652085735752,-3.141592653589793,1.0323158345616934
394,1.043580950949204,0.0,10.530928396810015,0.9999997551092467,0.0,10.31748664894982,-0.0,-0.1,0.06975911848381625,-0.4212330614791532,0.1,0.06975911848381625,0.4212330614791532,-0.2,0.017612481107904723,2.8705812900180936,0.2,0.017612481107904723,-2.8705812900180936,-0.30000000000000004,0.016988243845961502,2.9807804618599962,0.30000000000000004,0.016988243845961502,-2.9807804618599962,-0.4,0.004722060984829465,2.5523539512397457,1.0373405829090685
395,1.031674660055011,0.0,10.528109691093078,0.9999997523126523,0.0,10.323925335109747,-0.0,-0.1,0.07568077502520651,-1.014757813495803,0.1,0.07568077502520651,1.014757813495803,-0.2,0.011538277104772818,1.4639953750771137,0.2,0.011538277104772818,-1.4639953750771137,-0.30000000000000004,0.010682497639122516,0.9991649464158797,0.30000000000000004,0.010682497639122516,-0.9991649464158797,-0.5,0.00838125644512644,-3.141592653589793,1.0409455067063924
396,1.0329275215659155,0.0,10.52337089529124,0.9999982664187327,0.0,10.314752598643317,-0.0,-0.1,0.07126630254113463,-1.7526160687067807,0.1,0.07126630254113463,1.7526160687067807,-0.5,0.017553992911556904,-0.0,-0.2,0.013953737083566332,0.9197189609774934,0.2,0.013953737083566332,-0.9197189609774934,-0.4,0.010312112243481868,0.9849410439413574,0.4,0.010312112243481868,-0.9849410439413574,1.0334850436242176
397,1.0437412161406592,0.0,10.514436694943539,0.9999990436734278,0.0,10.312276455304485,-0.0,-0.1,0.07175537639250922,-2.414880418872544,0.1,0.07175537639250922,2.414880418872544,-0.5,0.015077849572724844,-3.141592653589793,-0.2,0.012607881722055986,-0.18005570637454832,0.2,0.012607881722055986,0.18005570637454832,-0.4,0.009177936918599555,-1.3015930418691564,0.4,0.009177936918599555,1.3015930418691564,1.0219634106743956
398,1.0562958579881658,0.0,10.591642033745345,0.999995205794441,0.0,10.334408309045955,-0.0,-0.1,0.05713938794525261,-2.7829212439107036,0.1,0.05713938794525261,2.7829212439107036,-0.2,0.03460964139507956,-1.3219217410585349,0.2,0.03460964139507956,1.3219217410585349,-0.4,0.026117063762004497,-2.8588711361393933,0.4,0.026117063762004497,2.8588711361393933,-0.30000000000000004,0.0215015384947168,-2.2120372757721762,1.01814289760851
399,1.0666352109429034,0.0,10.638595336781812,0.9999947972808811,0.0,10.374552871107312,-0.0,-0.2,0.059108910303124006,-1.8600833038223143,0.2,0.059108910303124006,1.8600833038223143,-0.5,0.033090557892613504,-3.141592653589793,0.30000000000000004,0.032267976241974146,2.448252494073349,-0.30000000000000004,0.032267976241974146,-2.448252494073349,-0.1,0.024099067345845108,-2.7866660881982512,0.1,0.024099067345845108,2.7866660881982512,1.021290879677311
400,1.0698394437499696,0.0,10.708081427010317,0.9999908885869783,0.0,10.423191172377976,-0.0,-0.2,0.06495595414113389,-2.3162626308160323,0.2,0.06495595414113389,2.3162626308160323,-0.4,0.0323043658262905,-2.605037586680624,0.4,0.0323043658262905,2.605037586680624,0.30000000000000004,0.031507380949406485,2.5985269158137556,-0.30000000000000004,0.031507380949406485,-2.5985269158137556,-0.1,0.02735485279868039,-0.9394745627971086,1.0241736905545422
401,1.0612820200902466,0.0,10.775009335863595,0.9999892165653024,0.0,10.46879718294922,-0.0,-0.1,0.0655807115284744,-0.9717468473134787,0.1,0.0655807115284744,0.9717468473134787,-0.2,0.047752810130909665,-2.7950643152158023,0.2,0.047752810130909665,2.7950643152158023,-0.5,0.03005826719319149,-3.141592653589793,-0.30000000000000004,0.024743421201207396,-2.6031517839512377,0.30000000000000004,0.024743421201207396,2.6031517839512377,1.0380381860056647
402,1.045872546023986,0.0,10.746613173918803,0.9999997490301339,0.0,10.496869041048344,-0.0,-0.1,0.08464603932536986,-1.3226293060289178,0.1,0.08464603932536986,1.3226293060289178,-0.2,0.023381755386625135,2.651484778338926,0.2,0.023381755386625135,-2.651484778338926,-0.30000000000000004,0.014409569702953552,-2.9619817512597653,0.30000000000000004,0.014409569702953552,2.9619817512597653,-0.4,0.004869404040561076,-1.882272856910962,1.0467345398329189
403,1.030143067341997,0.0,10.749026234465918,0.9999997420830619,0.0,10.495957636254378,-0.0,-0.1,0.08442679592714376,-1.9614125164430782,0.1,0.08442679592714376,1.9614125164430782,-0.2,0.024189676239468758,1.412584206120482,0.2,0.024189676239468758,-1.412584206120482,-0.30000000000000004,0.015307178945925527,1.425610956509083,0.30000000000000004,0.015307178945925527,-1.425610956509083,-0.4,0.005221295986463239,1.7207080862120698,1.0442936896944857
404,1.0071672061524402,0.0,10.76920376544249,0.999995720563695,0.0,10.481992494848058,-0.0,-0.1,0.09066841514777,-2.7326393649466976,0.1,0.09066841514777,2.7326393649466976,-0.2,0.025956097655098955,0.7160928264221637,0.2,0.025956097655098955,-0.7160928264221637,-0.30000000000000004,0.019169796022834404,0.34565831589126694,0.30000000000000004,0.019169796022834404,-0.34565831589126694,-0.4,0.015622652943028292,0.2915226380966064,1.0405805871765308
405,0.9916835681458601,0.0,10.808528320357732,0.999993038069434,0.0,10.445578750051293,-0.0,-0.1,0.12492142807425524,2.80605425523709,0.1,0.12492142807425524,-2.80605425523709,-0.2,0.023951390737474165,1.093487590365471,0.2,0.023951390737474165,-1.093487590365471,-0.4,0.02191516679632034,0.421970797527821,0.4,0.02191516679632034,-0.421970797527821,-0.5,0.021373599090339646,-0.0,1.0293034207555762
406,0.9801333899732747,0.0,10.890066934523988,0.9999923653687269,0.0,10.405587658142144,-0.0,-0.1,0.16321441584511245,2.2585037024344756,0.1,0.16321441584511245,-2.2585037024344756,-0.2,0.03595705110509828,1.251835703502226,0.2,0.03595705110509828,-1.251835703502226,-0.30000000000000004,0.032108124898051975,0.7538743538909816,0.30000000000000004,0.032108124898051975,-0.7538743538909816,-0.4,0.0219200926853176,0.20644861647454824,1.0289203101863176
407,0.9751619322384969,0.0,10.969692835856833,0.9999813120292955,0.0,10.352793526549503,-0.0,-0.1,0.20091153689621816,1.834652474557168,0.1,0.20091153689621816,-1.834652474557168,-0.2,0.05375480927314047,1.1967269411898058,0.2,0.05375480927314047,-1.1967269411898058,-0.30000000000000004,0.036694989097391606,0.6144976610239046,0.30000000000000004,0.036694989097391606,-0.6144976610239046,-0.5,0.0341766387738307,-0.0,1.0381421582694605
408,0.9765786237224147,0.0,11.012607068000184,0.9999712033810273,0.0,10.28421424264734,-0.0,-0.1,0.22859462778899434,1.50016501549525,0.1,0.22859462778899434,-1.50016501549525,-0.2,0.06998986158576027,1.0884375497311343,0.2,0.06998986158576027,-1.0884375497311343,-0.30000000000000004,0.044015169987372364,0.755227357092424,0.30000000000000004,0.044015169987372364,-0.755227357092424,-0.4,0.04319350662858968,0.27893975160350426,1.0487031947701824
409,0.9697960256943459,0.0,10.992001240250922,0.9999693066396727,0.0,10.20449700838159,-0.0,-0.1,0.23672402082248958,1.2144199524524493,0.1,0.23672402082248958,-1.2144199524524493,-0.2,0.07795630848301455,0.9653349677861525,0.2,0.07795630848301455,-0.9653349677861525,-0.30000000000000004,0.056414492060452445,0.6923678276980593,0.30000000000000004,0.056414492060452445,-0.6923678276980593,-0.5,0.04531458913741826,-0.0,1.059057337060105
410,0.9577501336367785,0.0,10.907116502332107,0.9999384682677337,0.0,10.107657823133032,-0.0,-0.1,0.22230722002565426,1.0066257255748594,0.1,0.22230722002565426,-1.0066257255748594,-0.2,0.08283633944213425,1.0001370487057475,0.2,0.08283633944213425,-1.0001370487057475,-0.30000000000000004,0.06442107343945329,0.6634303754775807,0.30000000000000004,0.06442107343945329,-0.6634303754775807,-0.4,0.06032941338459226,0.41405031318675517,1.059163833511094
411,0.9683420805998126,0.0,10.773289697727645,0.9999251169663849,0.0,9.99556851301984,-0.0,-0.1,0.18797917187507396,0.9063929675027218,0.1,0.18797917187507396,-0.9063929675027218,-0.2,0.09692536700981999,1.0822788543226478,0.2,0.09692536700981999,-1.0822788543226478,-0.30000000000000004,0.07304517880232035,0.6824935650367722,0.30000000000000004,0.07304517880232035,-0.6824935650367722,-0.4,0.061821749333376655,0.22485195793513185,1.0491989968703552
412,0.9829038175447328,0.0,10.55059845886222,0.9999765044711346,0.0,9.902628573529407,-0.0,-0.1,0.14976451728066187,0.7885226176654263,0.1,0.14976451728066187,-0.7885226176654263,-0.2,0.09786171720065637,0.8203852145614615,0.2,0.09786171720065637,-0.8203852145614615,-0.30000000000000004,0.05862728259397769,0.352580473755573,0.30000000000000004,0.05862728259397769,-0.352580473755573,-0.4,0.03546285118222166,0.22911380628273526,1.0391814097204115
413,0.9967201776866564,0.0,10.301613955041933,0.9999902324402326,0.0,9.839659845050154,-0.0,-0.1,0.11445301192938376,0.5610998649991602,0.1,0.11445301192938376,-0.5610998649991602,-0.2,0.0716759592088585,0.2615784658479304,0.2,0.0716759592088585,-0.2615784658479304,-0.5,0.030593502990871713,-0.0,-0.4,0.029551332362212145,0.3522791489222764,0.4,0.029551332362212145,-0.3522791489222764,1.0258009905212453
414,0.9928650273265185,0.0,10.09807823884786,0.9999984996602481,0.0,9.806236955394812,-0.0,-0.1,0.08797135823135745,0.13635152291413113,0.1,0.08797135823135745,-0.13635152291413113,-0.2,0.04032717287044927,-0.779052124088986,0.2,0.04032717287044927,0.779052124088986,-0.30000000000000004,0.011784739489727176,1.145860537617666,0.30000000000000004,0.011784739489727176,-1.145860537617666,-0.4,0.011674742269979067,-0.4337534384775311,1.0058249076165868
415,0.9250901295466143,0.0,10.043221656067935,0.99999921104054,0.0,9.79193477656889,-0.0,-0.1,0.07382752580984953,-0.46563114585966986,0.1,0.07382752580984953,0.46563114585966986,-0.2,0.0317805357326026,-2.3574031907576942,0.2,0.0317805357326026,2.3574031907576942,-0.30000000000000004,0.014298982126343686,0.4072598049852196,0.30000000000000004,0.014298982126343686,-0.4072598049852196,-0.5,0.011472792161453249,-0.0,0.9916603192906125
416,0.9147866436984281,0.0,10.20526348758573,0.9999767667554714,0.0,9.725341337969645,-0.0,-0.2,0.09187660433709019,2.131748848197822,0.2,0.09187660433709019,-2.131748848197822,-0.4,0.06676101177110158,0.5360768800469127,0.4,0.06676101177110158,-0.5360768800469127,-0.5,0.055120646437792686,-0.0,0.30000000000000004,0.05376313548095396,-1.1510948491041972,-0.30000000000000004,0.05376313548095396,1.1510948491041972,0.9841313649079846
417,0.9311402652580814,0.0,10.281203555827346,0.999985751286395,0.0,9.6599945916948,-0.0,-0.2,0.13820096300240312,1.28703834789567,0.2,0.13820096300240312,-1.28703834789567,-0.1,0.0893414678513533,2.813824469137616,0.1,0.0893414678513533,-2.813824469137616,-0.30000000000000004,0.06555502907201403,0.41016958208229304,0.30000000000000004,0.06555502907201403,-0.41016958208229304,-0.4,0.03501404428100711,-0.7133983034097643,0.9714917620038888
418,0.9361678224423519,0.0,10.240296774706785,0.9999819996642998,0.0,9.615972924714384,-0.0,-0.2,0.13278134954379497,0.3543126714973129,0.2,0.13278134954379497,-0.3543126714973129,-0.1,0.1317837972414108,2.2932535594967476,0.1,0.1317837972414108,-2.2932535594967476,-0.5,0.03379556714336207,-0.0,-0.30000000000000004,0.030698994639314112,-0.8660636056978605,0.30000000000000004,0.030698994639314112,0.8660636056978605,0.9764332473688317
419,0.9426718409530042,0.0,10.219379620769592,0.9999889737566108,0.0,9.57556212343432,-0.0,-0.1,0.16137765795513176,1.853912233175096,0.1,0.16137765795513176,-1.853912233175096,-0.2,0.09591094682870999,-0.7556176966649624,0.2,0.09591094682870999,0.7556176966649624,-0.4,0.04906297237094803,-0.0003071262783171694,0.4,0.04906297237094803,0.0003071262783171694,-0.30000000000000004,0.031114343025692985,2.107145080181696,0.9707244479024507
420,0.9239726439790577,0.0,10.170409235539328,0.9999901158541196,0.0,9.54843793869298,-0.0,-0.1,0.17095035084102558,1.3785397494189917,0.1,0.17095035084102558,-1.3785397494189917,-0.2,0.07840681316943542,-2.251763572838164,0.2,0.07840681316943542,2.251763572838164,-0.30000000000000004,0.05065908916746376,0.7004566206663768,0.30000000000000004,0.05065908916746376,-0.7004566206663768,-0.4,0.02193879049050089,-2.5139609669830394,0.9574750092977895
421,0.9266691455062994,0.0,10.195675069164565,0.9999860196069794,0.0,9.514660449035258,-0.0,-0.1,0.16780437930495026,0.9491121008336317,0.1,0.16780437930495026,-0.9491121008336317,-0.2,0.10306843237813586,2.5173237755417794,0.2,0.10306843237813586,-2.5173237755417794,-0.4,0.05312109636806815,0.8732844929198333,0.4,0.05312109636806815,-0.8732844929198333,-0.30000000000000004,0.03302680402699896,-0.4647211751635731,0.964062806902218
422,0.924814603383867,0.0,10.157227792605843,0.9999918355717419,0.0,9.472987513941746,-0.0,-0.1,0.14747725566319445,0.5525654346705595,0.1,0.14747725566319445,-0.5525654346705595,-0.2,0.1390318219024104,1.4367929215322228,0.2,0.1390318219024104,-1.4367929215322228,-0.4,0.04140886374622767,-0.7590606073244393,0.4,0.04140886374622767,0.7590606073244393,-0.5,0.028404396040433433,-0.0,0.9849684426428271
423,0.953498782342695,0.0,10.087468057647314,0.9999720449320593,0.0,9.41489829978088,-0.0,-0.2,0.14333941051035493,0.5934445242226782,0.2,0.14333941051035493,-0.5934445242226782,-0.1,0.10266470628747561,0.22577604681826444,0.1,0.10266470628747561,-0.22577604681826444,-0.30000000000000004,0.07028772746908539,1.025115635084349,0.30000000000000004,0.07028772746908539,-1.025115635084349,-0.4,0.039986069332601376,1.4217001930592401,0.9931577253878885
424,0.9869121553884711,0.0,9.889938013606205,0.999964303596271,0.0,9.371676904436917,-0.0,-0.2,0.11019155946654112,-0.4420467012808757,0.2,0.11019155946654112,0.4420467012808757,-0.1,0.061308557290587457,-0.24406079362227054,0.1,0.061308557290587457,0.24406079362227054,-0.30000000000000004,0.060457242894075405,-0.20240897452218434,0.30000000000000004,0.060457242894075405,0.20240897452218434,-0.4,0.054346389866879875,-0.18649891239299984,0.9861709703726711
425,1.0232866053169736,0.0,9.84429644573199,0.999972529810058,0.0,9.365724032498871,-0.0,-0.2,0.10484182196110771,-1.722975896030182,0.2,0.10484182196110771,1.722975896030182,-0.1,0.05555072827166581,-0.8982771468237695,0.1,0.05555072827166581,0.8982771468237695,-0.30000000000000004,0.05463900465772032,-2.109268329539272,0.30000000000000004,0.05463900465772032,2.109268329539272,-0.4,0.048509303452131856,-2.722528974643101,0.9302796810412216
426,1.090963312044339,0.0,10.267488316120218,0.9999265481616425,0.0,9.46392050826923,-0.0,-0.1,0.1397310533183791,-0.9445520127820717,0.1,0.1397310533183791,0.9445520127820717,-0.2,0.13233680038441836,-2.1562383149421787,0.2,0.13233680038441836,2.1562383149421787,-0.5,0.09061277048487781,-3.141592653589793,-0.30000000000000004,0.08440966498025856,-2.474171227471154,0.30000000000000004,0.08440966498025856,2.474171227471154,0.9258257884842269
427,1.1163168478614758,0.0,10.871284156254573,0.9997626203169905,0.0,9.64009717661514,-0.0,-0.1,0.2818150744488728,-1.0417289442547477,0.1,0.2818150744488728,1.0417289442547477,-0.2,0.1509483001144242,-2.075989201299352,0.2,0.1509483001144242,2.075989201299352,-0.4,0.12199587804405093,-2.64235526218697,0.4,0.12199587804405093,2.64235526218697,-0.30000000000000004,0.12166847442473709,-2.328802081766587,0.9480610533252802
428,1.1184783232124198,0.0,11.35641519581119,0.9998039815690943,0.0,9.825273759218534,-0.0,-0.1,0.40790828522944433,-1.2673525389437779,0.1,0.40790828522944433,1.2673525389437779,-0.2,0.17326125190544905,-2.1236298232245585,0.2,0.17326125190544905,2.1236298232245585,-0.30000000000000004,0.13459483879025372,-2.601077377084472,0.30000000000000004,0.13459483879025372,2.601077377084472,-0.5,0.09961268474236107,-3.141592653589793,0.9556659732159324
429,1.0789001215907243,0.0,11.619964700012842,0.9998606789719956,0.0,10.007584259988601,-0.0,-0.1,0.4940330360400665,-1.5357874401251514,0.1,0.4940330360400665,1.5357874401251514,-0.2,0.17344596336362086,-2.272876313336756,0.2,0.17344596336362086,2.272876313336756,-0.30000000000000004,0.0962958722793637,-2.6876586626891283,0.30000000000000004,0.0962958722793637,2.6876586626891283,-0.4,0.08483069665813861,-2.497206731482181,0.9577235720726811
430,1.0191594879089616,0.0,11.682960708418998,0.9999312316244495,0.0,10.143812540626323,-0.0,-0.1,0.5170474908237025,-1.897652218635311,0.1,0.5170474908237025,1.897652218635311,-0.2,0.13462194047326534,-2.6465701211887804,0.2,0.13462194047326534,2.6465701211887804,-0.4,0.08530255037109438,3.129675105145004,0.4,0.08530255037109438,-3.129675105145004,-0.30000000000000004,0.06520420445654936,-2.5893847302996,0.9348769703080521
431,0.9868103271692745,0.0,11.511069035453872,0.9999981232334814,0.0,10.238999384556227,-0.0,-0.1,0.4947679279452185,-2.342746070742976,0.1,0.4947679279452185,2.342746070742976,-0.2,0.06805600718752762,3.10671288487071,0.2,0.06805600718752762,-3.10671288487071,-0.30000000000000004,0.05238270065613156,-2.596447873736716,0.30000000000000004,0.05238270065613156,2.596447873736716,-0.5,0.04165637931988897,-3.141592653589793,0.9281499325917437
432,0.9494332198470726,0.0,11.396059338240102,0.9999987300064325,0.0,10.2991405662192,-0.0,-0.1,0.45486343220902853,-2.876181143696736,0.1,0.45486343220902853,2.876181143696736,-0.4,0.053153093493225244,-2.638444395342023,0.4,0.053153093493225244,2.638444395342023,0.30000000000000004,0.031200459136653667,2.9413438802588545,-0.30000000000000004,0.031200459136653667,-2.9413438802588545,-0.5,0.01848480234308525,-3.141592653589793,0.924849780379887
433,0.9275630607526877,0.0,11.313734791835895,0.9999989561788025,0.0,10.323759182682407,-0.0,-0.1,0.43115520760882076,2.793663677289098,0.1,0.43115520760882076,-2.793663677289098,-0.4,0.03374252450216789,1.4909643149488767,0.4,0.03374252450216789,-1.4909643149488767,-0.2,0.025788362563539818,-0.9321682948386377,0.2,0.025788362563539818,0.9321682948386377,-0.30000000000000004,0.008603419804430409,2.0624041863033846,0.9545182829784971
434,0.9279884249638207,0.0,11.384791629320683,0.9999898501075524,0.0,10.297823461092399,-0.0,-0.1,0.4556227025786863,2.1847545860841144,0.1,0.4556227025786863,-2.1847545860841144,-0.4,0.040885695963927056,-0.3377568473776656,0.4,0.040885695963927056,0.3377568473776656,-0.5,0.03206953571012772,-0.0,0.30000000000000004,0.03094091771646467,-1.0089828530364913,-0.30000000000000004,0.03094091771646467,1.0089828530364913,0.9915034967434957
435,0.9467028494623655,0.0,11.513279391465556,0.9999886537875914,0.0,10.23889973066775,-0.0,-0.1,0.49193246332503165,1.6544983069963612,0.1,0.49193246332503165,-1.6544983069963612,-0.2,0.08196165908208813,1.8404328378206671,0.2,0.08196165908208813,-1.8404328378206671,-0.30000000000000004,0.04986861063452181,0.7038281296996877,0.30000000000000004,0.04986861063452181,-0.7038281296996877,-0.5,0.026854194714521995,-0.0,1.0215869244066595
436,0.9721223655913979,0.0,11.616976341828025,0.9999518273243707,0.0,10.162315974813142,-0.0,-0.1,0.5041448613699432,1.1781403564514608,0.1,0.5041448613699432,-1.1781403564514608,-0.2,0.1262018111722449,1.208564027657394,0.2,0.1262018111722449,-1.208564027657394,-0.4,0.07184005651173372,0.303583228673165,0.4,0.07184005651173372,-0.303583228673165,-0.30000000000000004,0.050286908907039664,0.559848917421767,1.0817293683526714
437,0.9962945698924731,0.0,11.496108546359245,0.9999410152941369,0.0,10.0434750283602,-0.0,-0.1,0.4716296421461807,0.7847804552660035,0.1,0.4716296421461807,-0.7847804552660035,-0.2,0.13935798902054558,0.8749616048047144,0.2,0.13935798902054558,-0.8749616048047144,-0.30000000000000004,0.08077343517636909,0.9196771228739041,0.30000000000000004,0.08077343517636909,-0.9196771228739041,-0.5,0.06911138531285488,-0.0,1.1056557448299826
438,1.0138256989247312,0.0,11.197232970036886,0.9999272437297616,0.0,9.923452750391197,-0.0,-0.1,0.39590070595361915,0.3723713790748097,0.1,0.39590070595361915,-0.3723713790748097,-0.2,0.11127579454363501,0.5935837092080942,0.2,0.11127579454363501,-0.5935837092080942,-0.30000000000000004,0.09580361461359009,0.5215948574435265,0.30000000000000004,0.09580361461359009,-0.5215948574435265,-0.4,0.06781998942400058,0.4477013790706816,1.1072736380059784
439,1.0220827419354839,0.0,10.706141007383302,0.999943180150143,0.0,9.818800126103508,-0.0,-0.1,0.3008394152375801,-0.12904335497039338,0.1,0.3008394152375801,0.12904335497039338,-0.2,0.06346591652190216,0.510989385017385,0.2,0.06346591652190216,-0.510989385017385,-0.5,0.05374173163154072,-0.0,-0.4,0.052494243064645334,0.034803202562403136,0.4,0.052494243064645334,-0.034803202562403136,1.0684860608464168
440,1.0298503771659075,0.0,10.333016230734145,0.9999996671337784,0.0,9.761982746448268,-0.0,-0.1,0.24460374768817483,-0.7872578412554642,0.1,0.24460374768817483,0.7872578412554642,-0.2,0.03107165401733687,0.36111738971213503,0.2,0.03107165401733687,-0.36111738971213503,-0.30000000000000004,0.007480099221089302,0.37336703000988547,0.30000000000000004,0.007480099221089302,-0.37336703000988547,-0.4,0.004722482432675692,0.23117271577935997,1.0183922374350827
441,1.0319341589666196,0.0,10.4107487041317,0.9999955623563387,0.0,9.772673635705214,-0.0,-0.1,0.25226299321208084,-1.3855490430637274,0.1,0.25226299321208084,1.3855490430637274,-0.2,0.04124633401926223,-0.98722727606812,0.2,0.04124633401926223,0.98722727606812,-0.30000000000000004,0.017865212698113673,-1.7316350497335704,0.30000000000000004,0.017865212698113673,1.7316350497335704,-0.4,0.015325988567573041,-2.4426155636200284,0.9893601864927231
442,1.0318087528488624,0.0,10.625011511576393,0.999977259662781,0.0,9.81779746750256,-0.0,-0.1,0.2643218966304177,-1.845275415119704,0.1,0.2643218966304177,1.845275415119704,-0.2,0.07608203604960467,-1.7261007066368628,0.2,0.07608203604960467,1.7261007066368628,-0.30000000000000004,0.045794359631177825,-2.280253409911522,0.30000000000000004,0.045794359631177825,2.280253409911522,-0.4,0.0348174594514319,-2.8004323238441504,0.95585003204436
443,1.0490737988068537,0.0,10.792739690200948,0.9999471916472946,0.0,9.90017300050435,-0.0,-0.1,0.2546536613347368,-2.1569578525709483,0.1,0.2546536613347368,2.1569578525709483,-0.2,0.10312779905752122,-2.0733012987137522,0.2,0.10312779905752122,2.0733012987137522,-0.30000000000000004,0.06299276521349624,-2.4692004480358487,0.30000000000000004,0.06299276521349624,2.4692004480358487,-0.5,0.05101823848508946,-3.141592653589793,0.936952250340597
444,1.0319232511162681,0.0,10.920164552914281,0.9998914562276567,0.0,10.021683738558515,-0.0,-0.1,0.2130254890630647,-2.2900997118911577,0.1,0.2130254890630647,2.2900997118911577,-0.2,0.11545411644287568,-2.155811307973334,0.2,0.11545411644287568,2.155811307973334,-0.30000000000000004,0.08219802487549344,-2.3825699093219788,0.30000000000000004,0.08219802487549344,2.3825699093219788,-0.4,0.07712555359289971,-2.7716842954578453,0.942228556743749
445,1.0147499611281379,0.0,10.84906799237435,0.9999715303402167,0.0,10.125618564710964,-0.0,-0.1,0.16433788439468952,-2.4225825550742663,0.1,0.16433788439468952,2.4225825550742663,-0.2,0.10430409193853607,-2.4319906069194497,0.2,0.10430409193853607,2.4319906069194497,-0.30000000000000004,0.0718510509122498,-2.791404749606716,0.30000000000000004,0.0718510509122498,2.791404749606716,-0.4,0.04246337317243603,3.0535545379468902,0.9542769739999067
446,1.0085032284453794,0.0,10.661393715287137,0.999988303543573,0.0,10.193665676376735,-0.0,-0.1,0.12168934184486581,-2.6737179540281644,0.1,0.12168934184486581,2.6737179540281644,-0.2,0.06885481081683918,-2.989057136607251,0.2,0.06885481081683918,2.989057136607251,-0.5,0.034604785082400724,-3.141592653589793,-0.4,0.02601747425229556,-2.36927465586791,0.4,0.02601747425229556,2.36927465586791,0.9768455354832076
447,0.9920618225377626,0.0,10.543564494481332,0.9999979332401041,0.0,10.230046539230717,-0.0,-0.1,0.09071450679101874,-3.1201667763132015,0.1,0.09071450679101874,3.1201667763132015,-0.2,0.033357583263207966,2.2039749279160255,0.2,0.033357583263207966,-2.2039749279160255,-0.4,0.02538650917691843,2.9730856879182834,0.4,0.02538650917691843,-2.9730856879182834,-0.30000000000000004,0.014600756788325515,-1.3780906256242167,0.9961925509687369
448,1.0047000597014926,0.0,10.561292630372357,0.9999976715533994,0.0,10.225813791876007,-0.0,-0.1,0.09494632592893881,2.5337448984150743,0.1,0.09494632592893881,-2.5337448984150743,-0.2,0.03602411174749273,1.042200877408098,0.2,0.03602411174749273,-1.042200877408098,-0.4,0.029567827751167453,0.4838222913750351,0.4,0.029567827751167453,-0.4838222913750351,-0.30000000000000004,0.014402307641150624,2.727527679485308,1.0145433374703594
449,1.0261796471506008,0.0,10.55462462724833,0.9999953112139692,0.0,10.216688152652768,-0.0,-0.1,0.10256986269524639,1.9562591980608786,0.1,0.10256986269524639,-1.9562591980608786,-0.2,0.03239490519477406,0.031281365396830484,0.2,0.03239490519477406,-0.031281365396830484,-0.30000000000000004,0.023051045666977757,1.0025327388379215,0.30000000000000004,0.023051045666977757,-1.0025327388379215,-0.4,0.021904847481566656,-1.8344280041406476,1.0223418755848859
450,1.0387812427185406,0.0,10.568157660626811,0.9999951969168513,0.0,10.220785057867884,-0.0,-0.1,0.1011007749106951,1.2903822468604882,0.1,0.1011007749106951,-1.2903822468604882,-0.2,0.03649003109095532,-1.2288672346378666,0.2,0.03649003109095532,1.2288672346378666,-0.30000000000000004,0.02549083282209335,-1.0183019257117332,0.30000000000000004,0.02549083282209335,1.0183019257117332,-0.4,0.021209325111440518,2.123072870222562,1.0316844468829696
451,1.0437507490141025,0.0,10.598743441576358,0.9999968110936918,0.0,10.229715923420517,-0.0,-0.1,0.10392737034043502,0.5793923497207267,0.1,0.10392737034043502,-0.5793923497207267,-0.2,0.04037110689272446,-2.275552488920125,0.2,0.04037110689272446,2.275552488920125,-0.30000000000000004,0.031120657819021263,-2.65648171660242,0.30000000000000004,0.031120657819021263,2.65648171660242,-0.4,0.018189248051480183,-0.8214456785059128,1.030866888417027
452,1.0671191667567939,0.0,10.614038732702612,0.9999946673270209,0.0,10.241532513468002,-0.0,-0.1,0.11399917634897949,-0.10570944212483895,0.1,0.11399917634897949,0.10570944212483895,-0.2,0.033931515268413204,3.0194951477304475,0.2,0.033931515268413204,-3.0194951477304475,-0.4,0.027627742261484258,-3.0162243889768616,0.4,0.027627742261484258,3.0162243889768616,-0.30000000000000004,0.021389351476855657,2.0022979279666497,1.0337132752757703
453,1.0647954444340522,0.0,10.683115905660205,0.9999996263378204,0.0,10.276842927375931,-0.0,-0.1,0.1491590235474453,-0.709047359939375,0.1,0.1491590235474453,0.709047359939375,-0.30000000000000004,0.03275013382038312,-1.2498746588504819,0.30000000000000004,0.03275013382038312,1.2498746588504819,-0.5,0.025210970101016805,-3.141592653589793,0.4,0.008621846723800149,2.925529809257678,-0.4,0.008621846723800149,-2.925529809257678,1.0481868861065597
454,1.0546294844573667,0.0,10.74630953106499,0.9999989299239016,0.0,10.29256457300313,-0.0,-0.1,0.1614163894013635,-1.2739063451115151,0.1,0.1614163894013635,1.2739063451115151,-0.30000000000000004,0.0405533479585775,-2.7580964998181163,0.30000000000000004,0.0405533479585775,2.7580964998181163,-0.2,0.020158079434079698,-1.2702593490338974,0.2,0.020158079434079698,1.2702593490338974,-0.5,0.009489324473818783,-0.0,1.0333217512678976
455,1.0319922125874383,0.0,10.797989679873627,0.9999952147315999,0.0,10.315270806344229,-0.0,-0.1,0.1694558667391711,-1.773738831731517,0.1,0.1694558667391711,1.773738831731517,-0.2,0.03453864898886424,-1.8479822570371915,0.2,0.03453864898886424,1.8479822570371915,-0.5,0.032195557814917564,-3.141592653589793,-0.30000000000000004,0.021267142129204924,2.0510868031859113,0.30000000000000004,0.021267142129204924,-2.0510868031859113,1.0176211390214933
456,0.9718441390533341,0.0,10.789917998084489,0.9999989332277458,0.0,10.33251305780353,-0.0,-0.1,0.1668376295024975,-2.3006571112187397,0.1,0.1668376295024975,2.3006571112187397,-0.2,0.034121592709482555,-2.5970784642688125,0.2,0.034121592709482555,2.5970784642688125,-0.30000000000000004,0.020266594750691785,-0.6887855618031018,0.30000000000000004,0.020266594750691785,0.6887855618031018,-0.5,0.014953306355616647,-0.0,1.0097901664331446
457,0.9226647954688312,0.0,10.929846945908771,0.9999898334042051,0.0,10.295853968411484,-0.0,-0.1,0.19322193955289993,-3.0708471288133374,0.1,0.19322193955289993,3.0708471288133374,-0.2,0.06817698976111526,2.1472040361772033,0.2,0.06817698976111526,-2.1472040361772033,-0.4,0.043274067056188706,0.5370050042767528,0.4,0.043274067056188706,-0.5370050042767528,-0.30000000000000004,0.024646984756878328,1.8065792449872236,0.9904670084288837
458,0.8976778619128782,0.0,11.198733943524633,0.9999708336215913,0.0,10.226456941342551,-0.0,-0.1,0.2624912158107119,2.5653305636166612,0.1,0.2624912158107119,-2.5653305636166612,-0.2,0.12091853647641239,1.3925737216474727,0.2,0.12091853647641239,-1.3925737216474727,-0.30000000000000004,0.07888312678766585,0.9479537350378912,0.30000000000000004,0.07888312678766585,-0.9479537350378912,-0.5,0.047691244032502134,-0.0,0.9968853042180806
459,0.912251070197614,0.0,11.371545265705418,0.9999207801174198,0.0,10.119434743553938,-0.0,-0.1,0.3570246738618758,2.1010851928625938,0.1,0.3570246738618758,-2.1010851928625938,-0.2,0.14658334821921304,0.9376472924379443,0.2,0.14658334821921304,-0.9376472924379443,-0.30000000000000004,0.08846916111958122,0.4467411130801968,0.30000000000000004,0.08846916111958122,-0.4467411130801968,-0.4,0.06795615575013896,0.6132300503244971,1.0146891425176314
460,0.9348610154318118,0.0,11.295392943696388,0.9999477417054887,0.0,10.005506166600952,-0.0,-0.1,0.42613620587445133,1.7054964460727842,0.1,0.42613620587445133,-1.7054964460727842,-0.2,0.12126020251403687,0.5403716598133519,0.2,0.12126020251403687,-0.5403716598133519,-0.4,0.07024816856079212,0.037868962935300954,0.4,0.07024816856079212,-0.037868962935300954,-0.5,0.054597623196875666,-0.0,1.0294010550548345
461,0.9568783508329719,0.0,11.100927122667423,0.9999767588683719,0.0,9.901585939314222,-0.0,-0.1,0.4519796473039187,1.3070363075537048,0.1,0.4519796473039187,-1.3070363075537048,-0.2,0.06238291631661378,0.3131570182948733,0.2,0.06238291631661378,-0.3131570182948733,-0.30000000000000004,0.06064672601114188,0.909020799532979,0.30000000000000004,0.06064672601114188,-0.909020799532979,-0.5,0.04932260408985378,-0.0,1.0379816929049437
462,0.9730761251636576,0.0,10.986305792925709,0.9999767012165504,0.0,9.814713541133091,-0.0,-0.1,0.4374458871904074,0.8716342837893003,0.1,0.4374458871904074,-0.8716342837893003,-0.30000000000000004,0.0689175195760323,0.4892928276175647,0.30000000000000004,0.0689175195760323,-0.4892928276175647,-0.4,0.0606578220842311,0.3327284542400519,0.4,0.0606578220842311,-0.3327284542400519,-0.5,0.03754979409127657,-0.0,1.0651647447224433
463,0.964660230169275,0.0,10.81778026532745,0.9999632899739698,0.0,9.720670499539956,-0.0,-0.1,0.38373316039158245,0.4320087055783886,0.1,0.38373316039158245,-0.4320087055783886,-0.2,0.09018294106053415,1.520854526715242,0.2,0.09018294106053415,-1.520854526715242,-0.5,0.05649324750185958,-0.0,-0.30000000000000004,0.04639215769069994,0.48374629550328513,0.30000000000000004,0.04639215769069994,-0.48374629550328513,1.0565262464922642
464,0.9698424008960704,0.0,10.659664487583182,0.9999418889467004,0.0,9.620535285275178,-0.0,-0.1,0.2957842240003736,-0.05408494776325993,0.1,0.2957842240003736,0.05408494776325993,-0.2,0.13137123444697743,1.129503129299073,0.2,0.13137123444697743,-1.129503129299073,-0.30000000000000004,0.06288381795643745,0.9063963770016742,0.30000000000000004,0.06288381795643745,-0.9063963770016742,-0.4,0.05905064950042819,0.5341866958739163,1.0451828987615364
465,0.9673138550984608,0.0,10.383023511779921,0.9999588167620264,0.0,9.535748201713883,-0.0,-0.1,0.21117086704928298,-0.704110211364645,0.1,0.21117086704928298,0.704110211364645,-0.2,0.12219848220288278,0.5510460167430843,0.2,0.12219848220288278,-0.5510460167430843,-0.30000000000000004,0.06758896553780298,0.4346784830681714,0.30000000000000004,0.06758896553780298,-0.4346784830681714,-0.4,0.04535868048610075,-0.09627420581665552,1.0233628374792216
466,0.9960656810561449,0.0,10.036641587061633,0.9999910790978885,0.0,9.471069844224905,-0.0,-0.1,0.16720113514064905,-1.5855391387877211,0.1,0.16720113514064905,1.5855391387877211,-0.2,0.07515575867014433,-0.23816824780594817,0.2,0.07515575867014433,0.23816824780594817,-0.30000000000000004,0.028662357262270732,-0.1961423945137581,0.30000000000000004,0.028662357262270732,0.1961423945137581,-0.5,0.02353324069059859,-0.0,0.9691967272681458
467,0.9983612159273559,0.0,10.183212435704068,0.9999639139407641,0.0,9.495291386227716,-0.0,-0.1,0.1685926869443578,-2.0697055626051206,0.1,0.1685926869443578,2.0697055626051206,-0.2,0.09885886485302553,-1.4369692682058588,0.2,0.09885886485302553,1.4369692682058588,-0.30000000000000004,0.05263158159408666,-1.9912884302141793,0.30000000000000004,0.05263158159408666,1.9912884302141793,-0.5,0.047754782693409936,-3.141592653589793,0.9269615809004935
468,0.9805472775920876,0.0,10.340767938667105,0.9999467131703127,0.0,9.57098780668624,-0.0,-0.1,0.1481254726589764,-2.232672361776369,0.1,0.1481254726589764,2.232672361776369,-0.2,0.13228747443296018,-2.090631593554616,0.2,0.13228747443296018,2.090631593554616,-0.30000000000000004,0.07243892620433401,-2.6101387256293447,0.30000000000000004,0.07243892620433401,2.6101387256293447,-0.4,0.0640763853883215,-3.075519212073982,0.9068656824032971
469,0.9682307333418066,0.0,10.25924285405656,0.9999919288710251,0.0,9.653857222365449,-0.0,-0.1,0.11713253763449323,-2.268905989361755,0.1,0.11713253763449323,2.268905989361755,-0.2,0.1160873304566262,-2.679093381897577,0.2,0.1160873304566262,2.679093381897577,-0.5,0.05492777791409509,-3.141592653589793,-0.30000000000000004,0.04200905879738825,-2.9480949559359604,0.30000000000000004,0.04200905879738825,2.9480949559359604,0.9158118142263343
470,0.95938225381448,0.0,10.12923454084427,0.9999969880721128,0.0,9.709836885509642,-0.0,-0.1,0.09178457015970842,-2.411079228945016,0.1,0.09178457015970842,2.411079228945016,-0.2,0.0705577829114717,2.7092979282995535,0.2,0.0705577829114717,-2.7092979282995535,-0.4,0.03894587877785752,-2.7124467167760224,0.4,0.03894587877785752,2.7124467167760224,-0.30000000000000004,0.016821191636551505,-2.3858715192838726,0.936190411877152
471,0.9630056181062915,0.0,10.046263552292777,0.9999940098286092,0.0,9.73435812389231,-0.0,-0.1,0.07531902002327737,-2.8204179006256367,0.1,0.07531902002327737,2.8204179006256367,-0.2,0.0493729711364546,1.2430538277072536,0.2,0.0493729711364546,-1.2430538277072536,-0.5,0.023469353152570704,-3.141592653589793,-0.4,0.01952604646421597,1.6072922650639354,0.4,0.01952604646421597,-1.6072922650639354,0.9598315608504403
472,0.9795937157096258,0.0,10.040736350953338,0.9999970397526406,0.0,9.740485391165631,-0.0,-0.1,0.06953197841202231,2.8622708116917446,0.1,0.06953197841202231,-2.8622708116917446,-0.2,0.051672051389320794,-0.1260884973299967,0.2,0.051672051389320794,0.1260884973299967,-0.4,0.020250407152884894,-1.2131636248473774,0.4,0.020250407152884894,1.2131636248473774,-0.5,0.01734208587925057,-0.0,0.9740854587721245
473,0.9973521945187547,0.0,10.060423864813407,0.999997534247164,0.0,9.7470029817116,-0.0,-0.1,0.0632925057388821,2.205557667903739,0.1,0.0632925057388821,-2.205557667903739,-0.2,0.058143678324745714,-1.3686286770702298,0.2,0.058143678324745714,1.3686286770702298,-0.5,0.0238596764252188,-3.141592653589793,-0.4,0.02334441927466613,2.8213521303470945,0.4,0.02334441927466613,-2.8213521303470945,0.962711480378667
474,1.0143646629386192,0.0,10.124718340888514,0.9999974599574003,0.0,9.779694946061078,-0.0,-0.2,0.07219972408085416,-2.1656796882401763,0.2,0.07219972408085416,2.1656796882401763,-0.1,0.051193231781025576,1.0371544239496948,0.1,0.051193231781025576,-1.0371544239496948,-0.30000000000000004,0.04269657997857488,-1.995554063378605,0.30000000000000004,0.04269657997857488,1.995554063378605,-0.4,0.012844323146528128,-1.9041659069729382,0.9711459331239686
475,1.032516429481574,0.0,10.247211698644943,0.9999684426165666,0.0,9.824217208103628,-0.0,-0.1,0.08319705216870002,-0.06998866968078661,0.1,0.08319705216870002,0.06998866968078661,-0.2,0.059934529151883034,-2.7596298692120804,0.2,0.059934529151883034,2.7596298692120804,-0.30000000000000004,0.04731245005855455,-2.850302875793899,0.30000000000000004,0.04731245005855455,2.850302875793899,-0.4,0.04210642778303996,-2.8056729410324692,0.9748581520933918
476,1.0509112034084684,0.0,10.322150417961753,0.9999881458092548,0.0,9.88941978248674,-0.0,-0.1,0.14831010675674247,-0.6675578773803937,0.1,0.14831010675674247,0.6675578773803937,-0.5,0.02951260026482494,-3.141592653589793,0.4,0.028988474116208546,3.0125685799730264,-0.4,0.028988474116208546,-3.0125685799730264,-0.2,0.024310436732142785,-2.4220542676102546,0.2,0.024310436732142785,2.4220542676102546,0.9998790383338411
477,1.0644428547986318,0.0,10.51657568548204,0.9999864934334664,0.0,9.944265304839064,-0.0,-0.1,0.19437075626578995,-1.1202928715188338,0.1,0.19437075626578995,1.1202928715188338,-0.2,0.039917716233411206,-1.6696414504255241,0.2,0.039917716233411206,1.6696414504255241,-0.30000000000000004,0.03868512602957745,-2.2750567232663865,0.30000000000000004,0.03868512602957745,2.2750567232663865,-0.4,0.026363183585417532,-2.655229615725474,1.0032251155058256
478,1.0540892260221135,0.0,10.765297761716038,0.9999637012039889,0.0,10.010346943710339,-0.0,-0.1,0.2309374521952006,-1.4880780888673457,0.1,0.2309374521952006,1.4880780888673457,-0.2,0.07375352820220825,-1.8253991266365466,0.2,0.07375352820220825,1.8253991266365466,-0.30000000000000004,0.050526882954915135,-2.507966330677303,0.30000000000000004,0.050526882954915135,2.507966330677303,-0.4,0.04451509130105073,-2.793753759389002,0.9888070644502073
479,1.0623341721854305,0.0,10.884196983856606,0.9999773147965653,0.0,10.083888892140365,-0.0,-0.1,0.24808673335551548,-1.8164985103920062,0.1,0.24808673335551548,1.8164985103920062,-0.2,0.09008786608391241,-2.1711947336302857,0.2,0.09008786608391241,2.1711947336302857,-0.30000000000000004,0.044410473726948126,-2.624043014713245,0.30000000000000004,0.044410473726948126,2.624043014713245,-0.4,0.035137945383487655,-2.9597981024634348,0.9749659466309145
480,1.0439738410596027,0.0,11.017007069531978,0.9999312904215689,0.0,10.17799233098399,-0.0,-0.1,0.24299244885982174,-2.0597318995108855,0.1,0.24299244885982174,2.0597318995108855,-0.2,0.0859773527013835,-2.3009082504464575,0.2,0.0859773527013835,2.3009082504464575,-0.5,0.061310207197375455,-3.141592653589793,-0.4,0.059882464114101176,-2.6195612689257706,0.4,0.059882464114101176,2.6195612689257706,0.9669922691530499
481,1.028399735099338,0.0,11.010058338673502,0.9999762707387958,0.0,10.262583918229112,-0.0,-0.1,0.2165459473956367,-2.3359498023371095,0.1,0.2165459473956367,2.3359498023371095,-0.2,0.06961605680452754,-2.4252652025204,0.2,0.06961605680452754,2.4252652025204,-0.30000000000000004,0.06543969949407885,-2.66453087598131,0.30000000000000004,0.06543969949407885,2.66453087598131,-0.4,0.04427101305590254,3.0296510990179493,0.9697331485619208
482,1.0146950610982335,0.0,10.882158638653184,0.999990960686166,0.0,10.32797803522216,-0.0,-0.1,0.1776277108463766,-2.6955046448661277,0.1,0.1776277108463766,2.6955046448661277,-0.2,0.047493382668250594,-2.5526203584567733,0.2,0.047493382668250594,2.5526203584567733,-0.5,0.042112736945298934,-3.141592653589793,-0.30000000000000004,0.03091283972823614,3.0645314775919497,0.30000000000000004,0.03091283972823614,-3.0645314775919497,0.982474970312242
483,1.0026197336813956,0.0,10.770106479383216,0.9999995535331113,0.0,10.363079380610767,-0.0,-0.1,0.14674485062549214,3.062746503538768,0.1,0.14674485062549214,-3.062746503538768,-0.2,0.02674563583920484,-2.992317399399952,0.2,0.02674563583920484,2.992317399399952,-0.4,0.02651736714318118,3.0944755633243384,0.4,0.02651736714318118,-3.0944755633243384,-0.5,0.007011391556692281,-0.0,0.9971640591466737
484,0.9871455441353151,0.0,10.74923050268622,0.9999988536653778,0.0,10.368346919773407,-0.0,-0.1,0.141494284664914,2.4314957301081073,0.1,0.141494284664914,-2.4314957301081073,-0.2,0.021550919635149882,2.070589799670377,0.2,0.021550919635149882,-2.070589799670377,-0.4,0.021257121796677027,0.5695298260042895,0.4,0.021257121796677027,-0.5695298260042895,-0.5,0.012278930719332948,-3.141592653589793,1.0156625382239506
485,0.9862274574184281,0.0,10.858909873954785,0.9999959214168771,0.0,10.341127800970103,-0.0,-0.1,0.16310260570275906,1.912185465966567,0.1,0.16310260570275906,-1.912185465966567,-0.2,0.0420424681000426,1.418303871343804,0.2,0.0420424681000426,-1.418303871343804,-0.5,0.0394980495226358,-0.0,-0.30000000000000004,0.033996937928220984,1.3869934769424244,0.30000000000000004,0.033996937928220984,-1.3869934769424244,1.0296613424292829
486,0.9994205254797812,0.0,10.91436524293718,0.9999897667093735,0.0,10.294838828906958,-0.0,-0.1,0.18384900120463618,1.5233980841414922,0.1,0.18384900120463618,-1.5233980841414922,-0.2,0.057610795644321845,1.0792801585025427,0.2,0.057610795644321845,-1.0792801585025427,-0.30000000000000004,0.05218445682448841,0.5614843850056069,0.30000000000000004,0.05218445682448841,-0.5614843850056069,-0.4,0.03223790668332951,0.7463685511196315,1.0478653350115594
487,0.9962040216566093,0.0,10.848578320421547,0.999984276156926,0.0,10.24334815097827,-0.0,-0.1,0.18855951125227985,1.1713476823390399,0.1,0.18855951125227985,-1.1713476823390399,-0.2,0.056304645242060095,0.7604136319804112,0.2,0.056304645242060095,-0.7604136319804112,-0.5,0.044699755388178275,-0.0,-0.4,0.0354010505332093,-0.0382713027927065,0.4,0.0354010505332093,0.0382713027927065,1.0587054864017547
488,1.0014411087269808,0.0,10.729810846576825,0.999984209567902,0.0,10.175109317836247,-0.0,-0.1,0.17378993947081256,0.9131627441446929,0.1,0.17378993947081256,-0.9131627441446929,-0.2,0.047529622342419205,0.9296906786339763,0.2,0.047529622342419205,-0.9296906786339763,-0.30000000000000004,0.03958539890229865,1.297723794622245,0.30000000000000004,0.03958539890229865,-1.297723794622245,-0.4,0.0328916073095174,0.6695113109819927,1.0491562049527088
489,1.0114059911760125,0.0,10.655097090438746,0.9999806351790609,0.0,10.122461200541114,-0.0,-0.1,0.14761206583021264,0.5710137232215504,0.1,0.14761206583021264,-0.5710137232215504,-0.30000000000000004,0.05669834367538702,0.519317672343371,0.30000000000000004,0.05669834367538702,-0.519317672343371,-0.2,0.04514060847276715,0.8805372798597915,0.2,0.04514060847276715,-0.8805372798597915,-0.4,0.03373385394089839,-0.021583018458985002,1.0560506685131812
490,1.0155902110373525,0.0,10.448923764911045,0.9999941567192498,0.0,10.071533019531696,-0.0,-0.1,0.10831924948144075,0.1996314076152492,0.1,0.10831924948144075,-0.1996314076152492,-0.2,0.04127623983547271,0.881614778793145,0.2,0.04127623983547271,-0.881614778793145,-0.30000000000000004,0.028190312638695734,-0.2536384410075274,0.30000000000000004,0.028190312638695734,0.2536384410075274,-0.5,0.021819141468129466,-0.0,1.0412760533515057
491,1.0115193698602991,0.0,10.312232898113136,0.9999990649383234,0.0,10.043149389509447,-0.0,-0.1,0.08069587191088136,-0.35887838185072735,0.1,0.08069587191088136,0.35887838185072735,-0.2,0.031927149259675554,0.38110631360135755,0.2,0.031927149259675554,-0.38110631360135755,-0.4,0.018339725071188643,0.00535773844704178,0.4,0.018339725071188643,-0.00535773844704178,-0.30000000000000004,0.007158016120198561,2.673820732767442,1.0283821929685886
492,1.0090228513409507,0.0,10.24874799744638,0.9999999574558455,0.0,10.026269024270407,-0.0,-0.1,0.06516121275389349,-1.0783094782935088,0.1,0.06516121275389349,1.0783094782935088,-0.30000000000000004,0.02349220089093637,1.1188134170088124,0.30000000000000004,0.02349220089093637,-1.1188134170088124,-0.2,0.01742813460069667,-0.5069870953546165,0.2,0.01742813460069667,0.5069870953546165,-0.5,0.010315876684918734,-0.0,1.014919596852913
493,1.0042500666666667,0.0,10.22160464532307,0.9999993167568904,0.0,10.020596814513125,-0.0,-0.1,0.06267888344784166,-1.7864544971435408,0.1,0.06267888344784166,1.7864544971435408,-0.30000000000000004,0.021625475525941976,-0.5279417623639819,0.30000000000000004,0.021625475525941976,0.5279417623639819,-0.2,0.01276995294622245,-1.9810037177139403,0.2,0.01276995294622245,1.9810037177139403,-0.4,0.0068592069699347285,0.7653706453400322,1.002589465384705
494,0.997043724404767,0.0,10.225561956808432,0.9999992542352893,0.0,10.022227147498397,-0.0,-0.1,0.062350350031322166,-2.3892280103353096,0.1,0.062350350031322166,2.3892280103353096,-0.30000000000000004,0.023048469001553187,-2.377256610104167,0.30000000000000004,0.023048469001553187,2.377256610104167,-0.2,0.012211644019198718,-3.1149023544901913,0.2,0.012211644019198718,3.1149023544901913,-0.4,0.008113883205888293,-1.8875631051819748,0.9870969548221302
495,0.9890496204196378,0.0,10.212076854811329,0.9999998919388473,0.0,10.032125327767847,-0.0,-0.1,0.05553738606975792,-2.895449951731591,0.1,0.05553738606975792,2.895449951731591,-0.30000000000000004,0.017316086522957855,2.4276859722723145,0.30000000000000004,0.017316086522957855,-2.4276859722723145,-0.5,0.012911514211816133,-3.141592653589793,0.4,0.010666533823117007,-2.9620077474175366,-0.4,0.010666533823117007,2.9620077474175366,0.986432157208278
496,1.0119708259071483,0.0,10.197048277438592,0.9999998485527453,0.0,10.034947490769056,-0.0,-0.1,0.05280476221236722,2.772439912696565,0.1,0.05280476221236722,-2.772439912696565,-0.30000000000000004,0.015295110753158321,0.4216162680100604,0.30000000000000004,0.015295110753158321,-0.4216162680100604,-0.5,0.010089351210607056,-0.0,0.4,0.007905844763938113,-0.38492763237970234,-0.4,0.007905844763938113,0.38492763237970234,0.9989107947635618
497,1.046246640766387,0.0,10.247500989516988,0.9999954613481272,0.0,10.047497791196424,-0.0,-0.1,0.041348657783474,2.03438217641349,0.1,0.041348657783474,-2.03438217641349,-0.30000000000000004,0.027235029990582124,-1.653057166604656,0.30000000000000004,0.027235029990582124,1.653057166604656,-0.5,0.022639651637973657,-3.141592653589793,0.4,0.020098085567238858,2.365026995534154,-0.4,0.020098085567238858,-2.365026995534154,0.9954730723359541
498,1.0694604434111594,0.0,10.454441470308977,0.9999781895485721,0.0,10.097540410306202,-0.0,-0.2,0.05567008664561391,-1.5236472039017381,0.2,0.05567008664561391,1.5236472039017381,-0.30000000000000004,0.05497303682275747,-2.4013523454891197,0.30000000000000004,0.05497303682275747,2.4013523454891197,-0.1,0.04861542392454502,0.23615955334179836,0.1,0.04861542392454502,-0.23615955334179836,-0.4,0.038383965216941325,-2.889014077367431,1.0078980144771175
499,1.0573921733439666,0.0,10.709919089817207,0.9999798058370217,0.0,10.16555974499038,-0.0,-0.1,0.11584514849921924,-0.5299723141476808,0.1,0.11584514849921924,0.5299723141476808,-0.2,0.0899040036741396,-1.9235061187305926,0.2,0.0899040036741396,1.9235061187305926,-0.30000000000000004,0.04612233663386754,-2.8187669569511633,0.30000000000000004,0.04612233663386754,2.8187669569511633,-0.5,0.04061636721237427,-3.141592653589793,1.0175257832182112
500,1.0378397098354017,0.0,10.749327817578227,0.9999976233452492,0.0,10.211545927158335,-0.0,-0.1,0.15725075349621542,-1.0099165848376952,0.1,0.15725075349621542,1.0099165848376952,-0.2,0.08568026465217851,-2.652292017516129,0.2,0.08568026465217851,2.652292017516129,-0.4,0.018558110813494188,-3.1065076970437455,0.4,0.018558110813494188,3.1065076970437455,-0.30000000000000004,0.014803632496114596,2.9797682978877003,1.0175882148182755
501,0.9905031671714949,0.0,10.740674437608472,0.9999997302508428,0.0,10.233795425956384,-0.0,-0.1,0.17013238912734013,-1.5272667114689116,0.1,0.17013238912734013,1.5272667114689116,-0.2,0.06686430906460399,2.531299150798649,0.2,0.06686430906460399,-2.531299150798649,-0.5,0.016879683842469184,-3.141592653589793,-0.30000000000000004,0.00800296571286516,-1.5823244443441762,0.30000000000000004,0.00800296571286516,1.5823244443441762,1.0121950238553068
502,0.9738471417138244,0.0,10.810496270409276,0.9999902352899551,0.0,10.21277922326758,-0.0,-0.1,0.17051546973916523,-2.2790327975756433,0.1,0.17051546973916523,2.2790327975756433,-0.2,0.08494491315818029,1.4169340941857649,0.2,0.08494491315818029,-1.4169340941857649,-0.5,0.03789588653127396,-0.0,-0.4,0.024450197407866088,0.6958459841786212,0.4,0.024450197407866088,-0.6958459841786212,1.0092404301692468
503,0.9843327137616067,0.0,10.849800590517447,0.9999949619737722,0.0,10.177603513640452,-0.0,-0.1,0.1952337107474716,-3.044624767628001,0.1,0.1952337107474716,3.044624767628001,-0.2,0.0868165448637065,0.5722355010861566,0.2,0.0868165448637065,-0.5722355010861566,-0.30000000000000004,0.0427021248595327,0.7003517758195437,0.30000000000000004,0.0427021248595327,-0.7003517758195437,-0.4,0.02269231593557231,-0.13412887106747431,1.0022732345462102
504,1.0036688428666982,0.0,10.81289858371535,0.9999996936695942,0.0,10.157686160735395,-0.0,-0.1,0.21506614283195594,2.6012757244306792,0.1,0.21506614283195594,-2.6012757244306792,-0.2,0.07089736781633053,-0.5316802093592522,0.2,0.07089736781633053,0.5316802093592522,-0.30000000000000004,0.030323935937087678,-0.7475065268468558,0.30000000000000004,0.030323935937087678,0.7475065268468558,-0.5,0.022637529809206747,-0.0,0.9978164803159426
505,1.0302539227911942,0.0,10.836701671833547,0.9999998353129795,0.0,10.164311279197324,-0.0,-0.1,0.20941253412898156,1.956682317565981,0.1,0.20941253412898156,-1.956682317565981,-0.2,0.07668152850335762,-1.7445010741154003,0.2,0.07668152850335762,1.7445010741154003,-0.30000000000000004,0.03546980955020296,-2.5051417962993794,0.30000000000000004,0.03546980955020296,2.5051417962993794,-0.5,0.029262648271138225,-3.141592653589793,0.9893854708161688
506,1.0403806770948845,0.0,10.865629731330275,0.9999928268785755,0.0,10.205515581568882,-0.0,-0.1,0.19762607015636896,1.1339773302530298,0.1,0.19762607015636896,-1.1339773302530298,-0.2,0.08053375069697905,-2.4729831166729985,0.2,0.08053375069697905,2.4729831166729985,-0.4,0.03959703731485596,-2.5735823112463794,0.4,0.03959703731485596,2.5735823112463794,-0.30000000000000004,0.024600433424984792,-2.914274946669876,1.0155617485543862
507,1.0342747062592446,0.0,10.838270612359594,0.999999037106417,0.0,10.233925432756617,-0.0,-0.1,0.21121964668295015,0.38348087089272276,0.1,0.21121964668295015,-0.38348087089272276,-0.2,0.06084541491599379,2.8472076002082174,0.2,0.06084541491599379,-2.8472076002082174,-0.4,0.021873429658884978,1.9699256078490712,0.4,0.021873429658884978,-1.9699256078490712,-0.5,0.016468197087318615,-3.141592653589793,1.047575734970626
508,1.018221091171232,0.0,10.852956115880652,0.9999932509271942,0.0,10.221953498249476,-0.0,-0.1,0.20016738393411604,-0.2224579771424731,0.1,0.20016738393411604,0.2224579771424731,-0.2,0.07238572182229785,1.6385773590967823,0.2,0.07238572182229785,-1.6385773590967823,-0.4,0.02872813726194359,-0.14924913823270153,0.4,0.02872813726194359,0.14924913823270153,-0.5,0.02844013159446046,-0.0,1.0687875675381937
509,1.0138236899563318,0.0,10.780758332282812,0.9999897665597138,0.0,10.170714146009548,-0.0,-0.1,0.1506155215895978,-0.9259046326307249,0.1,0.1506155215895978,0.9259046326307249,-0.2,0.09147446851073122,0.9749543313638898,0.2,0.09147446851073122,-0.9749543313638898,-0.30000000000000004,0.051318711238324995,0.8882102284642901,0.30000000000000004,0.051318711238324995,-0.8882102284642901,-0.4,0.02322678359595612,0.8132862495287839,1.0535163052398813
510,1.0125142159040426,0.0,10.65286180571343,0.9999855920521996,0.0,10.127145662621912,-0.0,-0.1,0.1292058344367368,-1.8270762853301326,0.1,0.1292058344367368,1.8270762853301326,-0.2,0.07610865382243005,0.21192290659134544,0.2,0.07610865382243005,-0.21192290659134544,-0.30000000000000004,0.041364605795045785,-0.04006052395431508,0.30000000000000004,0.041364605795045785,0.04006052395431508,-0.4,0.03235795498309277,0.07968425511131741,1.0325372556002899
511,1.0079777419729048,0.0,10.520287160930197,0.9999992612908694,0.0,10.101820168690553,-0.0,-0.1,0.1378202752949894,-2.6341002837811103,0.1,0.1378202752949894,2.6341002837811103,-0.2,0.05162530303442084,-0.9413449351359685,0.2,0.05162530303442084,0.9413449351359685,-0.30000000000000004,0.016091428997860865,-1.9880903186692296,0.30000000000000004,0.016091428997860865,1.9880903186692296,-0.4,0.007392977585101765,-2.157413630602726,0.990456780127601
512,1.004396526410087,0.0,10.550697367488798,0.9999957635214674,0.0,10.119294743491963,-0.0,-0.1,0.12284199652157599,3.0899545481873445,0.1,0.12284199652157599,-3.0899545481873445,-0.2,0.06350356907953693,-1.9736679738547054,0.2,0.06350356907953693,1.9736679738547054,-0.5,0.022030805990600477,-3.141592653589793,-0.30000000000000004,0.01834034340200409,-2.81574239882542,0.30000000000000004,0.01834034340200409,2.81574239882542,0.9767362286884786
513,0.9836923928785402,0.0,10.499065787100232,0.9999972769709486,0.0,10.149844128188226,-0.0,-0.1,0.09234679557167959,2.444560297733988,0.1,0.09234679557167959,-2.444560297733988,-0.2,0.05869218657494212,-2.7309837464989704,0.2,0.05869218657494212,2.7309837464989704,-0.4,0.01636028621993198,-2.690527033078726,0.4,0.01636028621993198,2.690527033078726,-0.30000000000000004,0.014423122178898712,-2.304183450993074,0.9861500407236624
514,0.9572793601363341,0.0,10.502177909962159,0.9999970427926941,0.0,10.14920380730516,-0.0,-0.1,0.09283867199432581,1.8206693635237516,0.1,0.09283867199432581,-1.8206693635237516,-0.2,0.059279833689883515,2.2912528103065393,0.2,0.059279833689883515,-2.2912528103065393,-0.4,0.016938864213612164,1.0629046282836687,0.4,0.016938864213612164,-1.0629046282836687,-0.30000000000000004,0.014859362861356034,2.0620271958789305,1.0034538862427513
515,0.9304212516033213,0.0,10.673682724590973,0.9999700288556607,0.0,10.102814324574794,-0.0,-0.1,0.11358235585564315,1.59922165454753,0.1,0.11358235585564315,-1.59922165454753,-0.2,0.09640816325191133,1.4046072101414482,0.2,0.09640816325191133,-1.4046072101414482,-0.30000000000000004,0.05498275610907189,1.0160239678706202,0.30000000000000004,0.05498275610907189,-1.0160239678706202,-0.4,0.040921849582926426,0.2582469899493669,1.0225743798183284
516,0.9227439115301596,0.0,10.795632274173885,0.9999252943644981,0.0,10.002981653386922,-0.0,-0.1,0.15333645896360829,1.6795491245013399,0.1,0.15333645896360829,-1.6795491245013399,-0.2,0.12679418692605232,1.0370813580637979,0.2,0.12679418692605232,-1.0370813580637979,-0.30000000000000004,0.08489362048070251,0.6736383968955689,0.30000000000000004,0.08489362048070251,-0.6736383968955689,-0.5,0.0626020880462379,-0.0,1.0294005647568136
517,0.9182374858829244,0.0,10.750168310245037,0.999921394054841,0.0,9.885344887822196,-0.0,-0.1,0.20314063144540526,1.6646528628883648,0.1,0.20314063144540526,-1.6646528628883648,-0.2,0.12140401758726889,0.7671393620062744,0.2,0.12140401758726889,-0.7671393620062744,-0.30000000000000004,0.0737232817326588,0.4552019419137823,0.30000000000000004,0.0737232817326588,-0.4552019419137823,-0.4,0.06828756089217553,0.22231411531775452,1.022110539278439
518,0.9226253158464686,0.0,10.613589405863157,0.9999441352211571,0.0,9.769307667445876,-0.0,-0.1,0.24320569100838899,1.5313161355039826,0.1,0.24320569100838899,-1.5313161355039826,-0.2,0.08899764170125685,0.6417789857004262,0.2,0.08899764170125685,-0.6417789857004262,-0.5,0.06100254285783269,-0.0,-0.30000000000000004,0.05943626507007842,0.6798623746973929,0.30000000000000004,0.05943626507007842,-0.6798623746973929,1.0084531092260463
519,0.9502708534200204,0.0,10.479943502253075,0.9999608732977094,0.0,9.673711892121114,-0.0,-0.1,0.25778334479756954,1.282597309190163,0.1,0.25778334479756954,-1.282597309190163,-0.30000000000000004,0.061920322748386415,0.6087976223471526,0.30000000000000004,0.061920322748386415,-0.6087976223471526,-0.2,0.05855845979765885,0.7421780457158791,0.2,0.05855845979765885,-0.7421780457158791,-0.4,0.04970735544473009,0.28198221238269583,1.0055899466125477
520,0.975981796829125,0.0,10.298132273172884,0.9999904585502943,0.0,9.610159055584802,-0.0,-0.1,0.2473425668362955,0.9031865885937362,0.1,0.2473425668362955,-0.9031865885937362,-0.2,0.044525228027849126,0.7899741579188864,0.2,0.044525228027849126,-0.7899741579188864,-0.30000000000000004,0.03763901189520624,0.03163031192375118,0.30000000000000004,0.03763901189520624,-0.03163031192375118,-0.5,0.028959604069380696,-0.0,1.0083303258118812
521,0.9594736800612483,0.0,10.129855434227597,0.9999999433272839,0.0,9.573626636509886,-0.0,-0.1,0.22654881870680066,0.4018441454623079,0.1,0.22654881870680066,-0.4018441454623079,-0.2,0.03205127390975551,0.476889703302658,0.2,0.03205127390975551,-0.476889703302658,-0.4,0.015727898739530947,0.7492839972600301,0.4,0.015727898739530947,-0.7492839972600301,-0.5,0.007572815005537414,-0.0,1.007818554397707
522,0.9688303445880171,0.0,10.104318375051406,0.9999863972445437,0.0,9.525122574598228,-0.0,-0.1,0.18289505478133514,-0.1225628299642794,0.1,0.18289505478133514,0.1225628299642794,-0.30000000000000004,0.0477287304924857,1.286023187982489,0.30000000000000004,0.0477287304924857,-1.286023187982489,-0.5,0.040931246906119156,-0.0,0.4,0.03850849149970831,-0.34641403375978835,-0.4,0.03850849149970831,0.34641403375978835,1.0028359665741924
523,0.9810921394566579,0.0,9.972605177534511,0.9999977785572218,0.0,9.489556392776159,-0.0,-0.1,0.14765970521606564,-0.7803329655749629,0.1,0.14765970521606564,0.7803329655749629,-0.30000000000000004,0.0508839707259942,0.1363757745985504,0.30000000000000004,0.0508839707259942,-0.1363757745985504,-0.2,0.03643518687912422,1.180545491605466,0.2,0.03643518687912422,-1.180545491605466,-0.4,0.01309105911598434,-0.9925146743895251,0.9835133606917285
524,0.9875562481152136,0.0,9.958147070577677,0.9999977305235596,0.0,9.486956139354277,-0.0,-0.1,0.1458232335134063,-1.4211966035437804,0.1,0.1458232335134063,1.4211966035437804,-0.30000000000000004,0.048309153540725805,-1.7412620210918603,0.30000000000000004,0.048309153540725805,1.7412620210918603,-0.2,0.035527476064524444,-0.008352732060388009,0.2,0.035527476064524444,0.008352732060388009,-0.4,0.011871204986086592,2.5929283967499868,0.9574957055372555
525,0.9927188845254008,0.0,10.098619740695641,0.9999901969558465,0.0,9.517233027333157,-0.0,-0.1,0.15328787035179195,-1.852941168554913,0.1,0.15328787035179195,1.852941168554913,-0.2,0.0658037938169585,-1.261146665310123,0.2,0.0658037938169585,1.261146665310123,-0.30000000000000004,0.052480589270085476,-3.0214705253122105,0.30000000000000004,0.052480589270085476,3.0214705253122105,-0.5,0.0382422064848118,-3.141592653589793,0.9329534420529533
526,0.995172629271503,0.0,10.212455272719101,0.9999968751262652,0.0,9.579530660255237,-0.0,-0.1,0.148528478045068,-2.066633207611769,0.1,0.148528478045068,2.066633207611769,-0.2,0.10348683999811571,-1.9071877919775293,0.2,0.10348683999811571,1.9071877919775293,-0.4,0.0524192749701154,-2.8405655020330673,0.4,0.0524192749701154,2.8405655020330673,-0.5,0.024055426437267435,-3.141592653589793,0.9245702363250242
527,0.9990202377007837,0.0,10.299010009981576,0.9999840857358963,0.0,9.65195937799658,-0.0,-0.1,0.13065322452243108,-2.185615862929648,0.1,0.13065322452243108,2.185615862929648,-0.2,0.10491532236075005,-2.4540526068761475,0.2,0.10491532236075005,2.4540526068761475,-0.30000000000000004,0.06377012345727948,-2.0068319288009184,0.30000000000000004,0.06377012345727948,2.0068319288009184,-0.5,0.04837329130407486,-3.141592653589793,0.9236835962207571
528,1.0074721546250456,0.0,10.291195646704775,0.9999586552736834,0.0,9.732742129814437,-0.0,-0.1,0.10686524732974012,-2.1483701402744497,0.1,0.10686524732974012,2.1483701402744497,-0.30000000000000004,0.07899996495526526,-2.7057511466425663,0.30000000000000004,0.07899996495526526,2.7057511466425663,-0.2,0.0665839149382791,-2.83189107590468,0.2,0.0665839149382791,2.83189107590468,-0.4,0.05355526244377007,-2.5239681412807204,0.930232388948779
529,1.0323235378276296,0.0,10.231641286030719,0.9999819305256608,0.0,9.817588968593014,-0.0,-0.1,0.09336989267966793,-1.9113512293725594,0.1,0.09336989267966793,1.9113512293725594,-0.5,0.052437378264794,-3.141592653589793,0.4,0.05155686788968235,-3.124475354742978,-0.4,0.05155686788968235,3.124475354742978,0.30000000000000004,0.035880709017104946,3.078053062252442,-0.30000000000000004,0.035880709017104946,-3.078053062252442,0.952806336523011
530,1.0527510165871925,0.0,10.37469632412411,0.9999815557900625,0.0,9.899641653000625,-0.0,-0.1,0.10164993213690815,-1.6750477325291768,0.1,0.10164993213690815,1.6750477325291768,-0.2,0.0743188677057608,-1.6234328732655774,0.2,0.0743188677057608,1.6234328732655774,-0.30000000000000004,0.04630046978561476,-1.9341825714122698,0.30000000000000004,0.04630046978561476,1.9341825714122698,-0.4,0.030516131866918112,-2.4843519034440527,0.9813592315147853
531,1.048423799210492,0.0,10.630374184408915,0.9999463961190108,0.0,9.976410872758692,-0.0,-0.1,0.12083914039045847,-1.6194263179152495,0.1,0.12083914039045847,1.6194263179152495,-0.2,0.1040022079055117,-2.0512601834455584,0.2,0.1040022079055117,2.0512601834455584,-0.30000000000000004,0.0742323964868419,-2.5073634885633433,0.30000000000000004,0.0742323964868419,2.5073634885633433,-0.4,0.05581582208459937,-2.853834961049582,0.9695411538110554
532,1.0583998047071048,0.0,10.707510494849743,0.9999702882934548,0.0,10.065360991907937,-0.0,-0.1,0.14652378461747,-1.5962801122074342,0.1,0.14652378461747,1.5962801122074342,-0.2,0.1008817377118535,-2.4101924351352237,0.2,0.1008817377118535,2.4101924351352237,-0.30000000000000004,0.052771126374582936,-2.870442540914351,0.30000000000000004,0.052771126374582936,2.870442540914351,-0.5,0.041796205533992214,-3.141592653589793,0.976425109575896
533,1.045095671944115,0.0,10.784518980412386,0.999967064039414,0.0,10.154930452027024,-0.0,-0.1,0.16977361035864427,-1.669048888459609,0.1,0.16977361035864427,1.669048888459609,-0.2,0.06892042143680714,-2.6156216240760983,0.2,0.06892042143680714,2.6156216240760983,-0.4,0.05221360510468169,-2.6672795757145886,0.4,0.05221360510468169,2.6672795757145886,-0.5,0.04777325458509463,-3.141592653589793,0.9861740481732908
534,1.0267670106805464,0.0,10.770097873356764,0.9999890881703595,0.0,10.218933984514479,-0.0,-0.1,0.1754642935304381,-1.925873904336709,0.1,0.1754642935304381,1.925873904336709,-0.30000000000000004,0.05043174931170457,-2.584288658248714,0.30000000000000004,0.05043174931170457,2.584288658248714,-0.2,0.03488016413968346,-2.7009903034305323,0.2,0.03488016413968346,2.7009903034305323,-0.4,0.029611474878633227,2.833657714899726,0.9920011354679339
535,1.0133544402111805,0.0,10.700330397588335,0.9999961747038771,0.0,10.258144747079813,-0.0,-0.1,0.16595570546192984,-2.330805496765634,0.1,0.16595570546192984,2.330805496765634,-0.30000000000000004,0.02691384410449785,2.693651216693364,0.30000000000000004,0.02691384410449785,-2.693651216693364,-0.5,0.022980484662971534,-3.141592653589793,-0.2,0.016733033356347717,-2.3518169631887904,0.2,0.016733033356347717,2.3518169631887904,0.9934423820622912
536,1.0067896024696132,0.0,10.669299169681338,0.9999985383092437,0.0,10.278780302765593,-0.0,-0.1,0.1524746939795426,-2.86086931748073,0.1,0.1524746939795426,2.86086931748073,-0.4,0.021861071813793667,3.0913306489434125,0.4,0.021861071813793667,-3.0913306489434125,-0.2,0.014820302955670692,-2.1870290937589765,0.2,0.014820302955670692,2.1870290937589765,-0.30000000000000004,0.012206729417731689,-0.012817014593195146,0.9937175636941888
537,1.0042876048295961,0.0,10.659650360557922,0.9999980066285784,0.0,10.290397275963704,-0.0,-0.1,0.14134911079136986,2.8167692274529568,0.1,0.14134911079136986,-2.8167692274529568,-0.30000000000000004,0.023823213709896273,-1.8915227443431704,0.30000000000000004,0.023823213709896273,1.8915227443431704,-0.5,0.013961902175301688,-3.141592653589793,-0.2,0.012473266708191147,-2.580293494425735,0.2,0.012473266708191147,2.580293494425735,0.9972380596313422
538,1.0073718941982919,0.0,10.652679494910574,0.9999986403791666,0.0,10.295664643092515,-0.0,-0.1,0.13636755125437527,2.1761231470455664,0.1,0.13636755125437527,-2.1761231470455664,-0.30000000000000004,0.02271938552241112,2.728544077236464,0.30000000000000004,0.02271938552241112,-2.728544077236464,-0.4,0.015073221608998563,-2.16694629834858,0.4,0.015073221608998563,2.16694629834858,-0.5,0.008694535046489982,-0.0,1.009062101245436
539,1.0152219396955613,0.0,10.652889894303819,0.9999986100972125,0.0,10.295564382665763,-0.0,-0.1,0.13642462744316733,1.5484089483809136,0.1,0.13642462744316733,-1.5484089483809136,-0.30000000000000004,0.02281124968597742,0.8453527415802775,0.30000000000000004,0.02281124968597742,-0.8453527415802775,-0.4,0.015129741380014826,1.597481232539844,0.4,0.015129741380014826,-1.597481232539844,-0.5,0.008594274619736275,-3.141592653589793,1.03225396427837
540,1.0077351496338265,0.0,10.6622939960682,0.9999944143063068,0.0,10.278462784533694,-0.0,-0.1,0.13711195901794962,1.0451118504680008,0.1,0.13711195901794962,-1.0451118504680008,-0.5,0.02569587275180396,-0.0,0.4,0.02313398249866752,0.08424037382899058,-0.4,0.02313398249866752,-0.08424037382899058,-0.2,0.018821727874733636,1.4117833020947292,0.2,0.018821727874733636,-1.4117833020947292,1.0493830139559859
541,1.046848088394251,0.0,10.646101615009647,0.999991795858513,0.0,10.233446917580329,-0.0,-0.1,0.12096123326502296,0.7445327274594341,0.1,0.12096123326502296,-0.7445327274594341,-0.2,0.04596045970370057,1.4686837108122617,0.2,0.04596045970370057,-1.4686837108122617,-0.30000000000000004,0.028380653424083715,1.376844098135226,0.30000000000000004,0.028380653424083715,-1.376844098135226,-0.4,0.022050004643703443,0.7167107235427825,1.0448292943627115
542,1.0602167681383603,0.0,10.640265546051998,0.9999928275079473,0.0,10.231871206764088,-0.0,-0.1,0.11980720633124921,0.12512651788579235,0.1,0.11980720633124921,-0.12512651788579235,-0.2,0.045826655325745445,0.2462583718650213,0.2,0.045826655325745445,-0.2462583718650213,-0.30000000000000004,0.02811949386475847,-0.45309817595526736,0.30000000000000004,0.02811949386475847,0.45309817595526736,-0.4,0.020887628244404204,-1.746987569599296,1.0605403536121576
543,1.037711370174816,0.0,10.652264531228642,0.9999935095976306,0.0,10.233688170195343,-0.0,-0.1,0.12161017594390815,-0.5050566400639983,0.1,0.12161017594390815,0.5050566400639983,-0.2,0.04759086465133167,-1.019685941245631,0.2,0.04759086465133167,1.019685941245631,-0.30000000000000004,0.02976374638813996,-2.311327420637994,0.30000000000000004,0.02976374638813996,2.311327420637994,-0.4,0.020646787066538667,2.10967219937528,1.0445624742035022
544,1.0054404052093553,0.0,10.6406453521821,0.9999932103171877,0.0,10.226303868426044,-0.0,-0.1,0.11520324539915525,-1.1643944289747437,0.1,0.11520324539915525,1.1643944289747437,-0.2,0.04417445142378193,-2.4192216707426044,0.2,0.04417445142378193,2.4192216707426044,-0.30000000000000004,0.035170682536160534,1.93130437766271,0.30000000000000004,0.035170682536160534,-1.93130437766271,-0.4,0.025244725037861293,-0.14983072564693703,1.0251251232768313
545,0.9706375,0.0,10.669820055260734,0.9999994736825977,0.0,10.204977262954852,-0.0,-0.1,0.10855485993291596,-1.974164490404155,0.1,0.10855485993291596,1.974164490404155,-0.2,0.061804494483828916,2.3771541356937185,0.2,0.061804494483828916,-2.3771541356937185,-0.30000000000000004,0.047127229908217355,0.4835909908776423,0.30000000000000004,0.047127229908217355,-0.4835909908776423,-0.5,0.02986962365595769,-0.0,1.0143856321037437
546,0.946552780176709,0.0,10.737110968463822,0.9999937463690067,0.0,10.162260322743672,-0.0,-0.1,0.13133626136008789,-2.9062800750888105,0.1,0.13133626136008789,2.9062800750888105,-0.2,0.09724004647805799,1.4294572535434817,0.2,0.09724004647805799,-1.4294572535434817,-0.4,0.047881583034741035,0.6092735194865884,0.4,0.047881583034741035,-0.6092735194865884,-0.30000000000000004,0.021934863974375697,-0.2688394197288528,1.0033901748637903
547,0.9352722107781246,0.0,10.82317784134694,0.9999766899589791,0.0,10.102023500450766,-0.0,-0.1,0.1904316166116633,2.6747712599169824,0.1,0.1904316166116633,-2.6747712599169824,-0.2,0.10692913938452553,0.7644524579297794,0.2,0.10692913938452553,-0.7644524579297794,-0.5,0.04738950573768097,-0.0,-0.30000000000000004,0.039521661583057165,1.4045936530938488,0.30000000000000004,0.039521661583057165,-1.4045936530938488,0.9976732343665503
548,0.9506357432432432,0.0,10.874406937542567,0.9999815853875658,0.0,10.033008106399295,-0.0,-0.1,0.25396908916451555,2.169059530263629,0.1,0.25396908916451555,-2.169059530263629,-0.2,0.07445883291240486,0.20432178957154243,0.2,0.07445883291240486,-0.20432178957154243,-0.30000000000000004,0.07363820310634421,0.6988560570818405,0.30000000000000004,0.07363820310634421,-0.6988560570818405,-0.4,0.037266580776740735,0.8955790822822022,1.0028798947315325
549,0.9825298908334777,0.0,10.774263465167463,0.9999901741090103,0.0,9.976271955444247,-0.0,-0.1,0.2897414018669277,1.703261626370438,0.1,0.2897414018669277,-1.703261626370438,-0.30000000000000004,0.047375943376089934,-0.30655372995392904,0.30000000000000004,0.047375943376089934,0.30655372995392904,-0.4,0.04432327829796119,-0.08758134954344353,0.4,0.04432327829796119,0.08758134954344353,-0.5,0.035110262641257606,-0.0,1.0113486420347853
550,1.0380413637685373,0.0,10.619503787947053,0.9999984630121306,0.0,9.943579906582164,-0.0,-0.1,0.29583948970917906,1.1847012600139317,0.1,0.29583948970917906,-1.1847012600139317,-0.30000000000000004,0.01897447806354347,-2.7382929580884423,0.30000000000000004,0.01897447806354347,2.7382929580884423,-0.2,0.017098322434033524,2.5621257245102242,0.2,0.017098322434033524,-2.5621257245102242,-0.4,0.012099300951376814,-2.8394533884041326,1.0091320938234891
551,1.0675231363431827,0.0,10.694107643013762,0.9999955718757564,0.0,9.973886120716875,-0.0,-0.1,0.3085320444746876,0.46526039013983417,0.1,0.3085320444746876,-0.46526039013983417,-0.5,0.027888000355536846,-3.141592653589793,0.4,0.019097426868511444,2.7029322474603172,-0.4,0.019097426868511444,-2.7029322474603172,-0.2,0.018537289627475115,-0.72717175964863,0.2,0.018537289627475115,0.72717175964863,1.049058946245446
552,1.0841677343450375,0.0,10.758589679137224,0.9999987085883129,0.0,9.994561168665808,-0.0,-0.1,0.3271409685029406,-0.19141661252077075,0.1,0.3271409685029406,0.19141661252077075,-0.2,0.03665681725295579,-1.5994818832333528,0.2,0.03665681725295579,1.5994818832333528,-0.30000000000000004,0.013821736930400492,-2.6858566669472475,0.30000000000000004,0.013821736930400492,2.6858566669472475,-0.4,0.008789465098822658,2.594543839182668,1.060246148902192
553,1.0617808540591271,0.0,10.87159792993698,0.9999966175300997,0.0,10.018512134872484,-0.0,-0.1,0.3506840924403015,-0.8067411254136955,0.1,0.3506840924403015,0.8067411254136955,-0.2,0.04320888847806232,-2.268863435361775,0.2,0.04320888847806232,2.268863435361775,-0.5,0.031163918613280828,-3.141592653589793,-0.4,0.017067957307243663,-2.242091743447129,0.4,0.017067957307243663,2.242091743447129,1.0395816824164084
554,1.0447527980727385,0.0,10.899920684780579,0.9999965422634033,0.0,10.042581618756795,-0.0,-0.1,0.3677475678794826,-1.3877839730207464,0.1,0.3677475678794826,1.3877839730207464,-0.2,0.03330814736613798,-2.938823068746872,0.2,0.03330814736613798,2.938823068746872,-0.4,0.01896307668009806,2.9878207743982212,0.4,0.01896307668009806,-2.9878207743982212,-0.30000000000000004,0.017301482172345724,-2.4384856570311357,1.006050782667921
555,1.0125692035966602,0.0,10.980453494605577,0.9999982399437066,0.0,10.081894011620179,-0.0,-0.1,0.37688974620873356,-1.9133563534080853,0.1,0.37688974620873356,1.9133563534080853,-0.5,0.04640682759235304,-3.141592653589793,0.30000000000000004,0.028409490292250532,2.2896917131335166,-0.30000000000000004,0.028409490292250532,-2.2896917131335166,0.4,0.020777091195537643,2.3730208988273884,-0.4,0.020777091195537643,-2.3730208988273884,0.971500121699086
556,0.9857392045403015,0.0,11.02457205685046,0.9999906842258746,0.0,10.123825715216839,-0.0,-0.1,0.36494833490507306,-2.433240672324316,0.1,0.36494833490507306,2.433240672324316,-0.2,0.03855204446045994,-1.4771412659067842,0.2,0.03855204446045994,1.4771412659067842,-0.30000000000000004,0.03156503563127817,-2.6290462948860087,0.30000000000000004,0.03156503563127817,2.6290462948860087,-0.4,0.030615511639997196,-3.004529283766426,0.9491381062216256
557,0.9921942102489859,0.0,11.032735536646534,0.9999981460314963,0.0,10.163012139580431,-0.0,-0.1,0.33615691273752396,-2.9856466561789796,0.1,0.33615691273752396,2.9856466561789796,-0.2,0.05748386764461893,-1.9877779824537596,0.2,0.05748386764461893,1.9877779824537596,-0.5,0.04366154835928526,-3.141592653589793,-0.30000000000000004,0.01939014397126625,-2.8094465984406933,0.30000000000000004,0.01939014397126625,2.8094465984406933,0.93719722919945
558,0.996525027775391,0.0,11.03864008721528,0.9999837016073279,0.0,10.219934139051292,-0.0,-0.1,0.28006523309150605,2.7007923769952757,0.1,0.28006523309150605,-2.7007923769952757,-0.2,0.06240267498974168,-2.2580727843902735,0.2,0.06240267498974168,2.2580727843902735,-0.4,0.047332003647697456,-2.5517860239001133,0.4,0.047332003647697456,2.5517860239001133,-0.30000000000000004,0.0391061247060975,-2.047346210477726,0.9537556496372469
559,1.023916668626432,0.0,10.963662611340043,0.9999860487558265,0.0,10.26582342358344,-0.0,-0.1,0.23936458798037383,1.9905854738430202,0.1,0.23936458798037383,-1.9905854738430202,-0.2,0.048645351683993095,-2.6975828952775376,0.2,0.048645351683993095,2.6975828952775376,-0.30000000000000004,0.044595237503649014,-2.7783591180576974,0.30000000000000004,0.044595237503649014,2.7783591180576974,-0.5,0.032628833420572434,-3.141592653589793,0.9866851833068916
560,1.0482775519707965,0.0,10.870530796512409,0.9999969171275193,0.0,10.307210201376394,-0.0,-0.1,0.22568363825267715,1.1940124940993053,0.1,0.22568363825267715,-1.1940124940993053,-0.4,0.027002635155125434,-1.810837993802561,0.4,0.027002635155125434,1.810837993802561,-0.2,0.021050302418994027,-2.9484751917707883,0.2,0.021050302418994027,2.9484751917707883,-0.30000000000000004,0.01584744348242194,2.808580827811143,1.0404148400164603
561,1.0467352003642987,0.0,10.859128895553214,0.9999995167356982,0.0,10.317446389578652,-0.0,-0.1,0.22964719087232618,0.5242352581174203,0.1,0.22964719087232618,-0.5242352581174203,-0.4,0.026504632441039202,2.343610778864233,0.4,0.026504632441039202,-2.343610778864233,-0.2,0.011178377259922672,2.2547335961133843,0.2,0.011178377259922672,-2.2547335961133843,-0.30000000000000004,0.00702210482798675,0.42694231882211126,1.0670317833552194
562,1.036593813864017,0.0,10.888341795153975,0.9999959346039187,0.0,10.296658453599768,-0.0,-0.1,0.2119065567483631,-0.05495968399908412,0.1,0.2119065567483631,0.05495968399908412,-0.4,0.04363445614692486,0.17840838020274766,0.4,0.04363445614692486,-0.17840838020274766,-0.2,0.029167567977435235,1.5833526885105476,0.2,0.029167567977435235,-1.5833526885105476,-0.5,0.02226617980876089,-0.0,1.0827249099452048
563,0.9978973364828584,0.0,10.800149960338578,0.9999984507804426,0.0,10.249084533118749,-0.0,-0.1,0.16442523740184456,-0.6991726213694966,0.1,0.16442523740184456,0.6991726213694966,-0.2,0.05611480038070138,1.3384056172258953,0.2,0.05611480038070138,-1.3384056172258953,-0.30000000000000004,0.04233880549123772,0.9496813598640645,0.30000000000000004,0.04233880549123772,-0.9496813598640645,-0.5,0.02530774067225927,-0.0,1.0601210660473297
564,0.9365309062551306,0.0,10.743442282191378,0.999959402248231,0.0,10.18520101554248,-0.0,-0.1,0.12262817820348729,-1.6693907635543357,0.1,0.12262817820348729,1.6693907635543357,-0.2,0.07469121514957844,1.0650304642519441,0.2,0.07469121514957844,-1.0650304642519441,-0.4,0.05569731516732482,0.6919549359322671,0.4,0.05569731516732482,-0.6919549359322671,-0.30000000000000004,0.05220784960811444,0.5364807224543754,1.0364078891258168
565,0.9299791707639969,0.0,10.832592188429498,0.9999070308516848,0.0,10.076979123724872,-0.0,-0.1,0.17135435312431846,-2.9773332705925246,0.1,0.17135435312431846,2.9773332705925246,-0.2,0.09725468417283263,1.1482576237964859,0.2,0.09725468417283263,-1.1482576237964859,-0.4,0.07437443759836213,0.1301512928828043,0.4,0.07437443759836213,-0.1301512928828043,-0.5,0.06964611491359918,-0.0,1.0035784137235308
566,0.9378439160560114,0.0,10.839147591033392,0.9999966120391103,0.0,9.994389090892208,-0.0,-0.1,0.25319314249515007,2.6241684068368656,0.1,0.25319314249515007,-2.6241684068368656,-0.2,0.09844738475688283,0.7628836386824875,0.2,0.09844738475688283,-0.7628836386824875,-0.30000000000000004,0.06419271834557247,0.31232255092728517,0.30000000000000004,0.06419271834557247,-0.31232255092728517,-0.4,0.013092008945974025,-0.2007334667581162,0.9831618998263261
567,0.9636570791770068,0.0,10.787103566705053,0.9999886386985845,0.0,9.946493802407918,-0.0,-0.1,0.2957691063176005,2.076035688333408,0.1,0.2957691063176005,-2.076035688333408,-0.2,0.07189690429937359,-0.015390275256863374,0.2,0.07189690429937359,0.015390275256863374,-0.4,0.03516318624898065,0.7026233651099955,0.4,0.03516318624898065,-0.7026233651099955,-0.5,0.034951370565225126,-0.0,0.9892576993557394
568,0.9831589603228955,0.0,10.69510076787215,0.9999943145441521,0.0,9.91795667133594,-0.0,-0.1,0.3105870674171343,1.5282055259059537,0.1,0.3105870674171343,-1.5282055259059537,-0.2,0.0433653767308488,-1.2821548740321322,0.2,0.0433653767308488,1.2821548740321322,-0.30000000000000004,0.023226153647204248,2.188290700141848,0.30000000000000004,0.023226153647204248,-2.188290700141848,-0.4,0.02278690094583357,-0.8677002191890282,0.9956930902916066
569,1.0042837448666633,0.0,10.693803223817195,0.9999938141746251,0.0,9.904590603883443,-0.0,-0.1,0.3103054436560289,0.9429351338699203,0.1,0.3103054436560289,-0.9429351338699203,-0.2,0.04158397812724646,-2.852015205473437,0.2,0.04158397812724646,2.852015205473437,-0.30000000000000004,0.03282673471072925,0.6417356585041368,0.30000000000000004,0.03282673471072925,-0.6417356585041368,-0.5,0.01978030694574251,-0.0,1.0261814188980105
570,1.0133849357159832,0.0,10.692767869433174,0.9999956024503146,0.0,9.884957680123675,-0.0,-0.1,0.29919494426141036,0.367746252231694,0.1,0.29919494426141036,-0.367746252231694,-0.2,0.06065909307330011,2.081980719578319,0.2,0.06065909307330011,-2.081980719578319,-0.4,0.03367672842554832,0.22364371303529,0.4,0.03367672842554832,-0.22364371303529,-0.30000000000000004,0.020748657788981703,-0.6410908172509099,1.046629401871893
571,1.0161162839248434,0.0,10.630074438400896,0.9999987650728208,0.0,9.850065063868861,-0.0,-0.1,0.26693017290894616,-0.2135600544527066,0.1,0.26693017290894616,0.2135600544527066,-0.2,0.08347395937597103,1.1985151753166707,0.2,0.08347395937597103,-1.1985151753166707,-0.5,0.035039999440786396,-0.0,-0.30000000000000004,0.02208055526070754,1.8534321925864892,0.30000000000000004,0.02208055526070754,-1.8534321925864892,1.045524733326126
572,1.0122284345124823,0.0,10.559092117419414,0.9999933046852104,0.0,9.819446147429407,-0.0,-0.1,0.23709566389517336,-0.8692523306660217,0.1,0.23709566389517336,0.8692523306660217,-0.2,0.07775641630607723,0.31745150783338594,0.2,0.07775641630607723,-0.31745150783338594,-0.30000000000000004,0.04245199074948872,0.7336234156899264,0.30000000000000004,0.04245199074948872,-0.7336234156899264,-0.4,0.025037828088528495,0.8226416299650493,1.0353326302357493
573,1.0238231174991776,0.0,10.437068456947516,0.9999918681836095,0.0,9.795080768077874,-0.0,-0.1,0.22215128804584283,-1.5814472731942355,0.1,0.22215128804584283,1.5814472731942355,-0.2,0.055135564162129294,-0.8008012792008187,0.2,0.055135564162129294,0.8008012792008187,-0.30000000000000004,0.029313761050415412,-0.5611195357040656,0.30000000000000004,0.029313761050415412,0.5611195357040656,-0.5,0.028786462352866415,-0.0,0.9945535875050143
574,1.0409655293975082,0.0,10.579690015836396,0.9999600401894878,0.0,9.821006549094191,-0.0,-0.1,0.22338454764741345,-2.093451321061433,0.1,0.22338454764741345,2.093451321061433,-0.2,0.07551306607889546,-1.8083915058874007,0.2,0.07551306607889546,1.8083915058874007,-0.5,0.05471224336918468,-3.141592653589793,-0.30000000000000004,0.05308799796020137,-2.18318712693231,0.30000000000000004,0.05308799796020137,2.18318712693231,0.9446695932245538
575,1.0440580369661645,0.0,10.777278107781605,0.9999309732131285,0.0,9.925441172236567,-0.0,-0.1,0.19369127881931422,-2.235650288733586,0.1,0.19369127881931422,2.235650288733586,-0.2,0.11356291774542732,-1.9593159809816587,0.2,0.11356291774542732,1.9593159809816587,-0.30000000000000004,0.08573798964057623,-2.4162703976976663,0.30000000000000004,0.08573798964057623,2.4162703976976663,-0.4,0.06585256313440156,-2.7671834044321852,0.9410804637540418
576,1.0442213792608717,0.0,10.814032084729904,0.9999332632718926,0.0,10.039520038438736,-0.0,-0.1,0.15253262044347046,-2.2346415922234155,0.1,0.15253262044347046,2.2346415922234155,-0.2,0.12686698103422261,-2.2329183156758745,0.2,0.12686698103422261,2.2329183156758745,-0.30000000000000004,0.07567817845340363,-2.7353770438247,0.30000000000000004,0.07567817845340363,2.7353770438247,-0.5,0.0643564864289754,-3.141592653589793,0.9492164633473638
577,1.025416506594998,0.0,10.744610288516395,0.999960986426349,0.0,10.145897501643596,-0.0,-0.1,0.12077674815325407,-2.096310781881776,0.1,0.12077674815325407,2.096310781881776,-0.2,0.10400574872382301,-2.551052089598742,0.2,0.10400574872382301,2.551052089598742,-0.4,0.05084262206142691,-2.742325411263902,0.4,0.05084262206142691,2.742325411263902,-0.30000000000000004,0.04746254899578995,-2.56655620363102,0.9718421033451508
578,1.004540627247156,0.0,10.634997903617387,0.9999903796213453,0.0,10.207656929061589,-0.0,-0.1,0.1044864151582193,-2.1879094115937425,0.1,0.1044864151582193,2.1879094115937425,-0.2,0.0629322358959386,3.053595804933023,0.2,0.0629322358959386,-3.053595804933023,-0.30000000000000004,0.03387115649165885,-2.7515073065103888,0.30000000000000004,0.03387115649165885,2.7515073065103888,-0.4,0.024761359464165852,2.8455957319144933,0.9875012586928577
579,0.9911250894268185,0.0,10.54001473943922,0.9999994250517498,0.0,10.229038595985848,-0.0,-0.1,0.09374924995504545,-2.629132874362298,0.1,0.09374924995504545,2.629132874362298,-0.2,0.04167568367707137,1.751855001592078,0.2,0.04167568367707137,-1.751855001592078,-0.30000000000000004,0.016272656304977803,2.1699253963661516,0.30000000000000004,0.016272656304977803,-2.1699253963661516,-0.4,0.007580963579183104,-0.6338310782816016,1.003837219343607
580,0.9710894540507796,0.0,10.585460087384824,0.9999986615365781,0.0,10.215879940546003,-0.0,-0.1,0.10541519208873634,2.9644901651528386,0.1,0.10541519208873634,-2.9644901651528386,-0.2,0.045907660461114136,0.7810414967651711,0.2,0.045907660461114136,-0.7810414967651711,-0.30000000000000004,0.026066285008560605,0.7149909354835038,0.30000000000000004,0.026066285008560605,-0.7149909354835038,-0.5,0.014801871721998872,-0.0,1.012771990219917
581,0.9719446304540829,0.0,10.643876193973366,0.9999849421587949,0.0,10.1735844588808,-0.0,-0.1,0.14723777851644534,2.3868021410264504,0.1,0.14723777851644534,-2.3868021410264504,-0.4,0.03999402702103129,0.4326367192590587,0.4,0.03999402702103129,-0.4326367192590587,-0.2,0.033742027000413566,0.6055247092492493,0.2,0.033742027000413566,-0.6055247092492493,-0.30000000000000004,0.02834407001678514,0.609475392288679,1.0110428553432749
582,0.979521526853938,0.0,10.615342256739119,0.9999939503487101,0.0,10.12941280541004,-0.0,-0.1,0.18194762275371942,1.925591627356361,0.1,0.18194762275371942,-1.925591627356361,-0.30000000000000004,0.026483261002498943,0.5972166304784359,0.30000000000000004,0.026483261002498943,-0.5972166304784359,-0.2,0.025273847961770103,1.0217873299788853,0.2,0.025273847961770103,-1.0217873299788853,-0.4,0.01851998789310187,-0.5040202320888271,1.0089389309881207
583,0.9982378383186078,0.0,10.602245708393298,0.9999941628623467,0.0,10.096705897751495,-0.0,-0.1,0.19572781206057283,1.454617935426077,0.1,0.19572781206057283,-1.454617935426077,-0.2,0.029082109858175543,1.0498946530188704,0.2,0.029082109858175543,-1.0498946530188704,-0.4,0.018759436532908968,1.1253124446857794,0.4,0.018759436532908968,-1.1253124446857794,-0.30000000000000004,0.018401093738488493,0.3136153355333154,1.0204698740421494
584,1.0149982631378551,0.0,10.57368381615739,0.9999981393786539,0.0,10.071120618570925,-0.0,-0.1,0.19442997165875567,0.9573786019602182,0.1,0.19442997165875567,-0.9573786019602182,-0.2,0.027564114006180734,0.7291050581594264,0.2,0.027564114006180734,-0.7291050581594264,-0.4,0.024349414080378058,-0.14042787114777247,0.4,0.024349414080378058,0.14042787114777247,-0.30000000000000004,0.00987619809583476,0.644290691453017,1.0392202601756093
585,1.045948138817704,0.0,10.499357472055868,0.9999997015876471,0.0,10.04515335231127,-0.0,-0.1,0.18073310808386708,0.4468149350711498,0.1,0.18073310808386708,-0.4468149350711498,-0.2,0.019143832642441377,0.6007011557154925,0.2,0.019143832642441377,-0.6007011557154925,-0.30000000000000004,0.019019693540954223,0.9394608044249866,0.30000000000000004,0.019019693540954223,-0.9394608044249866,-0.5,0.01641085121007091,-0.0,1.0441581274718517
586,1.0530126545659328,0.0,10.512070571011181,0.9999996684275582,0.0,10.04704345416281,-0.0,-0.1,0.18243948274525232,-0.18598018666170865,0.1,0.18243948274525232,0.18598018666170865,-0.2,0.020730598038454503,-0.7074924855201474,0.2,0.020730598038454503,0.7074924855201474,-0.30000000000000004,0.020193001109673123,-1.0211260083030185,0.30000000000000004,0.020193001109673123,1.0211260083030185,-0.5,0.018300953061610947,-3.141592653589793,1.043993745731818
587,1.0466939806481768,0.0,10.5564770232145,0.9999979793806748,0.0,10.055834729467874,-0.0,-0.1,0.19108607139072933,-0.8057914856024168,0.1,0.19108607139072933,0.8057914856024168,-0.2,0.028001063897494977,-1.7586327972252933,0.2,0.028001063897494977,1.7586327972252933,-0.30000000000000004,0.025894424552250283,-2.612382967456953,0.30000000000000004,0.025894424552250283,2.612382967456953,-0.4,0.010679174065675832,-2.890214868739316,1.0254998922575498
588,1.024965802911722,0.0,10.610615043533215,0.9999975086407242,0.0,10.077112203521052,-0.0,-0.1,0.20639311980356426,-1.3596729088517503,0.1,0.20639311980356426,1.3596729088517503,-0.2,0.03184778541341482,-2.299302557270197,0.2,0.03184778541341482,2.299302557270197,-0.5,0.030787151809727575,-3.141592653589793,-0.30000000000000004,0.013116938884238104,2.745404844969981,0.30000000000000004,0.013116938884238104,-2.745404844969981,1.0066220454197032
589,1.0045001076611686,0.0,10.600474722338895,0.9999981398319343,0.0,10.097537379185617,-0.0,-0.1,0.21161791976816371,-1.8934747551297515,0.1,0.21161791976816371,1.8934747551297515,-0.2,0.02377657435835357,-2.8601466811471354,0.2,0.02377657435835357,2.8601466811471354,-0.4,0.010893189377540061,-2.9168439269826294,0.4,0.010893189377540061,2.9168439269826294,-0.5,0.010361976145162544,-0.0,0.9906767315652873
590,0.9949504005533077,0.0,10.609800723094601,0.9999997363529318,0.0,10.110912397419968,-0.0,-0.1,0.2077641808533636,-2.4607018113807495,0.1,0.2077641808533636,2.4607018113807495,-0.5,0.023736994379513376,-3.141592653589793,0.30000000000000004,0.018269524362551533,2.430584678896568,-0.30000000000000004,0.018269524362551533,-2.430584678896568,-0.2,0.011541960431644887,2.4940902971400893,0.2,0.011541960431644887,-2.4940902971400893,0.9718207403266464
591,0.9924772846701744,0.0,10.602848851591219,0.9999976405087618,0.0,10.134773343922497,-0.0,-0.1,0.18981912654001593,-3.0098089473777403,0.1,0.18981912654001593,3.0098089473777403,-0.4,0.020207447013380148,-2.49623927048911,0.4,0.020207447013380148,2.49623927048911,-0.2,0.016224799665814662,-0.8131405748462031,0.2,0.016224799665814662,0.8131405748462031,-0.30000000000000004,0.015572761230301076,-2.756943676450134,0.9734005119429913
592,0.9967908971189453,0.0,10.608139982506037,0.9999986175387381,0.0,10.155305998138587,-0.0,-0.1,0.16948598559163017,2.6609774811570226,0.1,0.16948598559163017,-2.6609774811570226,-0.2,0.0338040340996541,-1.6127899138519213,0.2,0.0338040340996541,1.6127899138519213,-0.5,0.02040870209307588,-3.141592653589793,-0.4,0.012922621445903518,2.545660742770889,0.4,0.012922621445903518,-2.545660742770889,0.9810098767961379
593,1.0188779530880865,0.0,10.58695721162193,0.9999989792004105,0.0,10.172575368403596,-0.0,-0.1,0.15437964462920042,1.9809188355194394,0.1,0.15437964462920042,-1.9809188355194394,-0.2,0.037308560936762256,-2.388646305702361,0.2,0.037308560936762256,2.388646305702361,-0.30000000000000004,0.010608071305429765,-2.2709391744096115,0.30000000000000004,0.010608071305429765,2.2709391744096115,-0.4,0.009789289475549492,-1.6788148253101263,0.998029442057084
594,1.0280363037696822,0.0,10.608169301118556,0.9999950669338276,0.0,10.193215483173073,-0.0,-0.1,0.1473706370261847,1.223803239859182,0.1,0.1473706370261847,-1.223803239859182,-0.2,0.026346966055070118,-3.0799707874613045,0.2,0.026346966055070118,3.0799707874613045,-0.5,0.023779446597547604,-3.141592653589793,-0.4,0.021869582592712877,-2.974462171711136,0.4,0.021869582592712877,2.974462171711136,1.0173945558631694
595,1.0180074266929413,0.0,10.569658057867446,0.9999983506727526,0.0,10.2062535238049,-0.0,-0.1,0.15229884785994696,0.5148915166506154,0.1,0.15229884785994696,-0.5148915166506154,-0.2,0.013357825000707053,2.0067223026497527,0.2,0.013357825000707053,-2.0067223026497527,-0.5,0.010741405965720041,-0.0,-0.30000000000000004,0.010674891187758183,2.926573490019667,0.30000000000000004,0.010674891187758183,-2.926573490019667,1.044996153297322
596,0.9999419583333334,0.0,10.608526626725348,0.9999913501942105,0.0,10.178312811680138,-0.0,-0.1,0.12871825010540505,-0.006328956887651687,0.1,0.12871825010540505,0.006328956887651687,-0.30000000000000004,0.03843732758431247,1.1973458559630328,0.30000000000000004,0.03843732758431247,-1.1973458559630328,-0.2,0.03569741132652115,1.5388882965958433,0.2,0.03569741132652115,-1.5388882965958433,-0.4,0.02450783701273274,0.2977313635641115,1.0489497638059209
597,0.9772087486560683,0.0,10.54436078454483,0.9999818567644755,0.0,10.125242115447538,-0.0,-0.1,0.07564936241089877,-0.6390874590604543,0.1,0.07564936241089877,0.6390874590604543,-0.2,0.06300734738703954,1.2829809518065949,0.2,0.06300734738703954,-1.2829809518065949,-0.30000000000000004,0.052966929713929516,0.5147681740343406,0.30000000000000004,0.052966929713929516,-0.5147681740343406,-0.5,0.035871390073556775,-0.0,1.0410527830074143
598,0.9686840408163265,0.0,10.427377111439576,0.9999766995868323,0.0,10.05575688345543,-0.0,-0.2,0.07945197232061066,1.0210201803305132,0.2,0.07945197232061066,-1.0210201803305132,-0.1,0.045965676547410836,-2.3909976601560614,0.1,0.045965676547410836,2.3909976601560614,-0.4,0.042879838490545066,0.35423093499396585,0.4,0.042879838490545066,-0.35423093499396585,-0.30000000000000004,0.03502525326701284,0.4168056764033074,1.0184017557997405
599,0.9608798383838384,0.0,10.407416950205324,0.9999904162517678,0.0,9.999475121360035,-0.0,-0.1,0.095205998196595,2.848843564027863,0.1,0.095205998196595,-2.848843564027863,-0.2,0.06933514043252026,0.5288038056377297,0.2,0.06933514043252026,-0.5288038056377297,-0.30000000000000004,0.028095815705106997,0.7276140141534773,0.30000000000000004,0.028095815705106997,-0.7276140141534773,-0.5,0.02266792017684338,-0.0,1.0001523610154692
600,0.9064124540058504,0.0,10.388829644276168,0.9999906768172773,0.0,9.955854852082705,-0.0,-0.1,0.1375476435182912,2.312171921658373,0.1,0.1375476435182912,-2.312171921658373,-0.2,0.038567575730171416,-0.12060309252730514,0.2,0.038567575730171416,0.12060309252730514,-0.30000000000000004,0.02935498835159216,0.5666062377809713,0.30000000000000004,0.02935498835159216,-0.5666062377809713,-0.4,0.02203437699335374,0.7461702237162482,0.9912371945159881
601,0.9046195054431184,0.0,10.629777259196185,0.999947750179939,0.0,9.867316905535247,-0.0,-0.1,0.20786114542770773,2.003418263775441,0.1,0.20786114542770773,-2.003418263775441,-0.4,0.07388805671211328,0.42447335803405023,0.4,0.07388805671211328,-0.42447335803405023,-0.5,0.06758559744697124,-0.0,0.30000000000000004,0.0656881759671616,-1.0144003353127373,-0.30000000000000004,0.0656881759671616,1.0144003353127373,0.9964655370590213
602,0.9150497580858405,0.0,10.719706318484592,0.9999816485303711,0.0,9.77945912630819,-0.0,-0.1,0.25736785167663734,1.690208473580175,0.1,0.25736785167663734,-1.690208473580175,-0.2,0.11734404212642398,1.478829173205963,0.2,0.11734404212642398,-1.478829173205963,-0.30000000000000004,0.07705860534753983,0.44724902200312744,0.30000000000000004,0.07705860534753983,-0.44724902200312744,-0.4,0.036706193875200056,-0.349032350645464,0.9913143829342521
603,0.9270552020197734,0.0,10.688707047248727,0.9999732406732528,0.0,9.697717987275086,-0.0,-0.1,0.2791633373808693,1.356871748619109,0.1,0.2791633373808693,-1.356871748619109,-0.2,0.13670938647774056,0.8599458142739054,0.2,0.13670938647774056,-0.8599458142739054,-0.5,0.061468957253019596,-0.0,-0.4,0.04888732750170102,0.8880036071334589,0.4,0.04888732750170102,-0.8880036071334589,1.011780980574527
604,0.9502794721407625,0.0,10.56260594207976,0.9999556886749941,0.0,9.605895236206774,-0.0,-0.1,0.27473579154851846,1.0612610044000266,0.1,0.27473579154851846,-1.0612610044000266,-0.2,0.1036325539754759,0.3394707270847966,0.2,0.1036325539754759,-0.3394707270847966,-0.4,0.07180981691971815,0.07188003578230635,0.4,0.07180981691971815,-0.07188003578230635,-0.30000000000000004,0.05635438098556049,1.2324432218036017,1.023130330750776
605,0.9530149802695755,0.0,10.306870548418736,0.9999985877563438,0.0,9.528138404577852,-0.0,-0.1,0.24634478620199196,0.7121007880585962,0.1,0.24634478620199196,-0.7121007880585962,-0.30000000000000004,0.07945383836593772,0.5236963339668438,0.30000000000000004,0.07945383836593772,-0.5236963339668438,-0.5,0.04740303781362698,-0.0,-0.2,0.03986592844569885,-0.21026681974969683,0.2,0.03986592844569885,0.21026681974969683,1.0164089051382679
606,0.9450970595618341,0.0,10.08762347604843,0.9999882327738671,0.0,9.463145958154486,-0.0,-0.1,0.20166827203352014,0.2959525950546555,0.1,0.20166827203352014,-0.2959525950546555,-0.4,0.057002666035386125,0.6382785851865157,0.4,0.057002666035386125,-0.6382785851865157,0.30000000000000004,0.03991614131126892,0.4098233632825153,-0.30000000000000004,0.03991614131126892,-0.4098233632825153,-0.2,0.027303359133592657,2.1946373616538826,0.9997779623145429
607,0.9438121397148319,0.0,9.964349151255837,0.9999867813113439,0.0,9.408301059382987,-0.0,-0.1,0.1500627096633997,-0.2255704183785831,0.1,0.1500627096633997,0.2255704183785831,-0.2,0.07418172355471062,1.5815910047306234,0.2,0.07418172355471062,-1.5815910047306234,-0.5,0.03725549016176011,-0.0,-0.4,0.035151867637433956,-0.6816561543927873,0.4,0.035151867637433956,0.6816561543927873,0.979107027126633
608,0.9581818266910609,0.0,9.893375876209214,0.9999938289202782,0.0,9.37490445044175,-0.0,-0.1,0.11774930665372281,-0.9173677385596776,0.1,0.11774930665372281,0.9173677385596776,-0.2,0.08168075917064764,0.7461406040745449,0.2,0.08168075917064764,-0.7461406040745449,-0.30000000000000004,0.04831905790615704,0.7779492791518362,0.30000000000000004,0.04831905790615704,-0.7779492791518362,-0.4,0.022973178306407303,1.930358918473912,0.9698782742875312
609,0.981130273895662,0.0,9.847796585120456,0.9999884411848489,0.0,9.364402236316486,-0.0,-0.1,0.11167664251408582,-1.620424998285442,0.1,0.11167664251408582,1.620424998285442,-0.2,0.07431158236858966,-0.41441471048525663,0.2,0.07431158236858966,0.41441471048525663,-0.30000000000000004,0.04149758310092578,-0.9284421828984398,0.30000000000000004,0.04149758310092578,0.9284421828984398,-0.4,0.028422732836765698,-0.22974801816174908,0.9566761396775958
610,1.005396570522351,0.0,9.956488093388142,0.9999598669444418,0.0,9.38465267182831,-0.0,-0.1,0.11250499637894211,-2.067986563996917,0.1,0.11250499637894211,2.067986563996917,-0.2,0.09320521418545762,-1.5834562346444028,0.2,0.09320521418545762,1.5834562346444028,-0.30000000000000004,0.056026776481473015,-2.51979549698582,0.30000000000000004,0.056026776481473015,2.51979549698582,-0.4,0.04836144746808814,-2.647518515649274,0.9141313883238364
611,1.0279437157562676,0.0,10.160998082575308,0.9999176255391683,0.0,9.48363678834481,-0.0,-0.2,0.13509802756552736,-2.0179226891782216,0.2,0.13509802756552736,2.0179226891782216,-0.1,0.10877603681717708,-1.769333089524887,0.1,0.10877603681717708,1.769333089524887,-0.5,0.06437258565888726,-3.141592653589793,-0.30000000000000004,0.062620289903101,-2.433169508403049,0.30000000000000004,0.062620289903101,2.433169508403049,0.916442267875016
612,1.0575276207073974,0.0,10.415888971991228,0.9999154624828688,0.0,9.606960998657959,-0.0,-0.1,0.14747671540798463,-1.4365870239536647,0.1,0.14747671540798463,1.4365870239536647,-0.2,0.13803195970634577,-2.337846946086162,0.2,0.13803195970634577,2.337846946086162,-0.30000000000000004,0.0860305370848186,-2.3783164850500884,0.30000000000000004,0.0860305370848186,2.3783164850500884,-0.4,0.06584954893497086,-2.7368644814642784,0.9269978734389498
613,1.0622063513924425,0.0,10.691536709606453,0.9998491325738189,0.0,9.749438861279517,-0.0,-0.1,0.21834024642689365,-1.3616796877162383,0.1,0.21834024642689365,1.3616796877162383,-0.2,0.10979562922226574,-2.3882854099234416,0.2,0.10979562922226574,2.3882854099234416,-0.30000000000000004,0.0999366927113068,-2.5223448339572276,0.30000000000000004,0.0999366927113068,2.5223448339572276,-0.4,0.08595271160600207,-2.819719731874691,0.9435616833456015
614,1.043768179712854,0.0,10.848399600228552,0.9999358663046438,0.0,9.884590010652186,-0.0,-0.1,0.2796250386282942,-1.4975320586165997,0.1,0.2796250386282942,1.4975320586165997,-0.2,0.09312822462106593,-2.1948148055937517,0.2,0.09312822462106593,2.1948148055937517,-0.30000000000000004,0.0790947624526236,-2.708217975770731,0.30000000000000004,0.0790947624526236,2.708217975770731,-0.4,0.06011353817239868,-2.982640117940404,0.9613775356994461
615,1.0128805507464462,0.0,10.871978894624833,0.999974829043235,0.0,9.978078718224276,-0.0,-0.1,0.3012596754386854,-1.8111902521740662,0.1,0.3012596754386854,1.8111902521740662,-0.2,0.08508022282285957,-2.350273425504734,0.2,0.08508022282285957,2.350273425504734,-0.5,0.04186379616671765,-3.141592653589793,-0.30000000000000004,0.03967829185537411,-2.876917392339556,0.30000000000000004,0.03967829185537411,2.876917392339556,0.9596563698970125
616,0.9725457628180253,0.0,10.827360165831712,0.9999911135192824,0.0,10.037944288701148,-0.0,-0.1,0.2928369933383145,-2.239625985985594,0.1,0.2928369933383145,2.239625985985594,-0.2,0.06051599363643516,-2.8264082626586786,0.2,0.06051599363643516,2.8264082626586786,-0.4,0.02938667681293684,-2.94756900126223,0.4,0.02938667681293684,2.94756900126223,-0.30000000000000004,0.023936549555191478,-2.3334762038042194,0.9485509209030488
617,0.9442109903591505,0.0,10.739981230431624,0.9999993293265954,0.0,10.065392991957339,-0.0,-0.1,0.27665632924146744,-2.790026080836838,0.1,0.27665632924146744,2.790026080836838,-0.2,0.03545558322400512,2.4424922523065096,0.2,0.03545558322400512,-2.4424922523065096,-0.30000000000000004,0.020458742298651737,-2.8931847643941806,0.30000000000000004,0.020458742298651737,2.8931847643941806,-0.5,0.009446928946037936,-3.141592653589793,0.944253866162363
618,0.9300390033877675,0.0,10.737850949052739,0.9999993609649763,0.0,10.065791842601659,-0.0,-0.1,0.27628190868347885,2.8653378392726747,0.1,0.27628190868347885,-2.8653378392726747,-0.2,0.03515123151377516,1.178553188181482,0.2,0.03515123151377516,-1.178553188181482,-0.30000000000000004,0.020072373877425817,1.5099303827718635,0.30000000000000004,0.020072373877425817,-1.5099303827718635,-0.5,0.00904807830171972,-0.0,0.957254319019209
619,0.9354896551991836,0.0,10.806723682674846,0.9999908066201599,0.0,10.037649019298364,-0.0,-0.1,0.303454761374774,2.26231763425943,0.1,0.303454761374774,-2.26231763425943,-0.2,0.03565554880190812,0.7392920748584944,0.2,0.03565554880190812,-0.7392920748584944,-0.30000000000000004,0.03355883822603267,0.6168592243644005,0.30000000000000004,0.03355883822603267,-0.6168592243644005,-0.4,0.023736366571052755,0.7679693700633385,0.977513388472907
620,0.954331231221316,0.0,10.81508164336613,0.9999858577171048,0.0,9.992008400601886,-0.0,-0.1,0.33441328266086373,1.7393208390481425,0.1,0.33441328266086373,-1.7393208390481425,-0.4,0.03298386507768782,0.104819472981382,0.4,0.03298386507768782,-0.104819472981382,-0.2,0.03081153113030938,0.9907841342137136,0.2,0.03081153113030938,-0.9907841342137136,-0.30000000000000004,0.02665588502652365,0.4408263382941535,1.0003312265523423
621,0.9862252584826267,0.0,10.80290137913418,0.9999930265270002,0.0,9.94094306130085,-0.0,-0.1,0.3466532396619131,1.2567403445286704,0.1,0.3466532396619131,-1.2567403445286704,-0.2,0.04280729021612943,1.2388789801479272,0.2,0.04280729021612943,-1.2388789801479272,-0.30000000000000004,0.02925889623555758,0.8573877087889603,0.30000000000000004,0.02925889623555758,-0.8573877087889603,-0.5,0.024519465606130275,-0.0,1.0245830878347424
622,1.0102203094292403,0.0,10.758981599449061,0.999990026765434,0.0,9.899224604027209,-0.0,-0.1,0.3361158011142581,0.7467461514421543,0.1,0.3361158011142581,-0.7467461514421543,-0.2,0.04908187107003376,0.9155354596616463,0.2,0.04908187107003376,-0.9155354596616463,-0.30000000000000004,0.031605502490614994,0.4812465662222095,0.30000000000000004,0.031605502490614994,-0.4812465662222095,-0.4,0.026150646072037115,0.3197229971052835,1.0533251818242808
623,1.0258075885328837,0.0,10.621915679794904,0.9999882162009316,0.0,9.851917292749052,-0.0,-0.1,0.30310496754968863,0.22464229807452032,0.1,0.30310496754968863,-0.22464229807452032,-0.2,0.04262862007507968,0.7345759486246097,0.2,0.04262862007507968,-0.7345759486246097,-0.5,0.03010831961064575,-0.0,-0.30000000000000004,0.024211446092835914,0.6078163590367598,0.30000000000000004,0.024211446092835914,-0.6078163590367598,1.0576024713817993
624,1.0351787752896275,0.0,10.466934038300112,0.9999972880681777,0.0,9.815518529889493,-0.0,-0.1,0.2677435628401808,-0.3733885087398199,0.1,0.2677435628401808,0.3733885087398199,-0.2,0.02896713088781283,0.4793518778939221,0.2,0.02896713088781283,-0.4793518778939221,-0.30000000000000004,0.021545433504014784,0.5598711638655015,0.30000000000000004,0.021545433504014784,-0.5598711638655015,-0.4,0.014903253946602526,0.17215196917455378,1.0416708393724254
625,1.0369930084101733,0.0,10.406444071927892,0.9999994919205127,0.0,9.806929125466267,-0.0,-0.1,0.25976489333903613,-1.0137689269703942,0.1,0.25976489333903613,1.0137689269703942,-0.2,0.021710287271827496,-0.5937874550710286,0.2,0.021710287271827496,0.5937874550710286,-0.30000000000000004,0.014978920073085274,-1.0156321213324109,0.30000000000000004,0.014978920073085274,1.0156321213324109,-0.4,0.006606745093727996,-2.1165284790001913,1.0129935737920703
626,1.0461966735253772,0.0,10.560551771715913,0.9999905029750904,0.0,9.831041583129995,-0.0,-0.1,0.27327984685294865,-1.5671219243542138,0.1,0.27327984685294865,1.5671219243542138,-0.2,0.04382362783330405,-1.5374940501303862,0.2,0.04382362783330405,1.5374940501303862,-0.30000000000000004,0.03444591018768581,-2.263474298281168,0.30000000000000004,0.03444591018768581,2.263474298281168,-0.5,0.0264114188380411,-3.141592653589793,0.9765562418472388
627,1.0448718822833687,0.0,10.815420971400792,0.9999474841712214,0.0,9.904692493837347,-0.0,-0.1,0.2832917977672309,-1.9324381896738991,0.1,0.2832917977672309,1.9324381896738991,-0.2,0.08694770533878793,-1.7845637138409713,0.2,0.08694770533878793,1.7845637138409713,-0.30000000000000004,0.05805819942440102,-2.359088308478432,0.30000000000000004,0.05805819942440102,2.359088308478432,-0.4,0.05413307250260721,-2.6539237800152327,0.9537172043005245
628,1.0436286933333334,0.0,10.974790531578215,0.999937294273511,0.0,10.005353385761564,-0.0,-0.1,0.26496803221260334,-2.1974946026111586,0.1,0.26496803221260334,2.1974946026111586,-0.2,0.11823310822449742,-2.0585012865297814,0.2,0.11823310822449742,2.0585012865297814,-0.30000000000000004,0.07221186990388913,-2.487650826097,0.30000000000000004,0.07221186990388913,2.487650826097,-0.4,0.05861112513467097,-2.9608349573557184,0.9411467652570604
629,1.028600864241988,0.0,10.998315859333417,0.9999368118507025,0.0,10.11894307570713,-0.0,-0.1,0.2186497955250641,-2.391505204384016,0.1,0.2186497955250641,2.391505204384016,-0.2,0.11956186867779994,-2.3191737366922793,0.2,0.11956186867779994,2.3191737366922793,-0.30000000000000004,0.07139058266495042,-2.5477447990839677,0.30000000000000004,0.07139058266495042,2.5477447990839677,-0.5,0.06016828989065903,-3.141592653589793,0.9457785577016669
630,1.0089325389268256,0.0,10.868679951123843,0.9999672845597263,0.0,10.212054284749936,-0.0,-0.1,0.1633625437601195,-2.620768634134793,0.1,0.1633625437601195,2.620768634134793,-0.2,0.0883992993214757,-2.6940592073995866,0.2,0.0883992993214757,2.6940592073995866,-0.30000000000000004,0.0524203385054557,-2.7514282968170396,0.30000000000000004,0.0524203385054557,2.7514282968170396,-0.4,0.048261303199805636,-3.042186826992805,0.9624278283375519
631,0.9846911215122818,0.0,10.65980467204955,0.9999987440364034,0.0,10.266655592455445,-0.0,-0.1,0.1191401324951484,-3.0190176046123467,0.1,0.1191401324951484,3.0190176046123467,-0.2,0.04574933053072514,2.875217290746071,0.2,0.04574933053072514,-2.875217290746071,-0.5,0.021658388553364105,-3.141592653589793,-0.30000000000000004,0.0208558824944965,3.125286139696235,0.30000000000000004,0.0208558824944965,-3.125286139696235,0.9878526888792697
632,0.964497880357984,0.0,10.668881623683923,0.9999982252983814,0.0,10.265121455485101,-0.0,-0.1,0.1206629047566423,2.6342946223859363,0.1,0.1206629047566423,-2.6342946223859363,-0.2,0.047231087102558696,1.6271306480364753,0.2,0.047231087102558696,-1.6271306480364753,-0.5,0.023192525523708873,-0.0,-0.30000000000000004,0.02238982947835595,1.2414478102892799,0.30000000000000004,0.02238982947835595,-1.2414478102892799,1.0086544942960654
633,0.9361740135909205,0.0,10.805004450637075,0.9999810943049866,0.0,10.219399026413843,-0.0,-0.1,0.16215566917753366,2.143392262481984,0.1,0.16215566917753366,-2.143392262481984,-0.2,0.06756106590785167,1.1123850511669335,0.2,0.06756106590785167,-1.1123850511669335,-0.30000000000000004,0.043927782276272226,0.7533566212226384,0.30000000000000004,0.043927782276272226,-0.7533566212226384,-0.4,0.03831638949991607,0.4795840011263036,1.0201552181212858
634,0.9210517450123704,0.0,10.944522739871212,0.9999336551555015,0.0,10.12976545147188,-0.0,-0.1,0.22378288775553942,1.8584319653383936,0.1,0.22378288775553942,-1.8584319653383936,-0.2,0.08508263823854507,1.0924960544944484,0.2,0.08508263823854507,-1.0924960544944484,-0.5,0.06710367139441598,-0.0,-0.30000000000000004,0.06496128250837369,0.7757199885863122,0.30000000000000004,0.06496128250837369,-0.7757199885863122,1.0240977124749262
635,0.9071991634381321,0.0,11.010340050100819,0.9999403263049834,0.0,10.015638421194623,-0.0,-0.1,0.2785574386083975,1.6338698377301517,0.1,0.2785574386083975,-1.6338698377301517,-0.2,0.10642069175071282,1.0957795918390825,0.2,0.10642069175071282,-1.0957795918390825,-0.30000000000000004,0.0816040196531528,0.6653599644317824,0.30000000000000004,0.0816040196531528,-0.6653599644317824,-0.4,0.061537328881670586,0.32464837386570533,1.0264583925161808
636,0.920185534135382,0.0,11.012610356220069,0.9998878788590717,0.0,9.885844576222581,-0.0,-0.1,0.3146402963681597,1.429864233962022,0.1,0.3146402963681597,-1.429864233962022,-0.2,0.1246482680296235,1.0228063505802285,0.2,0.1246482680296235,-1.0228063505802285,-0.5,0.08277048608919912,-0.0,-0.30000000000000004,0.0827090825563615,0.6017191492092728,0.30000000000000004,0.0827090825563615,-0.6017191492092728,1.0323248995773824
637,0.9245480740370183,0.0,10.860559501512663,0.9999396730710003,0.0,9.759833436832587,-0.0,-0.1,0.322085203112464,1.1993082246710256,0.1,0.322085203112464,-1.1993082246710256,-0.2,0.12267881696194342,0.8352505219400733,0.2,0.12267881696194342,-0.8352505219400733,-0.30000000000000004,0.07440513888671149,0.5760680389780486,0.30000000000000004,0.07440513888671149,-0.5760680389780486,-0.4,0.06238774675783964,0.19616822747276771,1.034428698003143
638,0.9503732043096567,0.0,10.655424938448556,0.9999217431912861,0.0,9.639509628586236,-0.0,-0.1,0.3001345171261361,0.9538266079434885,0.1,0.3001345171261361,-0.9538266079434885,-0.2,0.09858317176559735,0.7099473525609459,0.2,0.09858317176559735,-0.7099473525609459,-0.5,0.07708315494555507,-0.0,-0.30000000000000004,0.07069838856665014,0.6461199105141411,0.30000000000000004,0.07069838856665014,-0.6461199105141411,1.0326313231485669
639,0.9783694843920252,0.0,10.353521851142254,0.9999742887127925,0.0,9.54625413956256,-0.0,-0.1,0.2576627907843862,0.6251746394541783,0.1,0.2576627907843862,-0.6251746394541783,-0.2,0.06686341057041074,0.5943507714579892,0.2,0.06686341057041074,-0.5943507714579892,-0.30000000000000004,0.05627417703867969,0.3988122305247543,0.30000000000000004,0.05627417703867969,-0.3988122305247543,-0.4,0.0456669547927417,0.05111899118252071,1.0224229007887053
640,0.9919972342036811,0.0,10.08733032508117,0.9999994056622901,0.0,9.496022759712597,-0.0,-0.1,0.2189149437201512,0.1315496776596504,0.1,0.2189149437201512,-0.1315496776596504,-0.2,0.03779624762982171,0.17705590914877817,0.2,0.03779624762982171,-0.17705590914877817,-0.5,0.0340590457718406,-0.0,-0.30000000000000004,0.021913068448393795,-0.3884555431122024,0.30000000000000004,0.021913068448393795,0.3884555431122024,1.0079100357711206
641,1.0098348883513517,0.0,9.966861824646788,0.9999982192693762,0.0,9.479087454989452,-0.0,-0.1,0.20213816978579538,-0.4857790504335284,0.1,0.20213816978579538,0.4857790504335284,-0.2,0.021335244401938694,-0.9393128908207844,0.2,0.021335244401938694,0.9393128908207844,-0.5,0.017123741048695962,-3.141592653589793,-0.4,0.011851900116585901,0.5582150170477971,0.4,0.011851900116585901,-0.5582150170477971,0.9864765745711813
642,1.0232114718971486,0.0,10.12428802431373,0.9999963767872561,0.0,9.504231221828523,-0.0,-0.1,0.22467999787655854,-1.0618236435154969,0.1,0.22467999787655854,1.0618236435154969,-0.2,0.04148226780316315,-1.6847297883609642,0.2,0.04148226780316315,1.6847297883609642,-0.4,0.03575202495298566,-2.336770961257435,0.4,0.03575202495298566,2.336770961257435,-0.30000000000000004,0.01622822121979277,-1.9229625812626643,0.9658596460900505
643,1.0368395944148936,0.0,10.376863375767966,0.9999603713262624,0.0,9.562944813367686,-0.0,-0.1,0.25842710567997684,-1.4904191650905967,0.1,0.25842710567997684,1.4904191650905967,-0.2,0.06792847549620401,-1.9085603993328,0.2,0.06792847549620401,1.9085603993328,-0.30000000000000004,0.05525691714956445,-2.1642343947170635,0.30000000000000004,0.05525691714956445,2.1642343947170635,-0.5,0.0506935657487908,-3.141592653589793,0.9446928810338782
644,1.0585571812582941,0.0,10.660302640325432,0.9999372773397952,0.0,9.66361039419166,-0.0,-0.1,0.2847728998517962,-1.758653548190011,0.1,0.2847728998517962,1.758653548190011,-0.2,0.10107357478958377,-1.9434763020637222,0.2,0.10107357478958377,1.9434763020637222,-0.30000000000000004,0.08346051769393062,-2.4659714035314924,0.30000000000000004,0.08346051769393062,2.4659714035314924,-0.4,0.05807826146315025,-2.4977282636450373,0.9306939412061155
645,1.0807949241437573,0.0,10.945444269321664,0.9998377668243759,0.0,9.801115830437583,-0.0,-0.1,0.29219440541913255,-1.9063663493862393,0.1,0.29219440541913255,1.9063663493862393,-0.2,0.13784996839990155,-2.0083385875414725,0.2,0.13784996839990155,2.0083385875414725,-0.4,0.09750173864076063,-2.878940189481021,0.4,0.09750173864076063,2.878940189481021,-0.30000000000000004,0.08923621396448929,-2.5097187317652043,0.9231531726847368
646,1.0559576684084169,0.0,11.202511500147091,0.9998606464003819,0.0,9.974711591143208,-0.0,-0.1,0.2865408649437435,-1.9256930757617767,0.1,0.2865408649437435,1.9256930757617767,-0.2,0.16987931010543295,-2.0823265434742284,0.2,0.16987931010543295,2.0823265434742284,-0.30000000000000004,0.11444860968532267,-2.363558186999951,0.30000000000000004,0.11444860968532267,2.363558186999951,-0.5,0.08606233953488385,-3.141592653589793,0.936014884298084
647,1.0193344178808883,0.0,11.223372186685125,0.9999378749506033,0.0,10.110483725416243,-0.0,-0.1,0.2711121124767027,-2.065186943232243,0.1,0.2711121124767027,2.065186943232243,-0.2,0.157200436623929,-2.486152211008157,0.2,0.157200436623929,2.486152211008157,-0.30000000000000004,0.0969327892346859,-2.8617563266757005,0.30000000000000004,0.0969327892346859,2.8617563266757005,-0.4,0.062397784598247366,-2.9467999532296982,0.9356408241335726
648,0.9977223523476632,0.0,11.004480840212162,0.9999862035695687,0.0,10.205270069260113,-0.0,-0.1,0.24103801963894667,-2.3400361938254677,0.1,0.24103801963894667,2.3400361938254677,-0.2,0.10035375809092455,-3.1293363320033545,0.2,0.10035375809092455,3.1293363320033545,-0.5,0.04507654910571901,-3.141592653589793,-0.4,0.03567533319329447,-2.858650437265395,0.4,0.03567533319329447,2.858650437265395,0.9555660495348294
649,0.9689868273034076,0.0,10.841657982537033,0.9999973788832939,0.0,10.25261921729812,-0.0,-0.1,0.21086446683608548,-2.8063226237690944,0.1,0.21086446683608548,2.8063226237690944,-0.2,0.05301134275577626,1.9081590698940072,0.2,0.05301134275577626,-1.9081590698940072,-0.30000000000000004,0.0224184740552428,-1.580123303803153,0.30000000000000004,0.0224184740552428,1.580123303803153,-0.4,0.01645019794470257,3.1195692266388657,0.9802413651527759
650,0.9776793964933403,0.0,10.872397779398172,0.9999930458554059,0.0,10.243236560209503,-0.0,-0.1,0.21974639750718203,2.83449512792626,0.1,0.21974639750718203,-2.83449512792626,-0.2,0.05681114966084122,0.8080054146250054,0.2,0.05681114966084122,-0.8080054146250054,-0.4,0.025831406064659244,0.6142940397110996,0.4,0.025831406064659244,-0.6142940397110996,-0.30000000000000004,0.024383312723303643,2.4231352670553252,0.992667338050809
651,1.002771394891945,0.0,10.881051475400549,0.999997375756838,0.0,10.228918722499163,-0.0,-0.1,0.2334345035236547,2.2247189865956694,0.1,0.2334345035236547,-2.2247189865956694,-0.2,0.048046493176702156,-0.23150250879612078,0.2,0.048046493176702156,0.23150250879612078,-0.30000000000000004,0.036403177156213204,0.8000504711644357,0.30000000000000004,0.036403177156213204,-0.8000504711644357,-0.4,0.016364405188247853,-1.3704109832363516,1.0092429016418405
652,1.019956622207808,0.0,10.86011392412938,0.9999972177434261,0.0,10.221855229039756,-0.0,-0.1,0.23779735506054847,1.6199786855903087,0.1,0.23779735506054847,-1.6199786855903087,-0.2,0.04120331906659965,-1.5274827012285837,0.2,0.04120331906659965,1.5274827012285837,-0.30000000000000004,0.03188744977218163,-0.9253168867870042,0.30000000000000004,0.03188744977218163,0.9253168867870042,-0.4,0.016482447290962918,1.966086653685265,1.0234060804436618
653,1.0288143223989397,0.0,10.855014030894914,0.9999968921082115,0.0,10.218600379350415,-0.0,-0.1,0.23797957726560157,1.005321054061918,0.1,0.23797957726560157,-1.005321054061918,-0.2,0.041190940112252945,-2.8631464651411402,0.2,0.041190940112252945,2.8631464651411402,-0.30000000000000004,0.03004211361168394,-2.8969264313330947,0.30000000000000004,0.03004211361168394,2.8969264313330947,-0.4,0.017988389565422546,-0.37941314415314564,1.0352832912210135
654,1.029162936211313,0.0,10.862745981261927,0.9999980463318439,0.0,10.21057510733446,-0.0,-0.1,0.23377772019045526,0.40599142548060274,0.1,0.23377772019045526,-0.40599142548060274,-0.2,0.0489568276523217,2.11832963043914,0.2,0.0489568276523217,-2.11832963043914,-0.30000000000000004,0.0378782960245528,1.4499589437159455,0.30000000000000004,0.0378782960245528,-1.4499589437159455,-0.4,0.010945186192807604,3.1154760487837994,1.0587341932161192
655,1.058134632224168,0.0,10.86380579197767,0.9999803775356259,0.0,10.18118086228748,-0.0,-0.1,0.20709850589551268,-0.16624388696736217,0.1,0.20709850589551268,0.16624388696736217,-0.2,0.06898609058552335,1.2340367242038437,0.2,0.06898609058552335,-1.2340367242038437,-0.30000000000000004,0.045059512682115006,0.2694153180602666,0.30000000000000004,0.045059512682115006,-0.2694153180602666,-0.4,0.04033671136388913,0.6212326531096974,1.0754926064778616
656,1.0674958755491797,0.0,10.733455159369035,0.9999943710159206,0.0,10.158520570367891,-0.0,-0.1,0.18478867527462867,-0.8148562170358519,0.1,0.18478867527462867,0.8148562170358519,-0.2,0.06511130522914542,0.31208876597792456,0.2,0.06511130522914542,-0.31208876597792456,-0.4,0.025573656788627375,-1.3501798007148635,0.4,0.025573656788627375,1.3501798007148635,-0.30000000000000004,0.023987314416342373,-1.3613694150286004,1.0552152355616555
657,1.0611940710568002,0.0,10.7974195539472,0.9999901572496899,0.0,10.170058777508652,-0.0,-0.1,0.19288637086427207,-1.3996353113293847,0.1,0.19288637086427207,1.3996353113293847,-0.2,0.0761745805029614,-0.9910736886785387,0.2,0.0761745805029614,0.9910736886785387,-0.4,0.030270200431542715,2.800824275528931,0.4,0.030270200431542715,-2.800824275528931,-0.30000000000000004,0.028698472840996567,-2.8421451601347534,1.0234741146817323
658,1.0564729803993405,0.0,10.891948031116636,0.9999946348350336,0.0,10.211918430684564,-0.0,-0.1,0.20422504380725032,-1.8245816125484655,0.1,0.20422504380725032,1.8245816125484655,-0.2,0.105110519715554,-1.9080397517003505,0.2,0.105110519715554,1.9080397517003505,-0.5,0.02788406506595642,-3.141592653589793,-0.30000000000000004,0.016737204160253427,-2.4152751769129797,0.30000000000000004,0.016737204160253427,2.4152751769129797,0.9986899159924987
659,1.0533559730362065,0.0,11.030448729500439,0.9999695617561865,0.0,10.270669058736242,-0.0,-0.1,0.19782481803231108,-2.1613154037435356,0.1,0.19782481803231108,2.1613154037435356,-0.2,0.1020450783226079,-2.5903123677799753,0.2,0.1020450783226079,2.5903123677799753,-0.4,0.05624253914584233,-2.8021065383315755,0.4,0.05624253914584233,2.8021065383315755,-0.30000000000000004,0.04755479976267386,-2.1208795706025207,0.9745594497283868
660,1.0337548333640214,0.0,10.992239201805473,0.9999751592246525,0.0,10.355038204469041,-0.0,-0.1,0.16633321733708475,-2.3547212249369394,0.1,0.16633321733708475,2.3547212249369394,-0.30000000000000004,0.07200579812790896,-2.4829719062414117,0.30000000000000004,0.07200579812790896,2.4829719062414117,-0.2,0.05351019182968339,-2.8752635834620457,0.2,0.05351019182968339,2.8752635834620457,-0.5,0.0535025827470772,-3.141592653589793,0.9849514800659577
661,1.0132266151046405,0.0,10.819639002833481,0.9999979269753851,0.0,10.411113641339721,-0.0,-0.1,0.13281557760671261,-2.6794122738428063,0.1,0.13281557760671261,2.6794122738428063,-0.30000000000000004,0.04407804419171814,2.807707518997249,0.30000000000000004,0.04407804419171814,-2.807707518997249,-0.4,0.019983905029661034,-2.6775020818115216,0.4,0.019983905029661034,2.6775020818115216,-0.2,0.014770307837575714,-2.5212689965328954,1.0042305260113809
662,1.016644090366425,0.0,10.769366786597041,0.9999987270715973,0.0,10.42156886155242,-0.0,-0.1,0.12354528570863398,3.013198540990398,0.1,0.12354528570863398,-3.013198540990398,-0.30000000000000004,0.03437140581434637,0.8229002060812157,0.30000000000000004,0.03437140581434637,-0.8229002060812157,-0.4,0.011618717609904948,1.5069679083139507,0.4,0.011618717609904948,-1.5069679083139507,-0.2,0.008727106778852382,-3.0075296671680913,1.0216097386696597
663,1.0178619809788911,0.0,10.772252243580125,0.9999975465499065,0.0,10.418256329711035,-0.0,-0.1,0.1268312606123938,2.388224160571292,0.1,0.1268312606123938,-2.388224160571292,-0.30000000000000004,0.03221023824107474,-0.9865888714887533,0.30000000000000004,0.03221023824107474,0.9865888714887533,-0.2,0.012018073929149362,1.9821691574355407,0.2,0.012018073929149362,-1.9821691574355407,-0.4,0.011876768303853692,-0.7242402493712713,1.0268052590690373
664,1.013588975937325,0.0,10.779382737707888,0.9999993889113012,0.0,10.407303988290987,-0.0,-0.1,0.1350278077556957,1.8154226560155455,0.1,0.1350278077556957,-1.8154226560155455,-0.30000000000000004,0.027718450289114318,3.075765233559417,0.30000000000000004,0.027718450289114318,-3.075765233559417,-0.2,0.019226387448187627,1.2748751809441112,0.2,0.019226387448187627,-1.2748751809441112,-0.4,0.008133458430903528,1.9434822485318897,1.0294833459541133
665,1.0192238579881656,0.0,10.819370820218767,0.999993973034505,0.0,10.391730028016998,-0.0,-0.1,0.13961978496283917,1.2955410772823472,0.1,0.13961978496283917,-1.2955410772823472,-0.30000000000000004,0.04327080868823402,1.2144872462853225,0.30000000000000004,0.04327080868823402,-1.2144872462853225,-0.2,0.020917969127898055,0.8108138707238877,0.2,0.020917969127898055,-0.8108138707238877,-0.4,0.020023666643826758,0.24035047870226434,1.054608172701068
666,1.0136689230769231,0.0,10.796332745252025,0.9999925107342534,0.0,10.352819253780996,-0.0,-0.1,0.1343673694038696,0.9496459052915136,0.1,0.1343673694038696,-0.9496459052915136,-0.30000000000000004,0.04702980594627554,0.2168766697606805,0.30000000000000004,0.04702980594627554,-0.2168766697606805,-0.2,0.028812441659574112,1.3307791822275545,0.2,0.028812441659574112,-1.3307791822275545,-0.5,0.02309425745158844,-0.0,1.063786410175114
667,0.9897047077416453,0.0,10.735167793287008,0.999996893539367,0.0,10.29899230130874,-0.0,-0.1,0.11195364668773615,0.7230327153790821,0.1,0.11195364668773615,-0.7230327153790821,-0.2,0.05468223327507898,1.3476740424966076,0.2,0.05468223327507898,-1.3476740424966076,-0.4,0.03608551851598533,0.41658054639923636,0.4,0.03608551851598533,-0.41658054639923636,-0.5,0.03073269502066811,-0.0,1.0587809761417746
668,0.9729839802557774,0.0,10.697705670817612,0.9999679295635987,0.0,10.227502937993584,-0.0,-0.2,0.0798176393184605,1.1532936958396274,0.2,0.0798176393184605,-1.1532936958396274,-0.1,0.07511502039226618,0.7759127167890275,0.1,0.07511502039226618,-0.7759127167890275,-0.30000000000000004,0.059585460368347186,1.1829781012345337,0.30000000000000004,0.059585460368347186,-1.1829781012345337,-0.4,0.04116649266587939,0.26573215070535705,1.0484251566952587
669,0.9815608421474091,0.0,10.652691529608791,0.9999625181501375,0.0,10.144013937850023,-0.0,-0.2,0.08909058101610061,0.9253585641892256,0.2,0.08909058101610061,-0.9253585641892256,-0.30000000000000004,0.08220861784564652,0.5211059337680122,0.30000000000000004,0.08220861784564652,-0.5211059337680122,-0.1,0.060498162137333396,1.4589178676687937,0.1,0.060498162137333396,-1.4589178676687937,-0.4,0.045082869760607,0.3861564369199402,1.0449064273374586
670,0.9887489000351989,0.0,10.51263833272985,0.9999799485508698,0.0,10.072218806961224,-0.0,-0.1,0.08857038110517407,1.7671720855134323,0.1,0.08857038110517407,-1.7671720855134323,-0.2,0.07345980645672716,0.5645611842050681,0.2,0.07345980645672716,-0.5645611842050681,-0.30000000000000004,0.040929735512154605,-0.3019884928622187,0.30000000000000004,0.040929735512154605,0.3019884928622187,-0.4,0.034499679620513174,0.11374156610447136,1.0274208778151197
671,1.000498944033791,0.0,10.36970909175944,0.9999974059067055,0.0,10.0272128736324,-0.0,-0.1,0.10689147144703934,1.5645452844742738,0.1,0.10689147144703934,-1.5645452844742738,-0.2,0.04284494821316535,-0.09523611876003493,0.2,0.04284494821316535,0.09523611876003493,-0.5,0.015943134289102545,-0.0,-0.30000000000000004,0.013540122258763977,2.3742398349256435,0.30000000000000004,0.013540122258763977,-2.3742398349256435,1.0110302923642296
672,1.0077936205981242,0.0,10.342330097554292,0.9999997683404984,0.0,10.014485202561552,-0.0,-0.1,0.10756752093475941,1.0548248921442944,0.1,0.10756752093475941,-1.0548248921442944,-0.2,0.03019921556223111,-1.3919611992356584,0.2,0.03019921556223111,1.3919611992356584,-0.30000000000000004,0.024359884269168953,0.8604755983030937,0.30000000000000004,0.024359884269168953,-0.8604755983030937,-0.4,0.003591653460420779,-0.43480708500540655,1.0166398912029093
673,1.0157267744833782,0.0,10.32404220697228,0.999999329502547,0.0,10.00563473279325,-0.0,-0.1,0.1034876030039621,0.5009633836097324,0.1,0.1034876030039621,-0.5009633836097324,-0.2,0.02992047903783002,-2.94395608031975,0.2,0.02992047903783002,2.94395608031975,-0.30000000000000004,0.019762688554445414,-0.6780637625191724,0.30000000000000004,0.019762688554445414,0.6780637625191724,-0.5,0.01206593298655445,-0.0,1.0171348679489078
674,1.0351074518559866,0.0,10.31700247910946,0.9999995483319408,0.0,10.003499526297738,-0.0,-0.1,0.10161994440680243,-0.11726367669986663,0.1,0.10161994440680243,0.11726367669986663,-0.2,0.03201686540712277,2.0694970347556945,0.2,0.03201686540712277,-2.0694970347556945,-0.30000000000000004,0.018149303346415,-2.636884695916782,0.30000000000000004,0.018149303346415,2.636884695916782,-0.5,0.00993072649104132,-3.141592653589793,1.0133013828822486
675,1.0334741600837538,0.0,10.387025400231988,0.9999978367385931,0.0,10.025018002216399,-0.0,-0.1,0.12301640583619852,-0.7251155683388228,0.1,0.12301640583619852,0.7251155683388228,-0.2,0.02879395332306751,0.09694847124107366,0.2,0.02879395332306751,-0.09694847124107366,-0.4,0.023399465134718488,-2.7081747481554035,0.4,0.023399465134718488,2.7081747481554035,-0.5,0.011587749427619976,-3.141592653589793,1.0212412601450813
676,1.0377005509743742,0.0,10.422344095848308,0.999999688421934,0.0,10.039268304311989,-0.0,-0.1,0.13401533058709134,-1.2828528853093624,0.1,0.13401533058709134,1.2828528853093624,-0.2,0.04299946883763329,-1.1917731380724952,0.2,0.04299946883763329,1.1917731380724952,-0.4,0.012057013656059991,1.5811517983153414,0.4,0.012057013656059991,-1.5811517983153414,-0.30000000000000004,0.00493216537474827,-2.4508483959611373,1.0143153358672692
677,1.0482500257705392,0.0,10.53662428668357,0.9999917266101165,0.0,10.06329993220944,-0.0,-0.1,0.14271233201310526,-1.7490021633668256,0.1,0.14271233201310526,1.7490021633668256,-0.2,0.056490509082738775,-2.042105937300972,0.2,0.056490509082738775,2.042105937300972,-0.4,0.026774798526481125,-2.0461863970897527,0.4,0.026774798526481125,2.0461863970897527,-0.5,0.02136907522948306,-3.141592653589793,0.9915527017471445
678,1.0280525130890052,0.0,10.687984621390926,0.9999600866345062,0.0,10.121845250238332,-0.0,-0.1,0.1443337502623461,-1.9666756368273945,0.1,0.1443337502623461,1.9666756368273945,-0.2,0.060128118224358144,-2.248547281649012,0.2,0.060128118224358144,2.248547281649012,-0.30000000000000004,0.05258107651188341,-2.2397976396470365,0.30000000000000004,0.05258107651188341,2.2397976396470365,-0.4,0.05205348115541858,-2.9882697360872488,0.9818458889695164
679,0.9964553936471328,0.0,10.654987416791725,0.9999985263843306,0.0,10.17691378307156,-0.0,-0.1,0.13317197081623963,-2.203540698136054,0.1,0.13317197081623963,2.203540698136054,-0.2,0.04995445730522789,-2.47239173855366,0.2,0.04995445730522789,2.47239173855366,-0.30000000000000004,0.04696424372170555,-2.957164945506579,0.30000000000000004,0.04696424372170555,2.957164945506579,-0.5,0.01789229003381898,-3.141592653589793,0.9830820410791727
680,0.971191673212883,0.0,10.593775121463791,0.9999992243000027,0.0,10.191808334571284,-0.0,-0.1,0.12494259723370876,-2.7355777541903046,0.1,0.12494259723370876,2.7355777541903046,-0.2,0.03937198993704586,2.7910499750324216,0.2,0.03937198993704586,-2.7910499750324216,-0.30000000000000004,0.032437488810647994,1.5253703195980544,0.30000000000000004,0.032437488810647994,-1.5253703195980544,-0.4,0.008462634929702862,-1.9802282781617628,0.9887860137723792
681,0.9564707329842932,0.0,10.663780789419556,0.9999931430074693,0.0,10.174251107748969,-0.0,-0.1,0.14124277687873513,2.8701747294521684,0.1,0.14124277687873513,-2.8701747294521684,-0.2,0.05618593657640287,1.6419294247803726,0.2,0.05618593657640287,-1.6419294247803726,-0.30000000000000004,0.036176281497754315,0.14657619578394773,0.30000000000000004,0.036176281497754315,-0.14657619578394773,-0.4,0.02231969176480294,0.9835605063999757,0.9978063458297622
682,0.9556334118879287,0.0,10.748797312928646,0.999998134212849,0.0,10.13022289669947,-0.0,-0.1,0.18403811999570469,2.306038396625344,0.1,0.18403811999570469,-2.306038396625344,-0.2,0.07380365463488182,1.0226202871290395,0.2,0.07380365463488182,-1.0226202871290395,-0.4,0.03671107210336374,0.09762625643404492,0.4,0.03671107210336374,-0.09762625643404492,-0.5,0.02946872276127621,-0.0,1.0062793665769636
683,0.9867162957414937,0.0,10.764546506516039,0.9999949466476984,0.0,10.078062687989274,-0.0,-0.1,0.22241565245958392,1.8525427314829166,0.1,0.22241565245958392,-1.8525427314829166,-0.2,0.0644620616670777,0.5283017836951278,0.2,0.0644620616670777,-0.5283017836951278,-0.30000000000000004,0.04501845216226115,1.1183905895187558,0.30000000000000004,0.04501845216226115,-1.1183905895187558,-0.5,0.022691485948919343,-0.0,1.012778116168047
684,1.0110713320724127,0.0,10.6961307740806,0.9999972004674301,0.0,10.04905220924739,-0.0,-0.1,0.2321600525120429,1.3445463123980357,0.1,0.2321600525120429,-1.3445463123980357,-0.2,0.042032495264060644,-0.3730017100952187,0.2,0.042032495264060644,0.3730017100952187,-0.30000000000000004,0.04155090883610308,-0.0876463572576971,0.30000000000000004,0.04155090883610308,0.0876463572576971,-0.4,0.015591651608796633,0.2131614440081773,1.0329516760103326
685,1.0440942509673854,0.0,10.577173285848769,0.9999982451893938,0.0,10.025016089463817,-0.0,-0.1,0.22797469088033417,0.8191556818478414,0.1,0.22797469088033417,-0.8191556818478414,-0.2,0.02151302877474005,-2.04897183130527,0.2,0.02151302877474005,2.04897183130527,-0.30000000000000004,0.017732315042097314,-2.091534558390232,0.30000000000000004,0.017732315042097314,2.091534558390232,-0.5,0.017717126990609344,-0.0,1.031662964932012
686,1.0690441251343554,0.0,10.612578624989476,0.999995242643895,0.0,10.03563618034745,-0.0,-0.1,0.23535441753033332,0.15786508635957122,0.1,0.23535441753033332,-0.15786508635957122,-0.5,0.028337217874240928,-3.141592653589793,0.4,0.019834564830741606,2.386769778606113,-0.4,0.019834564830741606,-2.386769778606113,-0.2,0.019113631022818222,-2.7897208005104113,0.2,0.019113631022818222,2.7897208005104113,1.040737484976993
687,1.0596958194263733,0.0,10.690872707437151,0.9999977137861303,0.0,10.066979754507429,-0.0,-0.1,0.2663538228827651,-0.48895443912406716,0.1,0.2663538228827651,0.48895443912406716,-0.4,0.021683312144584962,3.0925460276958416,0.4,0.021683312144584962,-3.0925460276958416,0.30000000000000004,0.016443002297866792,1.6987957784619638,-0.30000000000000004,0.016443002297866792,-1.6987957784619638,-0.2,0.014932678279287587,-1.7135218708440103,1.0487630660105314
688,1.033597553619773,0.0,10.714257349747154,0.9999982637450319,0.0,10.078425548163263,-0.0,-0.1,0.27651071753180045,-1.0978290091777732,0.1,0.27651071753180045,1.0978290091777732,-0.30000000000000004,0.018797078374535304,-2.9353260607469913,0.30000000000000004,0.018797078374535304,2.9353260607469913,-0.2,0.01747479001098077,-2.264771341519547,0.2,0.01747479001098077,2.264771341519547,-0.4,0.010266629749257442,0.5245867442370544,1.0280078481978578
689,0.9969833545318807,0.0,10.715320364715065,0.9999981499758982,0.0,10.083970588694031,-0.0,-0.1,0.2790803086016704,-1.708458845733516,0.1,0.2790803086016704,1.708458845733516,-0.4,0.015319875263154393,-2.1709803030291037,0.4,0.015319875263154393,2.1709803030291037,-0.2,0.014565840785952692,3.0587619144059595,0.2,0.014565840785952692,-3.0587619144059595,-0.30000000000000004,0.013417726719478579,1.5476440759861558,0.9961348916809798
690,0.9675799518757519,0.0,10.714091084045618,0.9999981114672105,0.0,10.084498549578779,-0.0,-0.1,0.2790083476372546,-2.334903000986816,0.1,0.2790083476372546,2.334903000986816,-0.4,0.015028003026594999,1.6279268248148517,0.4,0.015028003026594999,-1.6279268248148517,-0.2,0.014039757969981184,1.7990135834084804,0.2,0.014039757969981184,-1.7990135834084804,-0.30000000000000004,0.013440317199177265,-0.3765929667104807,0.9702840630009234
691,0.9462866100870317,0.0,10.71594010580239,0.9999984979660833,0.0,10.080886828241649,-0.0,-0.1,0.28151934723231586,-2.972484492709517,0.1,0.28151934723231586,2.972484492709517,-0.4,0.015655151622295083,-0.6529319726606075,0.4,0.015655151622295083,0.6529319726606075,-0.2,0.015267733637060315,0.7748913712214274,0.2,0.015267733637060315,-0.7748913712214274,-0.30000000000000004,0.010168812577399053,-2.3925404768235374,0.9565120224206972
692,0.9265920424403183,0.0,10.722899752501231,0.9999989620638152,0.0,10.070702705344388,-0.0,-0.1,0.2915632344258492,2.6765035200744833,0.1,0.2915632344258492,-2.6765035200744833,-0.30000000000000004,0.018942093167636693,1.6308674592921448,0.30000000000000004,0.018942093167636693,-1.6308674592921448,-0.2,0.010706443786315831,0.24642604178167374,0.2,0.010706443786315831,-0.24642604178167374,-0.4,0.009773504397239724,2.4315028912852945,0.9560595356294331
693,0.9200815237297891,0.0,10.84836217712104,0.9999929742087803,0.0,10.041661335896777,-0.0,-0.1,0.3177869183453367,2.0891834534222538,0.1,0.3177869183453367,-2.0891834534222538,-0.4,0.037005270454113885,0.4552817771898796,0.4,0.037005270454113885,-0.4552817771898796,0.30000000000000004,0.03561256900690409,-0.6969345965857654,-0.30000000000000004,0.03561256900690409,0.6969345965857654,-0.5,0.025891325611553384,-0.0,0.9873726663679527
694,0.9310900005232587,0.0,10.962508937759543,0.9999723319582875,0.0,9.975026563885072,-0.0,-0.1,0.35554597614112593,1.6243852905973009,0.1,0.35554597614112593,-1.6243852905973009,-0.2,0.07233615633152798,1.6255848840914104,0.2,0.07233615633152798,-1.6255848840914104,-0.30000000000000004,0.04548733126450533,0.7301170873509497,0.30000000000000004,0.04548733126450533,-0.7301170873509497,-0.5,0.040743446400151484,-0.0,1.003754402925411
695,0.9736484382353336,0.0,11.007929010518929,0.9999647248802782,0.0,9.895045232335917,-0.0,-0.1,0.36858692198245196,1.2144822040061651,0.1,0.36858692198245196,-1.2144822040061651,-0.2,0.11073923783615648,1.1744310699967815,0.2,0.11073923783615648,-1.1744310699967815,-0.30000000000000004,0.05517776068598813,0.6744828625786088,0.30000000000000004,0.05517776068598813,-0.6744828625786088,-0.4,0.043875937173819275,0.48038058705048,1.0362794604909835
696,1.020678147829227,0.0,10.862342462778647,0.9999754174285744,0.0,9.824599419603866,-0.0,-0.1,0.35029174917443745,0.7757721664329403,0.1,0.35029174917443745,-0.7757721664329403,-0.2,0.10584077566700732,0.5788877165100446,0.2,0.10584077566700732,-0.5788877165100446,-0.30000000000000004,0.04399323399832431,0.3567442380335877,0.30000000000000004,0.04399323399832431,-0.3567442380335877,-0.4,0.03749152549524377,0.056918355439010096,1.0621802512503595
697,1.044102885361552,0.0,10.60344471772503,0.9999974082902597,0.0,9.776233442298738,-0.0,-0.1,0.3175754400031045,0.254305911412222,0.1,0.3175754400031045,-0.254305911412222,-0.2,0.07050845793459044,-0.29304616651159815,0.2,0.07050845793459044,0.29304616651159815,-0.5,0.017158049722079127,-0.0,-0.30000000000000004,0.01694271491441157,0.12102132271558255,0.30000000000000004,0.01694271491441157,-0.12102132271558255,1.0576757462531177
698,1.0499209042773348,0.0,10.494029673134404,0.9999999147691111,0.0,9.760640508233916,-0.0,-0.1,0.30250943887048837,-0.3610448185701498,0.1,0.30250943887048837,0.3610448185701498,-0.2,0.05576249689428168,-1.6305483584741283,0.2,0.05576249689428168,1.6305483584741283,-0.4,0.0072303266797071565,-0.07969228926367042,0.4,0.0072303266797071565,0.07969228926367042,-0.30000000000000004,0.0023846400115321103,-0.8540761950114046,1.0335974145332103
699,1.040082489645651,0.0,10.592003571843113,0.9999943519048428,0.0,9.776963858891477,-0.0,-0.1,0.3178327057577651,-0.9712199341300805,0.1,0.3178327057577651,0.9712199341300805,-0.2,0.057159393579711816,-2.598109771038756,0.2,0.057159393579711816,2.598109771038756,-0.4,0.023537768884246246,-2.5377305175430855,0.4,0.023537768884246246,2.5377305175430855,-0.30000000000000004,0.01797997650818933,-1.9851194340906693,0.999182998669903
700,1.0238397816524152,0.0,10.675568926094723,0.999984661104209,0.0,9.820062994005248,-0.0,-0.1,0.34399837960121404,-1.495917886314539,0.1,0.34399837960121404,1.495917886314539,-0.30000000000000004,0.03945749780828331,-2.315234274056234,0.30000000000000004,0.03945749780828331,2.315234274056234,-0.2,0.03012663857850679,-3.021986371984912,0.2,0.03012663857850679,3.021986371984912,-0.5,0.02834090011346646,-3.141592653589793,0.9729897753032332
701,1.0253440354607806,0.0,10.751191278553977,0.9999855383029859,0.0,9.876322823781912,-0.0,-0.1,0.3526976529804342,-1.9644919379523047,0.1,0.3526976529804342,1.9644919379523047,-0.30000000000000004,0.04139898482793553,-2.6617228955728045,0.30000000000000004,0.04139898482793553,2.6617228955728045,-0.4,0.029378124746064518,-2.62008189243293,0.4,0.029378124746064518,2.62008189243293,-0.5,0.027918929663196757,-3.141592653589793,0.9453419499398479
702,1.0377045226760213,0.0,10.954229191133498,0.9999565711338292,0.0,9.95538024915566,-0.0,-0.1,0.330534979020745,-2.370091367102319,0.1,0.330534979020745,2.370091367102319,-0.2,0.087772787555213,-1.559393648436751,0.2,0.087772787555213,1.559393648436751,-0.4,0.055547456557684415,-2.779906933918311,0.4,0.055547456557684415,2.779906933918311,-0.5,0.05113849571055251,-3.141592653589793,0.9328438384804396
703,1.01721256377551,0.0,11.11259685122916,0.9999263044250188,0.0,10.066492729391364,-0.0,-0.1,0.26257075293322474,-2.698912090721153,0.1,0.26257075293322474,2.698912090721153,-0.2,0.1423813660217967,-1.9208283306072909,0.2,0.1423813660217967,1.9208283306072909,-0.30000000000000004,0.08693060522896401,-2.291256527661227,0.30000000000000004,0.08693060522896401,2.291256527661227,-0.4,0.062338673469825655,-2.8340496077585042,0.9320202977811184
704,0.9952346753246754,0.0,11.002551393813933,0.9999694514748416,0.0,10.163623769437084,-0.0,-0.1,0.17968607620669827,-3.093553933036419,0.1,0.17968607620669827,3.093553933036419,-0.2,0.14220319040395812,-2.4808498504326497,0.2,0.14220319040395812,2.4808498504326497,-0.30000000000000004,0.07648717183162017,-2.9087948655767444,0.30000000000000004,0.07648717183162017,2.9087948655767444,-0.4,0.042174747492296084,-2.97718447188996,0.9389663098229155
705,0.9859702745934418,0.0,10.732538175603748,0.9999920304727863,0.0,10.227768444238501,-0.0,-0.1,0.11565642597770948,2.5879486943347194,0.1,0.11565642597770948,-2.5879486943347194,-0.2,0.09966267333469107,2.9517559242090465,0.2,0.09966267333469107,-2.9517559242090465,-0.5,0.02698761928084714,-3.141592653589793,-0.4,0.02357195672979922,-2.810463913790491,0.4,0.02357195672979922,2.810463913790491,0.9763695480121983
706,1.0088189059265238,0.0,10.671257385068644,0.9999969852235784,0.0,10.24009028059661,-0.0,-0.1,0.10537464895591452,1.8981088114150197,0.1,0.10537464895591452,-1.8981088114150197,-0.2,0.0875930629616517,1.6685712591721746,0.2,0.0875930629616517,-1.6685712591721746,-0.30000000000000004,0.015282948857081745,-0.23006378959550533,0.30000000000000004,0.015282948857081745,0.23006378959550533,-0.5,0.014665782922739012,-0.0,1.0199659309508664
707,1.0176866192067413,0.0,10.660712135587847,0.9999997214782442,0.0,10.228231038693906,-0.0,-0.1,0.10976333748603954,1.3722772793460731,0.1,0.10976333748603954,-1.3722772793460731,-0.2,0.08953210325596465,0.5441443664077906,0.2,0.08953210325596465,-0.5441443664077906,-0.4,0.014638992615129508,-0.3397969456648509,0.4,0.014638992615129508,0.3397969456648509,-0.30000000000000004,0.004612230179673969,-2.741563914351393,1.0448083488329487
708,1.051470167614947,0.0,10.64452560388545,0.9999964859950508,0.0,10.201814772539095,-0.0,-0.1,0.10771318040730869,0.9867672199159624,0.1,0.10771318040730869,-0.9867672199159624,-0.2,0.06831390910910162,-0.5109471926432266,0.2,0.06831390910910162,0.5109471926432266,-0.30000000000000004,0.030716922569344284,1.315146645934587,0.30000000000000004,0.030716922569344284,-1.315146645934587,-0.5,0.029222807174845933,-0.0,1.0484534423093401
709,1.0830989849776695,0.0,10.652914755933065,0.9999960044008939,0.0,10.203364035876707,-0.0,-0.1,0.10857512121811182,0.34654448800415205,0.1,0.10857512121811182,-0.34654448800415205,-0.2,0.06966942241912259,-1.7567098936193417,0.2,0.06966942241912259,1.7567098936193417,-0.30000000000000004,0.031144781134715818,-0.6179547428758411,0.30000000000000004,0.031144781134715818,0.6179547428758411,-0.5,0.030772070512457894,-3.141592653589793,1.0401847097490902
710,1.0752958119516636,0.0,10.881861584101204,0.9999793978241835,0.0,10.246380531208725,-0.0,-0.1,0.1497488291230026,-0.37949649144729947,0.1,0.1497488291230026,0.37949649144729947,-0.2,0.07480851560703497,-2.412777364237924,0.2,0.07480851560703497,2.412777364237924,-0.30000000000000004,0.07074154268567391,-2.142879877615054,0.30000000000000004,0.07074154268567391,2.142879877615054,-0.4,0.044883278061056464,-2.8402413776101625,1.0293502912274861
711,1.0528079199666527,0.0,10.95582403544197,0.999995263710647,0.0,10.297836561507975,-0.0,-0.1,0.1984613950572313,-0.9116176549067503,0.1,0.1984613950572313,0.9116176549067503,-0.30000000000000004,0.06091568331098295,3.0451464420996617,0.30000000000000004,0.06091568331098295,-3.0451464420996617,-0.2,0.05001085585893893,-2.914492919446291,0.2,0.05001085585893893,2.914492919446291,-0.5,0.039211605479688494,-3.141592653589793,1.0283008705493328
712,1.0425056170212765,0.0,10.887448408557336,0.9999968928340548,0.0,10.325300446013847,-0.0,-0.1,0.21637404491562,-1.4394311965116853,0.1,0.21637404491562,1.4394311965116853,-0.30000000000000004,0.033683417901312226,1.0815940772562136,0.30000000000000004,0.033683417901312226,-1.0815940772562136,-0.2,0.024060317661504644,2.371974790151498,0.2,0.024060317661504644,-2.371974790151498,-0.4,0.013912401586617126,-2.089141765425426,1.0372190316089267
713,1.022279263782575,0.0,10.894900285042926,0.9999971834030513,0.0,10.330101540359102,-0.0,-0.1,0.21705512240447314,-2.045819308712669,0.1,0.21705512240447314,2.045819308712669,-0.30000000000000004,0.03618856318615884,-0.9207386951488328,0.30000000000000004,0.03618856318615884,0.9207386951488328,-0.2,0.020881279091744556,0.9546524644354106,0.2,0.020881279091744556,-0.9546524644354106,-0.5,0.016548815319070265,-3.141592653589793,1.018294778701904
714,1.0130269657038136,0.0,10.903475414222381,0.9999977316387967,0.0,10.335168240366166,-0.0,-0.1,0.2147850875314924,-2.65315846524068,0.1,0.2147850875314924,2.65315846524068,-0.30000000000000004,0.03946175634876571,-2.7033066304241355,0.30000000000000004,0.03946175634876571,2.7033066304241355,-0.2,0.02416568539184684,-0.47394115252028657,0.2,0.02416568539184684,0.47394115252028657,-0.5,0.01148211531200527,-0.0,0.993885080881337
715,1.0233307382550334,0.0,10.914432001055253,0.9999887705159766,0.0,10.352960530745305,-0.0,-0.1,0.19924826851676267,3.043622683238079,0.1,0.19924826851676267,-3.043622683238079,-0.2,0.04081283718923147,-1.5302761701171952,0.2,0.04081283718923147,1.5302761701171952,-0.5,0.029274405691143812,-3.141592653589793,-0.4,0.026037426603407472,-2.854038321249546,0.4,0.026037426603407472,2.854038321249546,0.9880470368677148
716,1.015782639821029,0.0,10.911755084984916,0.9999974682731617,0.0,10.390320994406895,-0.0,-0.1,0.16210815116511948,2.392759569154774,0.1,0.16210815116511948,-2.392759569154774,-0.2,0.056436046019390985,-2.064158632162631,0.2,0.056436046019390985,2.064158632162631,-0.30000000000000004,0.034960109708551776,-1.195576269537256,0.30000000000000004,0.034960109708551776,1.195576269537256,-0.4,0.014425476791896456,-3.0506705401775887,1.0110641008605847
717,0.9958516367476241,0.0,10.9020766167429,0.9999994659187195,0.0,10.3972847283014,-0.0,-0.1,0.15707888643353954,1.7342554287192473,0.1,0.15707888643353954,-1.7342554287192473,-0.2,0.053490876907205456,3.077302598548631,0.2,0.053490876907205456,-3.077302598548631,-0.30000000000000004,0.03806760797567402,-2.9094955254086665,0.30000000000000004,0.03806760797567402,2.9094955254086665,-0.4,0.007517145808660349,0.8034525717870824,1.0170525271139992
718,0.9569609591922592,0.0,10.98994963043388,0.999994330255258,0.0,10.375449745842284,-0.0,-0.1,0.16207043340857824,1.2392609435105875,0.1,0.16207043340857824,-1.2392609435105875,-0.2,0.07529381963604592,1.839297698227982,0.2,0.07529381963604592,-1.839297698227982,-0.30000000000000004,0.05952936005958646,1.4042643277979405,0.30000000000000004,0.05952936005958646,-1.4042643277979405,-0.5,0.020712658383175153,-0.0,1.0481455351594096
719,0.961941505340454,0.0,11.153812456258855,0.9998909393256746,0.0,10.280940537419596,-0.0,-0.1,0.15883167134991444,1.2084993937139523,0.1,0.15883167134991444,-1.2084993937139523,-0.2,0.13556065039604578,1.3198272682188894,0.2,0.13556065039604578,-1.3198272682188894,-0.30000000000000004,0.10300748565191332,0.650231183381686,0.30000000000000004,0.10300748565191332,-0.650231183381686,-0.4,0.07807230404351302,0.5592293204396359,1.0691014199956472
720,0.9717509705129265,0.0,11.015614007136346,0.9999324474523674,0.0,10.15978305778238,-0.0,-0.1,0.16206743699368034,1.354243133761662,0.1,0.16206743699368034,-1.354243133761662,-0.2,0.15779153512215857,0.901895124859845,0.2,0.15779153512215857,-0.901895124859845,-0.30000000000000004,0.07363908813718052,0.24669422276330105,0.30000000000000004,0.07363908813718052,-0.24669422276330105,-0.4,0.06883482884792567,-0.017346076175419906,1.0636772716541851
721,0.9811107539164491,0.0,10.779023459027524,0.9999761538766639,0.0,10.056238216343644,-0.0,-0.1,0.1725572262630145,1.3520946881021545,0.1,0.1725572262630145,-1.3520946881021545,-0.2,0.12391892502484049,0.36012863007679247,0.2,0.12391892502484049,-0.36012863007679247,-0.5,0.05618391184103544,-0.0,-0.30000000000000004,0.036824514133566924,0.7464582544834972,0.30000000000000004,0.036824514133566924,-0.7464582544834972,1.0473304041509781
722,0.9940462609258659,0.0,10.60427269120106,0.9999733296757132,0.0,9.98454105029344,-0.0,-0.1,0.17189538094613557,1.1431212839846525,0.1,0.17189538094613557,-1.1431212839846525,-0.2,0.06218507997439011,-0.4781091342104358,0.2,0.06218507997439011,0.4781091342104358,-0.30000000000000004,0.05118764879088082,0.7462613122164155,0.30000000000000004,0.05118764879088082,-0.7462613122164155,-0.4,0.04919542148480662,0.17886618559904285,1.0361132355977185
723,0.9991825298329355,0.0,10.416792017107138,0.999998448905913,0.0,9.93608169419803,-0.0,-0.1,0.1580713137945697,0.7975082275061857,0.1,0.1580713137945697,-0.7975082275061857,-0.30000000000000004,0.03641330270866399,-0.010855465645669672,0.30000000000000004,0.03641330270866399,0.010855465645669672,-0.5,0.032946101886241586,-0.0,-0.2,0.029397494008199306,-2.5956608555629157,0.2,0.029397494008199306,2.5956608555629157,1.0212424441721082
724,1.0122300745975659,0.0,10.351760509938773,0.9999972085462175,0.0,9.91298496024839,-0.0,-0.1,0.1428975395905116,0.28511550766584565,0.1,0.1428975395905116,-0.28511550766584565,-0.2,0.050579189104516614,2.1915110610870885,0.2,0.050579189104516614,-2.1915110610870885,-0.4,0.01925090143932535,1.0033858367677906,0.4,0.01925090143932535,-1.0033858367677906,-0.30000000000000004,0.013320289421673745,-1.9146346491300186,1.0144609337469577
725,1.0160143796848706,0.0,10.349826471073838,0.9999969626675529,0.0,9.912188069142143,-0.0,-0.1,0.14213299637119,-0.3416260472370152,0.1,0.14213299637119,0.3416260472370152,-0.2,0.051046790458420685,0.9475733058942591,0.2,0.051046790458420685,-0.9475733058942591,-0.4,0.018834604699243297,-1.4742009230054798,0.4,0.018834604699243297,1.4742009230054798,-0.30000000000000004,0.01360961887398688,2.428440858634527,1.0232954128158718
726,1.0259799265972587,0.0,10.328701247343535,0.9999959981362803,0.0,9.90487171057198,-0.0,-0.1,0.13526165237918636,-0.9880669190150423,0.1,0.13526165237918636,0.9880669190150423,-0.2,0.0471523139307137,-0.18273430637718074,0.2,0.0471523139307137,0.18273430637718074,-0.30000000000000004,0.01973234538031163,0.7885013701994348,0.30000000000000004,0.01973234538031163,-0.7885013701994348,-0.4,0.019536913391130083,1.913746734575218,1.0167725920816442
727,1.017714347794597,0.0,10.386253245661848,0.9999959448655135,0.0,9.915068997348211,-0.0,-0.1,0.1411303387529042,-1.5560189945307943,0.1,0.1411303387529042,1.5560189945307943,-0.2,0.05720983902669993,-1.4069754501100464,0.2,0.05720983902669993,1.4069754501100464,-0.30000000000000004,0.027875233191930193,-1.3589322324422561,0.30000000000000004,0.027875233191930193,1.3589322324422561,-0.4,0.018753426370569246,-1.137145064206339,0.9957503809897073
728,1.005309090909091,0.0,10.464194298058871,0.9999858388847916,0.0,9.936931708395182,-0.0,-0.1,0.14313258890805153,-2.031009665646164,0.1,0.14313258890805153,2.031009665646164,-0.2,0.06448965182635673,-2.3225673440116537,0.2,0.06448965182635673,2.3225673440116537,-0.30000000000000004,0.038875585335186626,-2.661760648379416,0.30000000000000004,0.038875585335186626,2.661760648379416,-0.4,0.0342669375244999,-3.032971614458349,0.9618669903120567
729,1.0143635300591554,0.0,10.416878085176542,0.9999956327579521,0.0,9.985279840112014,-0.0,-0.1,0.12914108882975758,-2.3172658306717357,0.1,0.12914108882975758,2.3172658306717357,-0.2,0.047304821748719965,-2.7362808358258546,0.2,0.047304821748719965,2.7362808358258546,-0.5,0.03335280697340082,-3.141592653589793,-0.30000000000000004,0.022676808467085696,-2.798030954527346,0.30000000000000004,0.022676808467085696,2.798030954527346,0.9646892671854783
730,0.9513482527973995,0.0,10.40279585103262,0.9999921449204681,0.0,10.037701864830716,-0.0,-0.1,0.10115016506467271,-2.5553020874194914,0.1,0.10115016506467271,2.5553020874194914,-0.4,0.0390569356931856,-2.6517219387669737,0.4,0.0390569356931856,2.6517219387669737,0.30000000000000004,0.03199560115499424,2.1260201546852437,-0.30000000000000004,0.03199560115499424,-2.1260201546852437,-0.2,0.02068858237619672,-2.380059704188073,0.9751552885947367
731,0.9690506819019536,0.0,10.502127588862484,0.9999710068885878,0.0,10.017299147115189,-0.0,-0.1,0.11868365320957783,3.0043080940122837,0.1,0.11868365320957783,-3.0043080940122837,-0.4,0.05786205206705202,0.9515115552943553,0.4,0.05786205206705202,-0.9515115552943553,0.30000000000000004,0.0461325478666041,-1.8869201754428042,-0.30000000000000004,0.0461325478666041,1.8869201754428042,-0.5,0.03947193546082772,-0.0,0.9860125675891843
732,0.9652077325957747,0.0,10.519304404746256,0.9999706122055543,0.0,10.005239075100693,-0.0,-0.1,0.13064068131713522,2.3886235280120336,0.1,0.13064068131713522,-2.3886235280120336,-0.4,0.05180114399624648,-1.3710285646746723,0.4,0.05180114399624648,1.3710285646746723,0.30000000000000004,0.051181893515541255,-0.22783576180897044,-0.30000000000000004,0.051181893515541255,0.22783576180897044,-0.2,0.046817891987716805,1.21057404393302,0.9951371996403873
733,0.9803811244979919,0.0,10.537716689635687,0.9999884423039288,0.0,9.976400546770602,-0.0,-0.1,0.15295956297266025,1.8895879500636108,0.1,0.15295956297266025,-1.8895879500636108,-0.5,0.056250391776422326,-0.0,0.4,0.054056706088256384,-1.8486600213977842,-0.4,0.054056706088256384,1.8486600213977842,-0.2,0.04551660648341511,0.5886150240707858,0.2,0.04551660648341511,-0.5886150240707858,0.9982827538019713
734,0.9901485231128664,0.0,10.501879116446164,0.9999846834277253,0.0,9.957599141435658,-0.0,-0.1,0.1598524866637759,1.3731940140476617,0.1,0.1598524866637759,-1.3731940140476617,-0.4,0.06191275672840942,-0.368267635338077,0.4,0.06191275672840942,0.368267635338077,-0.5,0.037448986441478205,-3.141592653589793,-0.2,0.03165025089232781,-0.3319146245942495,0.2,0.03165025089232781,0.3319146245942495,1.0158283155568593
735,1.0010209296004349,0.0,10.483598738053306,0.999996601373568,0.0,9.935517589950958,-0.0,-0.1,0.15701746173440023,0.8832107897125439,0.1,0.15701746173440023,-0.8832107897125439,-0.5,0.059530537926178795,-0.0,0.30000000000000004,0.04518825272351607,-0.7762062023614142,-0.30000000000000004,0.04518825272351607,0.7762062023614142,0.4,0.042069590630168886,3.071641893933688,-0.4,0.042069590630168886,-3.071641893933688,1.0174914810287152
736,1.0000189923503033,0.0,10.447151786093816,0.9999875270817529,0.0,9.920524139866522,-0.0,-0.1,0.14795590263786212,0.33328402133291946,0.1,0.14795590263786212,-0.33328402133291946,-0.4,0.05703600140232905,0.6798948065507135,0.4,0.05703600140232905,-0.6798948065507135,-0.5,0.04453708784174282,-3.141592653589793,0.30000000000000004,0.0360533751525833,0.8131139515368744,-0.30000000000000004,0.0360533751525833,-0.8131139515368744,1.0293877185488483
737,1.000797179764294,0.0,10.38632015493273,0.9999859652222548,0.0,9.894563205619567,-0.0,-0.1,0.12371538787993035,-0.22633040004491417,0.1,0.12371538787993035,0.22633040004491417,-0.5,0.07049802208869771,-0.0,-0.2,0.046613162765382944,1.4886255556018313,0.2,0.046613162765382944,-1.4886255556018313,-0.4,0.04030091296691919,-1.4163988296856629,0.4,0.04030091296691919,1.4163988296856629,1.0226228830148447
738,1.0099450694904037,0.0,10.327295851457995,0.999965152353724,0.0,9.877646037589265,-0.0,-0.1,0.10729684686320026,-0.8900372610263357,0.1,0.10729684686320026,0.8900372610263357,-0.5,0.053580854058395744,-3.141592653589793,-0.2,0.04826520167975011,0.5888357110613663,0.2,0.04826520167975011,-0.5888357110613663,-0.30000000000000004,0.042472431362216935,1.0378385857736419,0.30000000000000004,0.042472431362216935,-1.0378385857736419,1.0082559383201475
739,1.0182435443037976,0.0,10.346152653174688,0.9999675423660926,0.0,9.882282016170578,-0.0,-0.1,0.11027351679184814,-1.4856803320436456,0.1,0.11027351679184814,1.4856803320436456,-0.2,0.052183984900436756,-0.7171620270156422,0.2,0.052183984900436756,0.7171620270156422,-0.5,0.04894487547708337,-0.0,-0.30000000000000004,0.0450053790712277,-0.9359566763887106,0.30000000000000004,0.0450053790712277,0.9359566763887106,1.0082016477735132
740,1.0297077048097922,0.0,10.365482107881284,0.9999623702991578,0.0,9.88616203041522,-0.0,-0.1,0.11067091325311372,-2.079059650135993,0.1,0.11067091325311372,2.079059650135993,-0.2,0.05516722294275362,-1.9275570965972377,0.2,0.05516722294275362,1.9275570965972377,-0.5,0.052824889721724944,-3.141592653589793,-0.30000000000000004,0.04740945767630307,-2.7549692243308677,0.30000000000000004,0.04740945767630307,2.7549692243308677,0.9599265355679167
741,1.0206332669347664,0.0,10.434111228842594,0.9999807712257848,0.0,9.964521482427612,-0.0,-0.1,0.09973715499989949,-1.9509265302361871,0.1,0.09973715499989949,1.9509265302361871,-0.2,0.07851228350886266,-1.9753453553063893,0.2,0.07851228350886266,1.9753453553063893,-0.30000000000000004,0.03881141338790733,-2.3636216063924005,0.30000000000000004,0.03881141338790733,2.3636216063924005,-0.4,0.035468042621641285,-2.512772527919987,0.9744725169891969
742,0.9963033159154172,0.0,10.457276991361809,0.9999836774105495,0.0,10.016104067460425,-0.0,-0.1,0.0937575051261447,-2.043017100869257,0.1,0.0937575051261447,2.043017100869257,-0.2,0.07507897526768477,-2.5483851092641645,0.2,0.07507897526768477,2.5483851092641645,-0.30000000000000004,0.036261460009326944,-2.7348179536373283,0.30000000000000004,0.036261460009326944,2.7348179536373283,-0.4,0.03097704309506896,3.03102373034508,0.9708913229913623
743,1.008282171847159,0.0,10.354404590580975,0.999999766689635,0.0,10.047199650780069,-0.0,-0.1,0.0842919753372468,-2.33658823572833,0.1,0.0842919753372468,2.33658823572833,-0.2,0.05227113264448355,2.817177323110119,0.2,0.05227113264448355,-2.817177323110119,-0.30000000000000004,0.014515581629974,2.6747977084700767,0.30000000000000004,0.014515581629974,-2.6747977084700767,-0.5,0.005047560577497556,-3.141592653589793,0.9800290872102382
744,0.9969610925525643,0.0,10.348188436586785,0.9999947630982089,0.0,10.075100698129233,-0.0,-0.1,0.06799599138343486,-2.6646323371490075,0.1,0.06799599138343486,2.6646323371490075,-0.4,0.029807193483995777,-2.612277112621505,0.4,0.029807193483995777,2.612277112621505,-0.2,0.027313940975510282,1.2288874433295915,0.2,0.027313940975510282,-1.2288874433295915,-0.5,0.022853486771668763,-3.141592653589793,0.9898292322760798
745,0.9829710834020667,0.0,10.33315181262735,0.9999941833349004,0.0,10.081913267568932,-0.0,-0.1,0.06202264577009277,3.040681290440658,0.1,0.06202264577009277,-3.040681290440658,-0.2,0.030285991565609502,-0.2412896546726179,0.2,0.030285991565609502,0.2412896546726179,-0.4,0.024172920050199127,1.300425035110695,0.4,0.024172920050199127,-1.300425035110695,-0.30000000000000004,0.01827543028661571,-2.97761339364252,1.0012198653206184
746,0.999521025741796,0.0,10.36178151561454,0.9999981694523373,0.0,10.063863421370565,-0.0,-0.1,0.08000133539267382,2.4350936483631127,0.1,0.08000133539267382,-2.4350936483631127,-0.30000000000000004,0.03620325488743909,1.3391370002653662,0.30000000000000004,0.03620325488743909,-1.3391370002653662,-0.4,0.026020291742394515,-0.48068164253583173,0.4,0.026020291742394515,0.48068164253583173,-0.2,0.013468330198961346,-1.8239099328020887,1.000155372804901
747,1.0133132548010295,0.0,10.36107249025361,0.9999981509662704,0.0,10.063365454762057,-0.0,-0.1,0.08038075840529095,1.8107968292061793,0.1,0.08038075840529095,-1.8107968292061793,-0.30000000000000004,0.03609217962710526,-0.5323896750943973,0.30000000000000004,0.03609217962710526,0.5323896750943973,-0.4,0.02557979103983396,-3.0029571971572007,0.4,0.02557979103983396,3.0029571971572007,-0.2,0.013601577347093333,-3.1159988459397328,1.0023079882682144
748,1.023927196359818,0.0,10.364798373570645,0.999999974594943,0.0,10.075881529798792,-0.0,-0.1,0.07835454841398727,1.0266908784601445,0.1,0.07835454841398727,-1.0266908784601445,-0.30000000000000004,0.04730454276515148,-2.282636509117998,0.30000000000000004,0.04730454276515148,2.282636509117998,-0.4,0.013296774317364136,0.8974017131119172,0.4,0.013296774317364136,-0.8974017131119172,-0.5,0.01100511277884575,-3.141592653589793,1.0100780903139936
749,1.0119124018682302,0.0,10.404445952000433,0.9999981629936738,0.0,10.089863656668207,-0.0,-0.1,0.0864244072166957,0.25950516909408294,0.1,0.0864244072166957,-0.25950516909408294,-0.30000000000000004,0.039611939063709196,2.386142615935827,0.30000000000000004,0.039611939063709196,-2.386142615935827,-0.4,0.024580399650344455,-2.076668676024993,0.4,0.024580399650344455,2.076668676024993,-0.2,0.013348803470728355,-1.1876191376490932,1.0180421751514759
750,0.997585623050646,0.0,10.401890622026974,0.9999976231036526,0.0,10.08353251423264,-0.0,-0.1,0.0803216810848113,-0.3485859882921658,0.1,0.0803216810848113,0.3485859882921658,-0.30000000000000004,0.0444333105745802,0.5990340860245249,0.30000000000000004,0.0444333105745802,-0.5990340860245249,-0.4,0.028197502544615914,1.495550560067294,0.4,0.028197502544615914,-1.495550560067294,-0.2,0.012453119386317366,-2.9352809700117137,1.0299957919232485
751,0.978672345648705,0.0,10.350520787010126,0.9999884301411271,0.0,10.051410432473492,-0.0,-0.1,0.05131815584607052,-1.1923696035742033,0.1,0.05131815584607052,1.1923696035742033,-0.2,0.044384481580323126,1.9424631495605769,0.2,0.044384481580323126,-1.9424631495605769,-0.4,0.041118685461949266,-0.12466454912773578,0.4,0.041118685461949266,0.12466454912773578,-0.30000000000000004,0.025467708759948447,-0.49476016850207527,1.0161105056465503
752,0.9786305994159283,0.0,10.323052647414258,0.9999994513484197,0.0,10.009449511187432,-0.0,-0.2,0.07129826657180734,1.2662086316255463,0.2,0.07129826657180734,-1.2662086316255463,-0.1,0.05294447910353715,-2.6485264602258805,0.1,0.05294447910353715,2.6485264602258805,-0.30000000000000004,0.022985324411543592,1.810645818368571,0.30000000000000004,0.022985324411543592,-1.810645818368571,-0.5,0.019146996053050813,-0.0,0.9967164499080543
753,0.9745716972726822,0.0,10.35067256277012,0.999995844073871,0.0,9.991776794687944,-0.0,-0.1,0.06902089733975583,2.8848463137217664,0.1,0.06902089733975583,-2.8848463137217664,-0.2,0.06811754265798939,0.259673142755706,0.2,0.06811754265798939,-0.259673142755706,-0.30000000000000004,0.03215038295672323,0.4889598984199437,0.30000000000000004,0.03215038295672323,-0.4889598984199437,-0.4,0.02031812217323953,0.38886219817342327,1.0065494805719537
754,0.991322587144872,0.0,10.303939520567269,0.9999948294550668,0.0,9.958066320113467,-0.0,-0.1,0.10198627679837892,2.340562119827039,0.1,0.10198627679837892,-2.340562119827039,-0.2,0.036576171896153295,-0.7580500600040986,0.2,0.036576171896153295,0.7580500600040986,-0.5,0.03518475412803923,-0.0,-0.4,0.016781774468349202,0.1514161568549293,0.4,0.016781774468349202,-0.1514161568549293,0.9937594043734658
755,1.0144403707518024,0.0,10.281854017614585,0.9999978260159785,0.0,9.952427814705775,-0.0,-0.1,0.10598785486132674,1.7504540784760743,0.1,0.10598785486132674,-1.7504540784760743,-0.2,0.032712116136150535,-2.133470064180966,0.2,0.032712116136150535,2.133470064180966,-0.5,0.02954624872034639,-3.141592653589793,-0.4,0.011240006096754487,-2.286118157123106,0.4,0.011240006096754487,2.286118157123106,0.9835358741093324
756,1.0309345281638624,0.0,10.342216465218897,0.9999934168362992,0.0,9.98389710205551,-0.0,-0.1,0.10503204600340352,0.8228959223809899,0.1,0.10503204600340352,-0.8228959223809899,-0.2,0.031017796406295702,-2.358464185781642,0.2,0.031017796406295702,2.358464185781642,-0.30000000000000004,0.03033605265024609,-2.220391178419391,0.30000000000000004,0.03033605265024609,2.220391178419391,-0.4,0.025547573043496596,-2.851825246057748,1.002161579996589
757,1.0408285597650746,0.0,10.40434082640096,0.9999979804460102,0.0,10.015310604477577,-0.0,-0.1,0.12847732323437008,0.014351306699343473,0.1,0.12847732323437008,-0.014351306699343473,-0.5,0.02949046379267717,-3.141592653589793,0.30000000000000004,0.027463797135158667,2.9600008047399378,-0.30000000000000004,0.027463797135158667,-2.9600008047399378,-0.2,0.023828758695824504,-2.420519187004813,0.2,0.023828758695824504,2.420519187004813,1.0152928440725664
758,1.0650174016428882,0.0,10.43209347522748,0.9999997150451441,0.0,10.042825909441621,-0.0,-0.1,0.15599029449626864,-0.6164985830922615,0.1,0.15599029449626864,0.6164985830922615,-0.2,0.01843852710187725,-2.2787050878545854,0.2,0.01843852710187725,2.2787050878545854,-0.4,0.01771231810669623,-2.40967866213452,0.4,0.01771231810669623,2.40967866213452,-0.30000000000000004,0.004985286376175404,2.9285189055320893,1.0242169351598058
759,1.0929763867855742,0.0,10.64603968639115,0.9999819329744168,0.0,10.08391611472469,-0.0,-0.1,0.19099943222707735,-1.1201083412143424,0.1,0.19099943222707735,1.1201083412143424,-0.5,0.04306536411170292,-3.141592653589793,0.30000000000000004,0.03623299810376883,1.8558560671887434,-0.30000000000000004,0.03623299810376883,-1.8558560671887434,-0.2,0.03229667344653267,-1.7052703136759038,0.2,0.03229667344653267,1.7052703136759038,1.017820521869818
760,1.0770779813927263,0.0,11.016690940253348,0.9999599391446391,0.0,10.164980099642035,-0.0,-0.1,0.23778273299032593,-1.4365191063186444,0.1,0.23778273299032593,1.4365191063186444,-0.2,0.08314104352148678,-1.6517901098911714,0.2,0.08314104352148678,1.6517901098911714,-0.30000000000000004,0.07894451617054035,-2.3410511815355735,0.30000000000000004,0.07894451617054035,2.3410511815355735,-0.4,0.051974255246605316,-2.6450880038760456,1.005955336896486
761,1.0507171620325984,0.0,11.151639715364224,0.9999669268584,0.0,10.244472457984116,-0.0,-0.1,0.2606158371040768,-1.7577626838308829,0.1,0.2606158371040768,1.7577626838308829,-0.2,0.11028168423768123,-2.1068572172546327,0.2,0.11028168423768123,2.1068572172546327,-0.30000000000000004,0.06173979286749016,-3.0473090807779633,0.30000000000000004,0.06173979286749016,3.0473090807779633,-0.4,0.04189262896161212,3.1376232799703327,0.9870109492956934
762,1.019216949913063,0.0,11.113905458614749,0.9999972659290431,0.0,10.31651727436801,-0.0,-0.1,0.25715935753175817,-2.1072065899431083,0.1,0.25715935753175817,2.1072065899431083,-0.2,0.09610621919558897,-2.6631464155778892,0.2,0.09610621919558897,2.6631464155778892,-0.5,0.030551078847454782,-3.141592653589793,-0.4,0.030152975972294403,-2.507759313898351,0.4,0.030152975972294403,2.507759313898351,0.9803900215625106
763,0.9901689305316848,0.0,11.050755112545586,0.9999936219125818,0.0,10.357103624865143,-0.0,-0.1,0.238977588805814,-2.589021612761311,0.1,0.238977588805814,2.589021612761311,-0.2,0.06291615228770747,2.6649491205086693,0.2,0.06291615228770747,-2.6649491205086693,-0.30000000000000004,0.03284617384132742,-2.1393268618938173,0.30000000000000004,0.03284617384132742,2.1393268618938173,-0.4,0.02417165781074499,2.9386407795107523,0.9779427799744557
764,0.9835786504424778,0.0,10.98850337736779,0.999998886443482,0.0,10.372700858124146,-0.0,-0.1,0.22584999302715547,3.102101213841767,0.1,0.22584999302715547,-3.102101213841767,-0.2,0.0495765644240511,1.263463655044832,0.2,0.0495765644240511,-1.263463655044832,-0.30000000000000004,0.02775780680842232,2.752177750799338,0.30000000000000004,0.02775780680842232,-2.752177750799338,-0.4,0.00943379072438608,0.08561915932130171,0.9909388599079566
765,0.9848235891106083,0.0,11.011144242908076,0.9999999369435788,0.0,10.36495692142175,-0.0,-0.1,0.23358809198287633,2.4750915675336436,0.1,0.23358809198287633,-2.4750915675336436,-0.2,0.04780711981466784,0.16183967561269202,0.2,0.04780711981466784,-0.16183967561269202,-0.30000000000000004,0.03504549978975999,0.9512107768953056,0.30000000000000004,0.03504549978975999,-0.9512107768953056,-0.5,0.013305898311716469,-0.0,1.0146133670599489
766,0.9824701576879609,0.0,10.990603799874721,0.9999940729425745,0.0,10.335340139780557,-0.0,-0.1,0.2575183558127364,1.9179358578517494,0.1,0.2575183558127364,-1.9179358578517494,-0.4,0.030525080028312526,0.6815987959960451,0.4,0.030525080028312526,-0.6815987959960451,0.30000000000000004,0.02999812944191647,0.00014001600789165887,-0.30000000000000004,0.02999812944191647,-0.00014001600789165887,-0.2,0.019180529528233885,-0.843347775946065,1.0280279994631158
767,0.9867912536443149,0.0,11.014225262585445,0.9999935648308397,0.0,10.286875769304654,-0.0,-0.1,0.27777048232636187,1.4544312258760628,0.1,0.27777048232636187,-1.4544312258760628,-0.2,0.03847622159867572,2.266462006966759,0.2,0.03847622159867572,-2.266462006966759,-0.5,0.03215348714642463,-0.0,-0.4,0.03135129914214593,-0.03208008780198132,0.4,0.03135129914214593,0.03208008780198132,1.039688082215556
768,0.991434213968088,0.0,11.080031931533082,0.9999905105699983,0.0,10.232838463183896,-0.0,-0.1,0.2767509287976892,1.0212850519328793,0.1,0.2767509287976892,-1.0212850519328793,-0.2,0.08405648137805681,1.5259156130921512,0.2,0.08405648137805681,-1.5259156130921512,-0.30000000000000004,0.051427125085346,0.9080962564930878,0.30000000000000004,0.051427125085346,-0.9080962564930878,-0.4,0.02272439782700194,0.6725840997255091,1.0610514847130619
769,0.9993444063214805,0.0,11.044788119054394,0.999942075410063,0.0,10.159255275509096,-0.0,-0.1,0.2464433066153405,0.6504248888798243,0.1,0.2464433066153405,-0.6504248888798243,-0.2,0.10920154117379238,1.007739644494766,0.2,0.10920154117379238,-1.007739644494766,-0.30000000000000004,0.058333773237178914,0.48822256230886774,0.30000000000000004,0.058333773237178914,-0.48822256230886774,-0.4,0.05757560149267339,0.3798763023976042,1.0824593432903877
770,1.0101881770833334,0.0,10.771373268369787,0.9999622627772924,0.0,10.065623295045002,-0.0,-0.1,0.1810356153434794,0.3406444469160885,0.1,0.1810356153434794,-0.3406444469160885,-0.2,0.09887626669781623,0.6796928444345163,0.2,0.09887626669781623,-0.6796928444345163,-0.30000000000000004,0.050221655724970365,0.6804603927203606,0.30000000000000004,0.050221655724970365,-0.6804603927203606,-0.4,0.04548289779225483,0.13971528579315265,1.0683807504009788
771,1.0085913536572677,0.0,10.474007757923934,0.9999896507882156,0.0,9.99873349073561,-0.0,-0.1,0.12008702444284243,-0.1004884970155199,0.1,0.12008702444284243,0.1004884970155199,-0.2,0.06295049566614425,0.15442289192058342,0.2,0.06295049566614425,-0.15442289192058342,-0.30000000000000004,0.04212101721229405,0.408351005270872,0.30000000000000004,0.04212101721229405,-0.408351005270872,-0.5,0.024957192545763007,-0.0,1.0464371339939085
772,0.9994611665626949,0.0,10.219161875104549,0.9999941141105239,0.0,9.95660768236028,-0.0,-0.1,0.07828787463037341,-0.7828140308475625,0.1,0.07828787463037341,0.7828140308475625,-0.2,0.02228853885081792,-0.8072517172858481,0.2,0.02228853885081792,0.8072517172858481,-0.4,0.022116374976160234,0.27180315552106515,0.4,0.022116374976160234,-0.27180315552106515,-0.5,0.017168615829566747,-0.0,1.015821114193981
773,0.9777285258718239,0.0,10.11737540425843,0.9999998187255073,0.0,9.936851899009913,-0.0,-0.1,0.06577507536998713,-1.6245822595530992,0.1,0.06577507536998713,1.6245822595530992,-0.2,0.01667659877461107,-3.0909304870469394,0.2,0.01667659877461107,3.0909304870469394,-0.4,0.0061361996130767935,-1.197618475376388,0.4,0.0061361996130767935,1.197618475376388,-0.30000000000000004,0.003347757733165683,1.8494142086415526,0.9900022861873019
774,0.9630981155264237,0.0,10.156998452186745,0.9999976261057337,0.0,9.92441149435005,-0.0,-0.1,0.067595151072443,-2.4377280203934877,0.1,0.067595151072443,2.4377280203934877,-0.2,0.029107860025770118,1.9139728328156531,0.2,0.029107860025770118,-1.9139728328156531,-0.30000000000000004,0.013743344212243493,1.020244066490093,0.30000000000000004,0.013743344212243493,-1.020244066490093,-0.4,0.011694247215782412,1.138808593198708,0.9821037157757182
775,0.9545156457715512,0.0,10.209558644268558,0.9999956500110752,0.0,9.903930959433996,-0.0,-0.1,0.08425745978157922,3.0591747728787735,0.1,0.08425745978157922,-3.0591747728787735,-0.2,0.0408399478677624,1.1491679778674484,0.2,0.0408399478677624,-1.1491679778674484,-0.4,0.018858892970891356,0.030153108959871402,0.4,0.018858892970891356,-0.030153108959871402,-0.30000000000000004,0.017715083594095075,0.5342683480387403,0.9822362258537469
776,0.9534884957562123,0.0,10.236727057380755,0.9999973010323379,0.0,9.873623016094939,-0.0,-0.1,0.11448971602124411,2.4526510995103363,0.1,0.11448971602124411,-2.4526510995103363,-0.2,0.03966562930931233,0.6639732994181575,0.2,0.03966562930931233,-0.6639732994181575,-0.5,0.019680645562062615,-0.0,-0.30000000000000004,0.017556352531319416,0.7170108137337338,0.30000000000000004,0.017556352531319416,-0.7170108137337338,0.9805494361455894
777,0.9750650119430885,0.0,10.230187935044237,0.9999951771602137,0.0,9.84464135416319,-0.0,-0.1,0.13809578661014976,1.9581479299690057,0.1,0.13809578661014976,-1.9581479299690057,-0.2,0.024547956315477987,0.22208672383242545,0.2,0.024547956315477987,-0.22208672383242545,-0.4,0.020368605751153592,0.3151711278092816,0.4,0.020368605751153592,-0.3151711278092816,-0.30000000000000004,0.01952188352748392,0.6243739977339604,0.9842772845288292
778,1.0140038375439717,0.0,10.179686834194591,0.9999989237669544,0.0,9.832915112461963,-0.0,-0.1,0.14293818787685034,1.405861874945328,0.1,0.14293818787685034,-1.405861874945328,-0.2,0.013361730839273285,-0.8400209201726874,0.2,0.013361730839273285,0.8400209201726874,-0.30000000000000004,0.012130639858644755,-0.6600258267377122,0.30000000000000004,0.012130639858644755,0.6600258267377122,-0.4,0.009910604583089943,-1.8225706715653518,0.9914385871452821
779,1.031241858468802,0.0,10.309176268534259,0.9999897888806523,0.0,9.855484736037848,-0.0,-0.1,0.14832421376322188,0.6268748167207704,0.1,0.14832421376322188,-0.6268748167207704,-0.2,0.03302252067313918,-1.5626998297476065,0.2,0.03302252067313918,1.5626998297476065,-0.30000000000000004,0.03300160735813229,-2.1122838237930983,0.30000000000000004,0.03300160735813229,2.1122838237930983,-0.5,0.02499484890742476,-3.141592653589793,1.0037250917653144
780,1.0393550560586458,0.0,10.404599082191607,0.9999983243342293,0.0,9.88738218818517,-0.0,-0.1,0.17515914626373086,-0.10847409088074979,0.1,0.17515914626373086,0.10847409088074979,-0.2,0.046097622220758076,-2.0551756184531538,0.2,0.046097622220758076,2.0551756184531538,-0.30000000000000004,0.031959982658955666,-2.971174837533982,0.30000000000000004,0.031959982658955666,2.971174837533982,-0.4,0.010783391719549888,-2.8982755097099915,1.0119250131699349
781,1.0359011671890197,0.0,10.467963349246968,0.9999992927003617,0.0,9.916549067160481,-0.0,-0.1,0.2041790136712294,-0.7213269010373514,0.1,0.2041790136712294,0.7213269010373514,-0.2,0.041515274634211494,-2.6408523220301694,0.2,0.041515274634211494,2.6408523220301694,-0.5,0.022264275735414785,-3.141592653589793,-0.4,0.018880714870095714,-2.6513112672611894,0.4,0.018880714870095714,2.6513112672611894,1.0094783317626577
782,1.0250172432432432,0.0,10.498786658610706,0.9999977977448736,0.0,9.943858880692233,-0.0,-0.1,0.22540941572174958,-1.2695502970078993,0.1,0.22540941572174958,1.2695502970078993,-0.30000000000000004,0.023203495488120764,-1.716468084456849,0.30000000000000004,0.023203495488120764,1.716468084456849,-0.2,0.021913192768971083,3.0270793303239167,0.2,0.021913192768971083,-3.0270793303239167,-0.4,0.013875569960792014,3.0744675027169563,1.0013501524946349
783,1.006428187197418,0.0,10.5458114761914,0.9999995858117994,0.0,9.969414957372782,-0.0,-0.1,0.23426686792338638,-1.7935024494614622,0.1,0.23426686792338638,1.7935024494614622,-0.30000000000000004,0.03192744500460782,-2.6874038846039543,0.30000000000000004,0.03192744500460782,2.6874038846039543,-0.5,0.020510538884211726,-3.141592653589793,0.4,0.01174867703920915,2.4339735672914724,-0.4,0.01174867703920915,-2.4339735672914724,0.9770182485081271
784,0.991890027331601,0.0,10.578543008358638,0.9999973691161599,0.0,9.998114618698375,-0.0,-0.1,0.2296402707846075,-2.299627022576683,0.1,0.2296402707846075,2.299627022576683,-0.2,0.0323747430608122,-1.344080279587172,0.2,0.0323747430608122,1.344080279587172,-0.4,0.021195360103177446,-2.8818768061088496,0.4,0.021195360103177446,2.8818768061088496,-0.30000000000000004,0.014007641763069314,2.82808366749175,0.9652495148663799
785,0.9823719277304541,0.0,10.598579392203597,0.9999980396336284,0.0,10.026906530503553,-0.0,-0.1,0.21155794118171883,-2.8262500242663258,0.1,0.21155794118171883,2.8262500242663258,-0.2,0.04791810391371233,-1.975244550617619,0.2,0.04791810391371233,1.975244550617619,-0.5,0.020602789363795893,-3.141592653589793,-0.30000000000000004,0.016058991072693218,-1.612596664093311,0.30000000000000004,0.016058991072693218,1.612596664093311,0.9564996823267283
786,0.9728872970911864,0.0,10.596316939782207,0.9999962979821344,0.0,10.054762812462457,-0.0,-0.1,0.18527678406259135,2.875263412050654,0.1,0.18527678406259135,-2.875263412050654,-0.2,0.04496201456622209,-2.6259040562993032,0.2,0.04496201456622209,2.6259040562993032,-0.30000000000000004,0.03156701263389061,-2.4181449961234636,0.30000000000000004,0.03156701263389061,2.4181449961234636,-0.4,0.017942504794344092,-2.5399959823257783,0.9556930843478665
787,0.9835236668331391,0.0,10.521581288939654,0.9999975511406389,0.0,10.07416161379743,-0.0,-0.1,0.1666401488925099,2.2163015693641426,0.1,0.1666401488925099,-2.2163015693641426,-0.2,0.029670416631605776,2.7289245734844596,0.2,0.029670416631605776,-2.7289245734844596,-0.30000000000000004,0.021326617677063286,2.6262557467873284,0.30000000000000004,0.021326617677063286,-2.6262557467873284,-0.5,0.012145308739865968,-3.141592653589793,0.9770041047359844
788,1.065589156626506,0.0,10.485166738795836,0.9999995530889695,0.0,10.082620268687482,-0.0,-0.1,0.16169263979964726,1.5461833194137777,0.1,0.16169263979964726,-1.5461833194137777,-0.2,0.022182763059631596,1.318756193938675,0.2,0.022182763059631596,-1.318756193938675,-0.30000000000000004,0.014575366601381234,0.4512426101516393,0.30000000000000004,0.014575366601381234,-0.4512426101516393,-0.4,0.005644931187036221,-0.7215849891551548,1.013211373492782
789,1.074807774066201,0.0,10.784080921590517,0.9999398249672041,0.0,10.134205587770015,-0.0,-0.1,0.17092719500215478,0.6113836592784962,0.1,0.17092719500215478,-0.6113836592784962,-0.30000000000000004,0.06501322836212704,-1.7870331372683652,0.30000000000000004,0.06501322836212704,1.7870331372683652,-0.2,0.06102338887140009,-0.8969006381140541,0.2,0.06102338887140009,0.8969006381140541,-0.4,0.0559477093491364,-2.5799733545578536,1.0415044354807086
790,1.0883046447247,0.0,10.953260073276974,0.99998997964399,0.0,10.177771503367413,-0.0,-0.1,0.20810924923568877,-0.13738820854629247,0.1,0.20810924923568877,0.13738820854629247,-0.2,0.0945509686177391,-1.7852255064274267,0.2,0.0945509686177391,1.7852255064274267,-0.30000000000000004,0.07006647641285037,-3.0193315602344857,0.30000000000000004,0.07006647641285037,3.0193315602344857,-0.4,0.030035181377005317,2.07266331038869,1.0396293321745451
791,1.095534138295886,0.0,11.081108002218299,0.9999905078626751,0.0,10.226721092033468,-0.0,-0.1,0.25668514972023804,-0.7395863266406811,0.1,0.25668514972023804,0.7395863266406811,-0.2,0.09677948115110986,-2.5249467034234647,0.2,0.09677948115110986,2.5249467034234647,-0.5,0.06065564600100615,-3.141592653589793,-0.4,0.043401001220564,-1.8613704548535477,0.4,0.043401001220564,1.8613704548535477,1.0362537664997307
792,1.0849050348953142,0.0,11.202176642310341,0.9999669221518799,0.0,10.286354063140337,-0.0,-0.1,0.3034126243827684,-1.2350493133609164,0.1,0.3034126243827684,1.2350493133609164,-0.4,0.06290252150856027,3.0476960488489717,0.4,0.06290252150856027,-3.0476960488489717,0.30000000000000004,0.06199154521352765,1.5182511002747994,-0.30000000000000004,0.06199154521352765,-1.5182511002747994,-0.2,0.059209196960291095,3.1233301308407677,1.0308349081055104
793,1.0650631231306082,0.0,11.253119782859967,0.9999999693680562,0.0,10.346241854792407,-0.0,-0.1,0.32805387228242805,-1.6901410899618532,0.1,0.32805387228242805,1.6901410899618532,-0.30000000000000004,0.08842777801674027,-2.660456671692027,0.30000000000000004,0.08842777801674027,2.660456671692027,-0.5,0.060910466546208575,-3.141592653589793,0.4,0.006502080461507474,0.5078853059752279,-0.4,0.006502080461507474,-0.5078853059752279,1.0061799717069508
794,1.0401245638085743,0.0,11.351476061294807,0.9999809197754609,0.0,10.404876790725595,-0.0,-0.1,0.3263081326112573,-2.1390855213800686,0.1,0.3263081326112573,2.1390855213800686,-0.4,0.06439397876537487,-2.5624003428827624,0.4,0.06439397876537487,2.5624003428827624,-0.2,0.059876871944926295,-1.2619922052529318,0.2,0.059876871944926295,1.2619922052529318,-0.30000000000000004,0.045441303926095106,2.3777213681921645,0.9949440797170488
795,1.0130687383467991,0.0,11.356317097707228,0.9999776066167511,0.0,10.453111327202569,-0.0,-0.1,0.3030875248310786,-2.632868426890192,0.1,0.3030875248310786,2.632868426890192,-0.2,0.08756329440961125,-1.966152947645799,0.2,0.08756329440961125,1.966152947645799,-0.5,0.05051006708999317,-3.141592653589793,-0.4,0.03569703246664341,2.03996835436356,0.4,0.03569703246664341,-2.03996835436356,0.97734597526114
796,0.9930048096998191,0.0,11.355746016151363,0.9999853004604976,0.0,10.483808137818915,-0.0,-0.1,0.2766822184104301,3.0760624665346734,0.1,0.2766822184104301,-3.0760624665346734,-0.2,0.08086527562873772,-2.8648757845262933,0.2,0.08086527562873772,2.8648757845262933,-0.30000000000000004,0.06091674279174127,-2.296658883407405,0.30000000000000004,0.06091674279174127,2.296658883407405,-0.4,0.0350094046706301,-1.371286268393402,0.9702121230929275
797,0.9868591114132113,0.0,11.284135411400698,0.9999682843932868,0.0,10.503925650427547,-0.0,-0.1,0.25661126619239966,2.4426102296419048,0.1,0.25661126619239966,-2.4426102296419048,-0.2,0.06175812650889097,2.2507840194111,0.2,0.06175812650889097,-2.2507840194111,-0.30000000000000004,0.04988632997598746,2.40795625488481,0.30000000000000004,0.04988632997598746,-2.40795625488481,-0.4,0.0436983156185945,2.866780033896624,0.9917226020202238
798,0.9821908560908255,0.0,11.270250800750537,0.9999730495305195,0.0,10.507261095007621,-0.0,-0.1,0.25406705693031745,1.8058443980245977,0.1,0.25406705693031745,-1.8058443980245977,-0.2,0.05971720151246197,0.9507023137981908,0.2,0.05971720151246197,-0.9507023137981908,-0.30000000000000004,0.04746152139783439,0.4759276834193683,0.30000000000000004,0.04746152139783439,-0.4759276834193683,-0.4,0.040498146061687355,0.33115418162215693,1.0580998452758958
799,0.9658991954851104,0.0,11.272753556267002,0.9999601025804444,0.0,10.423862794471939,-0.0,-0.1,0.28526239801199327,1.4658204065591915,0.1,0.28526239801199327,-1.4658204065591915,-0.2,0.06879814321872123,1.1005508596237257,0.2,0.06879814321872123,-1.1005508596237257,-0.4,0.046983351650080794,0.3442580314070288,0.4,0.046983351650080794,-0.3442580314070288,-0.5,0.04680297603347405,-0.0,1.0681246091567094
800,0.9595493341225215,0.0,11.332929390298041,0.9999222239372292,0.0,10.314954215890847,-0.0,-0.1,0.2944910933449409,1.214126505983123,0.1,0.2944910933449409,-1.214126505983123,-0.2,0.09901663627207798,1.2169813879360802,0.2,0.09901663627207798,-1.2169813879360802,-0.30000000000000004,0.08218124926085472,0.8503964849323726,0.30000000000000004,0.08218124926085472,-0.8503964849323726,-0.4,0.0665972166514471,0.3879093228095566,1.0759291675431695
801,0.9654448239312213,0.0,11.27076785107738,0.9999078677787603,0.0,10.18619890528867,-0.0,-0.1,0.2771729886835717,1.036174096144047,0.1,0.2771729886835717,-1.036174096144047,-0.2,0.13246796183766243,1.1079103831936057,0.2,0.13246796183766243,-1.1079103831936057,-0.30000000000000004,0.09680428619568275,0.5647183883783325,0.30000000000000004,0.09680428619568275,-0.5647183883783325,-0.4,0.07167847235487475,0.2692101335592294,1.0819594969524904
802,0.9764900020553777,0.0,11.015474404953784,0.9999199590175568,0.0,10.056109590924006,-0.0,-0.1,0.23875637876874625,0.8958243664971406,0.1,0.23875637876874625,-0.8958243664971406,-0.2,0.13813438894215715,0.853469339715384,0.2,0.13813438894215715,-0.853469339715384,-0.30000000000000004,0.07084032064703762,0.4363698053984694,0.30000000000000004,0.07084032064703762,-0.4363698053984694,-0.4,0.06390263731389421,0.3253718195680085,1.0725060953015455
803,0.997772417875111,0.0,10.699297347628493,0.9999522419990269,0.0,9.947694558084068,-0.0,-0.1,0.19081116607668994,0.7271082384922269,0.1,0.19081116607668994,-0.7271082384922269,-0.2,0.10557227554986896,0.48174061675545726,0.2,0.10557227554986896,-0.48174061675545726,-0.30000000000000004,0.05339704069286271,0.6613812424713715,0.30000000000000004,0.05339704069286271,-0.6613812424713715,-0.4,0.05204182490558156,0.22495425116552678,1.055492520940685
804,1.0110612910881691,0.0,10.39139179240239,0.9999916255333713,0.0,9.880403852828572,-0.0,-0.1,0.1474845468218644,0.40692135702018295,0.1,0.1474845468218644,-0.40692135702018295,-0.2,0.05552027957889156,-0.17864125548755688,0.2,0.05552027957889156,0.17864125548755688,-0.30000000000000004,0.0413315040233208,0.34008588319510336,0.30000000000000004,0.0413315040233208,-0.34008588319510336,-0.5,0.022315278725664633,-0.0,1.0360804158585115
805,1.0170786176592839,0.0,10.191639881088031,0.9999987243288746,0.0,9.851340580108165,-0.0,-0.1,0.12134092069892678,-0.12645743432492,0.1,0.12134092069892678,0.12645743432492,-0.2,0.027410413648048682,-1.6248187244304482,0.2,0.027410413648048682,1.6248187244304482,-0.30000000000000004,0.016973738601366837,-0.9369614865581553,0.30000000000000004,0.016973738601366837,0.9369614865581553,-0.4,0.008849155083182512,0.5896293549108933,1.0116584442237861
806,1.010415821142048,0.0,10.212581500780445,0.9999972303648532,0.0,9.85535045942065,-0.0,-0.1,0.12531980119663277,-0.7507404494509441,0.1,0.12531980119663277,0.7507404494509441,-0.2,0.027487091800602513,-2.7352661815754367,0.2,0.027487091800602513,2.7352661815754367,-0.30000000000000004,0.019616463696741533,-2.6564540294894288,0.30000000000000004,0.019616463696741533,2.6564540294894288,-0.4,0.012384327971840048,-2.1046744295861126,0.9947108052456832
807,0.9967278788233229,0.0,10.216616627395153,0.9999986878464328,0.0,9.87276147086288,-0.0,-0.1,0.13856046143776382,-1.2932333126881534,0.1,0.13856046143776382,1.2932333126881534,-0.4,0.015396871430883202,3.0050891899417698,0.4,0.015396871430883202,-3.0050891899417698,-0.2,0.01339627070266077,2.830758308604318,0.2,0.01339627070266077,-2.830758308604318,-0.30000000000000004,0.009147949389657344,2.833782979971438,0.9883962243122164
808,0.9685139447917559,0.0,10.190591140474233,0.999999815654243,0.0,9.882630238272991,-0.0,-0.1,0.1415831049504808,-1.8544663422731344,0.1,0.1415831049504808,1.8544663422731344,-0.4,0.005778132911801328,0.25725218211841044,0.4,0.005778132911801328,-0.25725218211841044,-0.2,0.00501139860078461,0.927735084654648,0.2,0.00501139860078461,-0.927735084654648,-0.5,0.0032156292751075455,-3.141592653589793,0.981734793597787
809,0.9514031052168201,0.0,10.223776901655485,0.9999986126447254,0.0,9.868953326973921,-0.0,-0.1,0.14600262699177546,-2.5728385529376125,0.1,0.14600262699177546,2.5728385529376125,-0.5,0.016892540574177772,-0.0,0.30000000000000004,0.011562376062389402,-1.426177833265227,-0.30000000000000004,0.011562376062389402,1.426177833265227,-0.2,0.011400513999528848,1.525486596643618,0.2,0.011400513999528848,-1.525486596643618,0.9644175603930338
810,0.9499197602979781,0.0,10.249653840910161,0.9999992930121719,0.0,9.854457236705631,-0.0,-0.1,0.15840914927068983,3.032722310125811,0.1,0.15840914927068983,-3.032722310125811,-0.2,0.01803156796357347,1.2013349990082747,0.2,0.01803156796357347,-1.2013349990082747,-0.30000000000000004,0.017190555198606856,0.5283674474422837,0.30000000000000004,0.017190555198606856,-0.5283674474422837,-0.4,0.007934059338792265,0.16227444349220752,0.9590059966928925
811,0.9622456845076539,0.0,10.247256985213289,0.9999998993124035,0.0,9.844827662881087,-0.0,-0.1,0.1679849694888366,2.410632384168175,0.1,0.1679849694888366,-2.410632384168175,-0.2,0.01710150339342715,0.4975161231000478,0.2,0.01710150339342715,-0.4975161231000478,-0.5,0.012026024130430635,-0.0,-0.30000000000000004,0.010115176218621779,-0.8560218305893188,0.30000000000000004,0.010115176218621779,0.8560218305893188,0.9650029276615661
812,0.9906277672530447,0.0,10.236707740322517,0.9999999797793274,0.0,9.84162852345752,-0.0,-0.1,0.17038022243975706,1.7948490706223854,0.1,0.17038022243975706,-1.7948490706223854,-0.2,0.014371522467866106,-0.6526842355945126,0.2,0.014371522467866106,0.6526842355945126,-0.5,0.008826884706862437,-3.141592653589793,-0.30000000000000004,0.008374421171444135,-3.033649868717425,0.30000000000000004,0.008374421171444135,3.033649868717425,0.9763274237625
813,1.0170495703544575,0.0,10.281192383437647,0.9999993538751426,0.0,9.855766288655188,-0.0,-0.1,0.16780616887775243,1.084293149477321,0.1,0.16780616887775243,-1.084293149477321,-0.2,0.027004709158225844,-1.5857541798756156,0.2,0.027004709158225844,1.5857541798756156,-0.4,0.014961323434956134,-2.4755106155848594,0.4,0.014961323434956134,2.4755106155848594,-0.30000000000000004,0.005881691840589871,-2.0389554878539897,0.9985689139073098
814,1.0262019660411084,0.0,10.345037683129075,0.999997091227216,0.0,9.875043441134535,-0.0,-0.1,0.1776381828663568,0.3598988267679202,0.1,0.1776381828663568,-0.3598988267679202,-0.2,0.03294374249288579,-2.217402391191333,0.2,0.03294374249288579,2.217402391191333,-0.30000000000000004,0.017432059643756485,-2.1908034573209285,0.30000000000000004,0.017432059643756485,2.1908034573209285,-0.5,0.013966271988541834,-3.141592653589793,1.0133638408151504
815,1.0024713848623164,0.0,10.362214383943943,0.9999997556385561,0.0,9.890184116087473,-0.0,-0.1,0.19188293509266488,-0.2962122875774387,0.1,0.19188293509266488,0.2962122875774387,-0.2,0.026711543286329926,-3.004585947404375,0.2,0.026711543286329926,3.004585947404375,-0.30000000000000004,0.015046753771276936,-3.116172316296061,0.30000000000000004,0.015046753771276936,3.116172316296061,-0.4,0.004747803555926966,-1.8121651562975283,1.0173095456533954
816,1.0083717935971366,0.0,10.389669630292081,0.9999946911131976,0.0,9.875576883290506,-0.0,-0.1,0.17796294862357045,-0.9484922823934844,0.1,0.17796294862357045,0.9484922823934844,-0.2,0.041230191225562915,1.9735557053089858,0.2,0.041230191225562915,-1.9735557053089858,-0.30000000000000004,0.02965159184985229,1.2695356258814943,0.30000000000000004,0.02965159184985229,-1.2695356258814943,-0.4,0.01640328360360419,0.9132084640633775,1.0078350732882224
817,1.001060687432868,0.0,10.384699470109265,0.9999956846777178,0.0,9.873532855745594,-0.0,-0.1,0.17677926896988186,-1.5862059962195083,0.1,0.17677926896988186,1.5862059962195083,-0.2,0.04207340982567034,0.7616285240115632,0.2,0.04207340982567034,-0.7616285240115632,-0.30000000000000004,0.02911059616865414,-0.5483159910349256,0.30000000000000004,0.02911059616865414,0.5483159910349256,-0.4,0.015240064435257324,-1.4937119094803364,0.9979842788034061
818,0.9749076836211358,0.0,10.403946171543591,0.9999964190152003,0.0,9.87786566435514,-0.0,-0.1,0.1767656018767506,-2.1900133778294366,0.1,0.1767656018767506,2.1900133778294366,-0.2,0.045307892328475326,-0.5610511154472456,0.2,0.045307892328475326,0.5610511154472456,-0.30000000000000004,0.032885873983726804,-2.3645411857459506,0.30000000000000004,0.032885873983726804,2.3645411857459506,-0.4,0.016161770810545904,2.54678289298448,0.9689120717647085
819,0.9672566168009207,0.0,10.405354361505482,0.9999973219962316,0.0,9.884259403184519,-0.0,-0.1,0.1731329975219782,-2.788254346576179,0.1,0.1731329975219782,2.788254346576179,-0.2,0.0508354063759826,-1.7507170916089163,0.2,0.0508354063759826,1.7507170916089163,-0.30000000000000004,0.028679806044376963,2.190650007542888,0.30000000000000004,0.028679806044376963,-2.190650007542888,-0.5,0.01579853843628687,-3.141592653589793,0.9492070942635437
820,0.9679986443128926,0.0,10.395168599576198,0.9999944365129955,0.0,9.90011291476862,-0.0,-0.1,0.1583539222974021,2.901262137484443,0.1,0.1583539222974021,-2.901262137484443,-0.2,0.05046911036733196,-2.6931576069530783,0.2,0.05046911036733196,2.6931576069530783,-0.4,0.027025679450953646,-2.6325802588476988,0.4,0.027025679450953646,2.6325802588476988,-0.30000000000000004,0.023358260576202824,-0.27960150214754426,0.9476801422175588
821,0.9774215948621888,0.0,10.370145455606538,0.9999958558484798,0.0,9.918191798783534,-0.0,-0.1,0.1408603825221666,2.242389439454815,0.1,0.1408603825221666,-2.242389439454815,-0.30000000000000004,0.04103946881928517,-2.0426829500001884,0.30000000000000004,0.04103946881928517,2.0426829500001884,-0.2,0.03506502163649887,2.558828808605792,0.2,0.03506502163649887,-2.558828808605792,-0.5,0.01802391086710209,-3.141592653589793,0.9629006538112608
822,0.971145085127583,0.0,10.336813411903186,0.9999965257332116,0.0,9.93336770913807,-0.0,-0.1,0.13195330985951106,1.5239156286057103,0.1,0.13195330985951106,-1.5239156286057103,-0.30000000000000004,0.036719567881275623,2.7325377415340086,0.30000000000000004,0.036719567881275623,-2.7325377415340086,-0.2,0.023900688031721858,0.945220247271977,0.2,0.023900688031721858,-0.945220247271977,-0.4,0.01829857122009914,-1.6505651951139328,0.9904887780845258
823,0.936801954290854,0.0,10.364802833645655,0.999993062113786,0.0,9.913885027012608,-0.0,-0.1,0.13247753379415997,1.0430331301789684,0.1,0.13247753379415997,-1.0430331301789684,-0.30000000000000004,0.05514207576694132,0.9885783550267077,0.30000000000000004,0.05514207576694132,-0.9885783550267077,-0.4,0.02777099841696495,1.3449044951811897,0.4,0.02777099841696495,-1.3449044951811897,-0.2,0.020136590676914232,0.590153299180253,1.0137130427239998
824,0.9358379698194772,0.0,10.422125360087348,0.9999151870469684,0.0,9.833637410949004,-0.0,-0.1,0.11524921540383459,1.0601612886009004,0.1,0.11524921540383459,-1.0601612886009004,-0.4,0.07882019792751646,0.2778026082169521,0.4,0.07882019792751646,-0.2778026082169521,0.30000000000000004,0.06792560199371091,-0.511526808753606,-0.30000000000000004,0.06792560199371091,0.511526808753606,-0.2,0.06449791848822149,1.7103308325305864,1.020737723575831
825,0.9494458104559561,0.0,10.309624019882484,0.9999856948757465,0.0,9.743273414727373,-0.0,-0.2,0.11809680575455632,1.3135244011981597,0.2,0.11809680575455632,-1.3135244011981597,-0.1,0.10615255666926632,1.2688961383980193,0.1,0.10615255666926632,-1.2688961383980193,-0.30000000000000004,0.045550409268271905,0.4383662561495399,0.30000000000000004,0.045550409268271905,-0.4383662561495399,-0.5,0.02675106177092257,-0.0,0.9975734979291025
826,0.9499666666666667,0.0,10.216516521080843,0.9999890873972791,0.0,9.690247840321014,-0.0,-0.2,0.11649825503902679,0.5126881872103359,0.2,0.11649825503902679,-0.5126881872103359,-0.1,0.1035992193797903,1.1511596454975899,0.1,0.1035992193797903,-1.1511596454975899,-0.4,0.029899609643378143,0.931476763690058,0.4,0.029899609643378143,-0.931476763690058,-0.5,0.026274512635438008,-0.0,1.0039660042134835
827,0.9574891472269427,0.0,10.09799834982332,0.9999743240634251,0.0,9.631842713390544,-0.0,-0.1,0.095986867888256,1.112018522489484,0.1,0.095986867888256,-1.112018522489484,-0.2,0.07158512154609034,-0.3322045083524153,0.2,0.07158512154609034,0.3322045083524153,-0.4,0.04713065572545206,0.09417287509612783,0.4,0.04713065572545206,-0.09417287509612783,-0.30000000000000004,0.03675034611317845,1.1138181681853019,0.996226059774689
828,0.9757749430436329,0.0,9.924651292141258,0.9999993286809612,0.0,9.588271173184618,-0.0,-0.1,0.0860678609874299,0.9548346843525962,0.1,0.0860678609874299,-0.9548346843525962,-0.30000000000000004,0.04284838728317122,0.37830298060697504,0.30000000000000004,0.04284838728317122,-0.37830298060697504,-0.2,0.033553348252272054,-2.0261485555987058,0.2,0.033553348252272054,2.0261485555987058,-0.5,0.011440925910893185,-0.0,0.9749287725431734
829,1.0016149653455353,0.0,9.928263414368834,0.9999993164259298,0.0,9.589138432607115,-0.0,-0.1,0.0865718087404391,0.3183393480530057,0.1,0.0865718087404391,-0.3183393480530057,-0.30000000000000004,0.043655500343101394,-1.5139900584540391,0.30000000000000004,0.043655500343101394,1.5139900584540391,-0.2,0.03318108913062397,3.0238757910724994,0.2,0.03318108913062397,-3.0238757910724994,-0.5,0.012308185333390398,-3.141592653589793,0.9680328757505373
830,1.0263705381131494,0.0,10.060545347389905,0.9999996294490101,0.0,9.62349678115173,-0.0,-0.1,0.11968796057419501,-0.3999492475961541,0.1,0.11968796057419501,0.3999492475961541,-0.30000000000000004,0.05706678668361782,-2.7540670423884372,0.30000000000000004,0.05706678668361782,2.7540670423884372,-0.4,0.030744454255662437,-2.3812880962542122,0.4,0.030744454255662437,2.3812880962542122,-0.5,0.022050163211225104,-3.141592653589793,0.9671704478714801
831,1.054442747502796,0.0,10.27679387278654,0.9999894316790251,0.0,9.681868674951987,-0.0,-0.1,0.1749359508439145,-0.8979755699922596,0.1,0.1749359508439145,0.8979755699922596,-0.2,0.06251301921586101,-1.258777556872075,0.2,0.06251301921586101,1.258777556872075,-0.4,0.04185276356298453,-3.044086604806553,0.4,0.04185276356298453,3.044086604806553,-0.5,0.036321730589031986,-3.141592653589793,0.9818657816263019
832,1.0816721356196415,0.0,10.597325247971634,0.9999734229297039,0.0,9.758889827592593,-0.0,-0.1,0.23092942938322836,-1.2624016014514539,0.1,0.23092942938322836,1.2624016014514539,-0.2,0.1131205140975369,-1.8104572515431052,0.2,0.1131205140975369,1.8104572515431052,-0.30000000000000004,0.054818055682967576,-1.8594447850968212,0.30000000000000004,0.054818055682967576,1.8594447850968212,-0.5,0.040699422051574174,-3.141592653589793,0.9773465947569612
833,1.1115482314471428,0.0,11.01341885378592,0.9998821757496841,0.0,9.869416878084651,-0.0,-0.1,0.2846737999221725,-1.5117742390921634,0.1,0.2846737999221725,1.5117742390921634,-0.2,0.13811872595539243,-2.1766356278298487,0.2,0.13811872595539243,2.1766356278298487,-0.30000000000000004,0.10849813716528936,-2.3905664912532685,0.30000000000000004,0.10849813716528936,2.3905664912532685,-0.4,0.0814206496155601,-2.729797250134899,0.9512461354323757
834,1.094863254603525,0.0,11.373929721383385,0.9997817137013674,0.0,10.044163155240941,-0.0,-0.1,0.3427013473970864,-1.6060463838293222,0.1,0.3427013473970864,1.6060463838293222,-0.2,0.14874391082733157,-2.1250506078476974,0.2,0.14874391082733157,2.1250506078476974,-0.30000000000000004,0.12078709378187076,-2.544760239381901,0.30000000000000004,0.12078709378187076,2.544760239381901,-0.4,0.1053018621298657,-2.827922508215878,0.9563462273083017
835,1.0830135900897793,0.0,11.495926485454403,0.9999286986430055,0.0,10.203188440024988,-0.0,-0.1,0.3726820662178532,-1.7938117470170316,0.1,0.3726820662178532,1.7938117470170316,-0.2,0.15005033705418416,-2.2592688021072003,0.2,0.15005033705418416,2.2592688021072003,-0.30000000000000004,0.09001992121342861,-2.739261658066351,0.30000000000000004,0.09001992121342861,2.739261658066351,-0.4,0.06723339645848281,-3.0176464241386647,0.9615282355741327
836,1.0476925938844321,0.0,11.529045046989507,0.999928775488452,0.0,10.336756219658811,-0.0,-0.1,0.36703296550152215,-2.059323266655457,0.1,0.36703296550152215,2.059323266655457,-0.2,0.12201594537611125,-2.5087289808959388,0.2,0.12201594537611125,2.5087289808959388,-0.5,0.07946114356558098,-3.141592653589793,-0.4,0.06736493100492397,-2.6369770956928416,0.4,0.06736493100492397,2.6369770956928416,0.9598069958046774
837,1.0187839229586035,0.0,11.417045897922765,0.9999734568096451,0.0,10.434482146876576,-0.0,-0.1,0.33255888513254367,-2.425151620942407,0.1,0.33255888513254367,2.425151620942407,-0.2,0.07217011379872608,-2.836579321652408,0.2,0.07217011379872608,2.836579321652408,-0.30000000000000004,0.061240479139044894,-2.5410900806405823,0.30000000000000004,0.061240479139044894,2.5410900806405823,-0.4,0.05062479490555852,3.07105735342773,0.964365516806849
838,0.9553272451083222,0.0,11.235484449038793,0.9999976565699437,0.0,10.495776922608236,-0.0,-0.1,0.2891490689786506,-2.913806079701571,0.1,0.2891490689786506,2.913806079701571,-0.5,0.04302999207947611,-3.141592653589793,0.30000000000000004,0.03624109601277735,-3.1291158538323964,-0.30000000000000004,0.03624109601277735,3.1291158538323964,-0.2,0.022948602184111936,3.120780269728634,0.2,0.022948602184111936,-3.120780269728634,0.9771023216172826
839,0.9502471918228772,0.0,11.357176516467256,0.9999851044015448,0.0,10.475329224672926,-0.0,-0.1,0.3091030661383388,2.7261216398749566,0.1,0.3091030661383388,-2.7261216398749566,-0.5,0.06347769001478643,-0.0,0.30000000000000004,0.0566877764743589,-1.2486606335497852,-0.30000000000000004,0.0566877764743589,1.2486606335497852,-0.2,0.043393958277073964,1.8739496756877143,0.2,0.043393958277073964,-1.8739496756877143,0.9983178873892851
840,0.9494615523205536,0.0,11.458994386562813,0.9999824625925934,0.0,10.42396145115027,-0.0,-0.1,0.3567038505779152,2.1559600363503297,0.1,0.3567038505779152,-2.1559600363503297,-0.2,0.07650206866285822,1.3129013646874292,0.2,0.07650206866285822,-1.3129013646874292,-0.30000000000000004,0.06331162151048826,0.24194091385034078,0.30000000000000004,0.06331162151048826,-0.24194091385034078,-0.4,0.0419978539100202,0.03766227743831491,1.0233847226060888
841,0.9601029507485354,0.0,11.501880684229379,0.9999912765742934,0.0,10.347052465357674,-0.0,-0.1,0.4042992659207405,1.6868918389834349,0.1,0.4042992659207405,-1.6868918389834349,-0.2,0.09362871171877156,0.9740527537267725,0.2,0.09362871171877156,-0.9740527537267725,-0.5,0.08901890228472453,-0.0,-0.4,0.03497668065397844,0.5830912498274163,0.4,0.03497668065397844,-0.5830912498274163,1.0506031682853263
842,0.9806326005655387,0.0,11.499531699293238,0.99995599992858,0.0,10.252712668603412,-0.0,-0.1,0.4256690374603378,1.280526395813961,0.1,0.4256690374603378,-1.280526395813961,-0.2,0.08797152258322793,0.8083289924852258,0.2,0.08797152258322793,-0.8083289924852258,-0.30000000000000004,0.07580415046323659,1.124356476132601,0.30000000000000004,0.07580415046323659,-1.124356476132601,-0.4,0.06792960967622037,0.3408710842912735,1.0747379262808265
843,0.9934104898294263,0.0,11.40806390204424,0.9999635304911543,0.0,10.15167313354931,-0.0,-0.1,0.408391479098115,0.8915448907820078,0.1,0.408391479098115,-0.8915448907820078,-0.30000000000000004,0.09665099912994109,0.470770502655959,0.30000000000000004,0.09665099912994109,-0.470770502655959,-0.5,0.09571864058456558,-0.0,-0.2,0.07529358572712642,0.8785861093905992,0.2,0.07529358572712642,-0.8785861093905992,1.1028888858813455
844,1.002125277686733,0.0,11.112713008314362,0.999965838787976,0.0,10.033535391931593,-0.0,-0.1,0.3465865685006842,0.5316422154070854,0.1,0.3465865685006842,-0.5316422154070854,-0.2,0.0909468963117008,1.1939183201010986,0.2,0.0909468963117008,-1.1939183201010986,-0.4,0.07491759388992227,0.5830998323778479,0.4,0.07491759388992227,-0.5830998323778479,-0.30000000000000004,0.054275498978154195,0.3163972585545662,1.0874632042999621
845,1.0011117142546955,0.0,10.861417807101933,0.9999600197628004,0.0,9.940797415014801,-0.0,-0.1,0.2707614968538634,0.07784249908034424,0.1,0.2707614968538634,-0.07784249908034424,-0.2,0.10326543095448659,0.9254636116817773,0.2,0.10326543095448659,-0.9254636116817773,-0.5,0.0703188758836415,-0.0,-0.4,0.051123830293395275,-0.31052913891023526,0.4,0.051123830293395275,0.31052913891023526,1.0772577742923308
846,0.9889477142857142,0.0,10.569777874990717,0.9999847681299171,0.0,9.858895539179718,-0.0,-0.1,0.18921485755238573,-0.516809471779832,0.1,0.18921485755238573,0.516809471779832,-0.2,0.08483948870390509,0.5496092861779792,0.2,0.08483948870390509,-0.5496092861779792,-0.30000000000000004,0.0630305368297508,0.6883246961293562,0.30000000000000004,0.0630305368297508,-0.6883246961293562,-0.4,0.03671256963891463,1.0678427151545309,1.044764691195409
847,0.9645963088301992,0.0,10.326643091241547,0.9999645258139451,0.0,9.800150659581,-0.0,-0.1,0.1411586239650422,-1.3522348068874912,0.1,0.1411586239650422,1.3522348068874912,-0.4,0.05215047175980738,-0.036346683547803786,0.4,0.05215047175980738,0.036346683547803786,-0.5,0.047161879647276805,-0.0,-0.2,0.046356180281785196,0.016394033764335684,0.2,0.046356180281785196,-0.016394033764335684,1.0105458100758686
848,0.9642036772145275,0.0,10.074935184089696,0.9999998340873432,0.0,9.745963045452594,-0.0,-0.1,0.13980356046707074,-2.3685960962950396,0.1,0.13980356046707074,2.3685960962950396,-0.30000000000000004,0.013295223638307275,1.4688232090417666,0.30000000000000004,0.013295223638307275,-1.4688232090417666,-0.2,0.007874417972609066,1.788298884975146,0.2,0.007874417972609066,-1.788298884975146,-0.5,0.0070257344811279765,-0.0,0.9552148353797868
849,0.9663107839374804,0.0,10.092406237251746,0.9999979693677444,0.0,9.7548394775588,-0.0,-0.1,0.133593486292879,-2.9505015044797642,0.1,0.133593486292879,2.9505015044797642,-0.30000000000000004,0.01672067190565799,-0.9725034055472258,0.30000000000000004,0.01672067190565799,0.9725034055472258,-0.5,0.015902166587333788,-3.141592653589793,-0.2,0.01051813835426918,-0.43683226490329613,0.2,0.01051813835426918,0.43683226490329613,0.9514509942518438
850,1.0257197281922201,0.0,10.129255485301977,0.999998310574759,0.0,9.770903069673404,-0.0,-0.1,0.11786178560437893,2.7302541011285477,0.1,0.11786178560437893,-2.7302541011285477,-0.30000000000000004,0.0289858894815921,-2.381801043046752,0.30000000000000004,0.0289858894815921,2.381801043046752,-0.2,0.025978003331664234,-1.4287818127296583,0.2,0.025978003331664234,1.4287818127296583,-0.4,0.012701058793303462,3.1113047392791517,0.950747218226407
851,1.036811595819852,0.0,10.335807722374726,0.9999334015216639,0.0,9.84716124554507,-0.0,-0.2,0.0839699237838379,-1.5678969432477636,0.2,0.0839699237838379,1.5678969432477636,-0.5,0.07609675034439789,-3.141592653589793,0.4,0.06356410605858308,2.507223033066356,-0.4,0.06356410605858308,-2.507223033066356,0.30000000000000004,0.0587408334002074,2.2317410480988777,-0.30000000000000004,0.0587408334002074,-2.2317410480988777,0.9597038938059729
852,1.047000754716981,0.0,10.51461258929403,0.9999789890154601,0.0,9.923869890616388,-0.0,-0.2,0.11389695081896797,-2.0856155680757933,0.2,0.11389695081896797,2.0856155680757933,-0.1,0.09705986460246153,-0.0031769550887821994,0.1,0.09705986460246153,0.0031769550887821994,-0.30000000000000004,0.06166567550166707,-2.7360015545430665,0.30000000000000004,0.06166567550166707,2.7360015545430665,-0.4,0.045497716831449486,2.7943631771593305,0.9849720273111
853,1.0339880839795723,0.0,10.638609324581212,0.9999862604572342,0.0,9.990238044767828,-0.0,-0.1,0.1634278198400832,-0.630205323892568,0.1,0.1634278198400832,0.630205323892568,-0.2,0.09966622006266183,-2.724026108025397,0.2,0.09966622006266183,2.724026108025397,-0.5,0.06575625942452223,-3.141592653589793,-0.4,0.028213470291686447,-1.932386546156946,0.4,0.028213470291686447,1.932386546156946,0.998638338008269
854,1.0129470399092113,0.0,10.661534156335888,0.9999958018035805,0.0,10.030815638917975,-0.0,-0.1,0.1976625159527904,-1.137248832305558,0.1,0.1976625159527904,1.137248832305558,-0.2,0.06470267232091804,2.5596753484637866,0.2,0.06470267232091804,-2.5596753484637866,-0.4,0.04040473779805948,3.0582166120681213,0.4,0.04040473779805948,-3.0582166120681213,-0.5,0.0251786652743764,-0.0,1.0033432142738532
855,0.9885488917370328,0.0,10.653758263932163,0.9999961020112941,0.0,10.041637401140452,-0.0,-0.1,0.2024469933107212,-1.7170390985593071,0.1,0.2024469933107212,1.7170390985593071,-0.2,0.055978949278589714,1.196584373443879,0.2,0.055978949278589714,-1.196584373443879,-0.5,0.03600042749685439,-3.141592653589793,-0.4,0.02963427505811731,0.5145260317137401,0.4,0.02963427505811731,-0.5145260317137401,1.0039154803860655
856,0.9729119057301467,0.0,10.64551946241887,0.999992295334951,0.0,10.02907457862279,-0.0,-0.1,0.20465542021678962,-2.4061250110756425,0.1,0.20465542021678962,2.4061250110756425,-0.2,0.052700416009569116,0.16369440747138064,0.2,0.052700416009569116,-0.16369440747138064,-0.5,0.04856325001451722,-0.0,-0.30000000000000004,0.02658498066442284,1.2724590012093386,0.30000000000000004,0.02658498066442284,-1.2724590012093386,0.9893747000558327
857,0.9613713133925346,0.0,10.606557016584675,0.9999857854886564,0.0,10.013038770067222,-0.0,-0.1,0.21681335779681177,-3.0840871139343085,0.1,0.21681335779681177,3.0840871139343085,-0.2,0.03697144753324934,-1.0222003398347654,0.2,0.03697144753324934,1.0222003398347654,-0.5,0.03252744145895026,-3.141592653589793,-0.4,0.026710597199190604,1.450967600240777,0.4,0.026710597199190604,-1.450967600240777,0.9592547940418926
858,0.9577234058889017,0.0,10.609464105343177,0.9999890042798398,0.0,10.00981377462956,-0.0,-0.1,0.22003310042528365,2.569937275957704,0.1,0.22003310042528365,-2.569937275957704,-0.5,0.03575243689661445,-0.0,-0.2,0.03539676839266831,-2.356656114310127,0.2,0.03539676839266831,2.356656114310127,-0.4,0.02651907809054948,-0.941272895201426,0.4,0.02651907809054948,0.941272895201426,0.9656612695539648
859,0.9536512199807876,0.0,10.616566538021939,0.999989161007159,0.0,10.003333503303933,-0.0,-0.1,0.2255103062015537,1.9571662824170022,0.1,0.2255103062015537,-1.9571662824170022,-0.2,0.04024261531222018,2.555832095742393,0.2,0.04024261531222018,-2.555832095742393,-0.5,0.029272165570988662,-3.141592653589793,-0.30000000000000004,0.026227513059734954,2.274772539862969,0.30000000000000004,0.026227513059734954,-2.274772539862969,0.9703084535495229
860,0.9728000939077356,0.0,10.667804413442012,0.9999757985187576,0.0,9.99067393934724,-0.0,-0.1,0.23057916071111917,1.379725724589552,0.1,0.23057916071111917,-1.379725724589552,-0.2,0.051271632817495895,1.4361235111721464,0.2,0.051271632817495895,-1.4361235111721464,-0.5,0.04193172952768176,-0.0,-0.30000000000000004,0.035748578754929886,0.6631503589306608,0.30000000000000004,0.035748578754929886,-0.6631503589306608,1.0190296205609455
861,0.9879135948796965,0.0,10.615910333363095,0.9999940319046972,0.0,9.937754305062755,-0.0,-0.1,0.2265670051053498,0.9827872430520095,0.1,0.2265670051053498,-0.9827872430520095,-0.2,0.06856140353889967,1.0503237517240198,0.2,0.06856140353889967,-1.0503237517240198,-0.30000000000000004,0.03311728031824822,0.529792971931587,0.30000000000000004,0.03311728031824822,-0.529792971931587,-0.4,0.021664650375343823,0.17422107425143527,1.0335791365631546
862,1.0015781268641877,0.0,10.512093618854978,0.999985839922556,0.0,9.8888563041226,-0.0,-0.1,0.20355052925034817,0.5557028591458898,0.1,0.20355052925034817,-0.5557028591458898,-0.2,0.061297098815044214,0.5580678500791423,0.2,0.061297098815044214,-0.5580678500791423,-0.5,0.03791009618335295,-0.0,-0.4,0.02781598120911961,0.492897234425916,0.4,0.02781598120911961,-0.492897234425916,1.0425614943370332
863,1.0156642483313487,0.0,10.322172335389231,0.9999931180974475,0.0,9.843433676269807,-0.0,-0.1,0.16669393138064661,0.0716342148045333,0.1,0.16669393138064661,-0.0716342148045333,-0.2,0.03311887839181189,0.1143206629482473,0.2,0.03311887839181189,-0.1143206629482473,-0.30000000000000004,0.02719945841090459,0.7093243340535342,0.30000000000000004,0.02719945841090459,-0.7093243340535342,-0.4,0.024714122752698957,0.06668574720219429,1.0307709116726993
864,1.032646873795077,0.0,10.19862017717551,0.999999112658891,0.0,9.825109840621582,-0.0,-0.1,0.14842288405246387,-0.5478480213075501,0.1,0.14842288405246387,0.5478480213075501,-0.30000000000000004,0.017866223786229544,-0.4441083824876982,0.30000000000000004,0.017866223786229544,0.4441083824876982,-0.2,0.015060408448878819,-1.0030769775570263,0.2,0.015060408448878819,1.0030769775570263,-0.5,0.010811303978782938,-0.0,1.0137785221732623
865,1.0416474014520694,0.0,10.340850019886032,0.999994491057255,0.0,9.844809674507449,-0.0,-0.1,0.16555786151477825,-1.1141503714810992,0.1,0.16555786151477825,1.1141503714810992,-0.30000000000000004,0.03664592726149512,-2.0959899730399068,0.30000000000000004,0.03664592726149512,2.0959899730399068,-0.2,0.030560814980694552,-1.685124310522095,0.2,0.030560814980694552,1.685124310522095,-0.5,0.03051113786464832,-3.141592653589793,0.9916580964029743
866,1.0430074037308186,0.0,10.535950244696137,0.9999801565476062,0.0,9.897908184222485,-0.0,-0.1,0.194888066612543,-1.4954240567199721,0.1,0.194888066612543,1.4954240567199721,-0.2,0.05816506844753997,-1.8058137794839264,0.2,0.05816506844753997,1.8058137794839264,-0.30000000000000004,0.04702296116962636,-2.6249563570550247,0.30000000000000004,0.04702296116962636,2.6249563570550247,-0.4,0.03788986801423086,-2.646821988230168,0.9785052454315546
867,1.0420000418883257,0.0,10.681356118228019,0.999971997835831,0.0,9.968003682223157,-0.0,-0.1,0.21201904517218248,-1.787787734508603,0.1,0.21201904517218248,1.787787734508603,-0.2,0.07998601726658436,-2.042167337911171,0.2,0.07998601726658436,2.042167337911171,-0.5,0.04750812615028366,-3.141592653589793,-0.4,0.040917092488522544,-2.9685385858620323,0.4,0.040917092488522544,2.9685385858620323,0.9675946828147708
868,1.045342009659358,0.0,10.78461141465443,0.9999725728421216,0.0,10.048632410718948,-0.0,-0.1,0.20998164105130204,-2.031736014979929,0.1,0.20998164105130204,2.031736014979929,-0.2,0.0839137172676056,-2.2711898853365384,0.2,0.0839137172676056,2.2711898853365384,-0.30000000000000004,0.0536272924253422,-2.279272993709513,0.30000000000000004,0.0536272924253422,2.279272993709513,-0.4,0.04093370244698156,-2.6862572601740435,0.9647117775482112
869,1.0544934654854838,0.0,10.845089080043694,0.9999434023648875,0.0,10.136251014489405,-0.0,-0.1,0.18815566454903493,-2.229834223685204,0.1,0.18815566454903493,2.229834223685204,-0.2,0.072394822515356,-2.345809581366184,0.2,0.072394822515356,2.345809581366184,-0.30000000000000004,0.06661954500027967,-2.542611691077263,0.30000000000000004,0.06661954500027967,2.542611691077263,-0.5,0.05449800142494787,-3.141592653589793,0.9639959732192109
870,1.0462536937096345,0.0,10.850066746986062,0.999954271973795,0.0,10.2370932599941,-0.0,-0.1,0.1494455048884436,-2.2954601194379305,0.1,0.1494455048884436,2.2954601194379305,-0.2,0.07206619910136472,-2.0570869985842375,0.2,0.07206619910136472,2.0570869985842375,-0.30000000000000004,0.059247625808275424,-2.571608778931643,0.30000000000000004,0.059247625808275424,2.571608778931643,-0.4,0.05145482739579446,-2.8157758459187843,0.9823092951319209
871,1.0278379191365123,0.0,10.799471025233558,0.999984799816234,0.0,10.310546859796,-0.0,-0.1,0.11478688478829231,-2.424130168854898,0.1,0.11478688478829231,2.424130168854898,-0.2,0.07510736156040172,-2.2693575414929743,0.2,0.07510736156040172,2.2693575414929743,-0.30000000000000004,0.03972168806017786,-2.820425472361327,0.30000000000000004,0.03972168806017786,2.820425472361327,-0.4,0.029692296619814176,-3.101255627669939,0.9935913448607471
872,1.005658154714651,0.0,10.682360619710499,0.9999980099388937,0.0,10.350471184052815,-0.0,-0.1,0.08867882042467778,-2.7519428050983556,0.1,0.08867882042467778,2.7519428050983556,-0.2,0.05812189763086982,-2.9720906997107175,0.2,0.05812189763086982,2.9720906997107175,-0.5,0.012814968534663684,-3.141592653589793,-0.30000000000000004,0.012736515505963128,3.0037227918821627,0.30000000000000004,0.012736515505963128,-3.0037227918821627,1.0033783714510698
873,0.9740276473656756,0.0,10.658759653818542,0.9999990708630905,0.0,10.354551211903278,-0.0,-0.1,0.08491876724069572,2.921176048998412,0.1,0.08491876724069572,-2.921176048998412,-0.2,0.054104718936401376,2.0671788841828693,0.2,0.054104718936401376,-2.0671788841828693,-0.5,0.008734940684200332,-0.0,-0.30000000000000004,0.0087132644384349,1.0543688007209693,0.30000000000000004,0.0087132644384349,-1.0543688007209693,1.015462789809112
874,0.9492918650027875,0.0,10.85022108950879,0.9999761883483422,0.0,10.312914610937607,-0.0,-0.1,0.12587762927456725,2.3652390890534574,0.1,0.12587762927456725,-2.3652390890534574,-0.2,0.08250241731155339,1.270335328833292,0.2,0.08250241731155339,-1.270335328833292,-0.4,0.04122553992682889,0.4580383425041951,0.4,0.04122553992682889,-0.4580383425041951,-0.30000000000000004,0.038095305545284,1.0564070446083247,1.0274824063380843
875,0.9340068869793708,0.0,11.0107490651033,0.9999525888795568,0.0,10.229559602145317,-0.0,-0.1,0.19433351661096607,2.042181476430067,0.1,0.19433351661096607,-2.042181476430067,-0.2,0.09840767537849752,0.9563011624963372,0.2,0.09840767537849752,-0.9563011624963372,-0.30000000000000004,0.07262686523411843,0.7824039078966106,0.30000000000000004,0.07262686523411843,-0.7824039078966106,-0.5,0.05045334851081762,-0.0,1.0320001266194199
876,0.9249321820772906,0.0,11.047786734724244,0.9999322246984008,0.0,10.121919087672618,-0.0,-0.1,0.261439742823084,1.7894510676523732,0.1,0.261439742823084,-1.7894510676523732,-0.2,0.09516430706561528,0.8785556668860561,0.2,0.09516430706561528,-0.8785556668860561,-0.30000000000000004,0.07597592743275877,0.517148481737435,0.30000000000000004,0.07597592743275877,-0.517148481737435,-0.4,0.06070769240871139,0.4207136646025419,1.0317473029124207
877,0.9302232965009208,0.0,11.007511676512529,0.9999219801730103,0.0,10.00384386601909,-0.0,-0.1,0.3093294920049842,1.5429685547569894,0.1,0.3093294920049842,-1.5429685547569894,-0.2,0.09302818933670284,0.9782226121051957,0.2,0.09302818933670284,-0.9782226121051957,-0.4,0.06738826663466407,0.25154328241256063,0.4,0.06738826663466407,-0.25154328241256063,-0.30000000000000004,0.0641759145407364,0.6313754656473092,1.0307308512756557
878,0.907423416514465,0.0,10.932036337602192,0.9999501654526514,0.0,9.892067120631685,-0.0,-0.1,0.3259673087664248,1.2645193746943724,0.1,0.3259673087664248,-1.2645193746943724,-0.2,0.09763877963638093,0.973598372796339,0.2,0.09763877963638093,-0.973598372796339,-0.30000000000000004,0.07093417523456849,0.6932900957082786,0.30000000000000004,0.07093417523456849,-0.6932900957082786,-0.5,0.05088868969575877,-0.0,1.0358448899477133
879,0.9002720298977184,0.0,10.893633758113895,0.999832909839028,0.0,9.754148527486791,-0.0,-0.1,0.31331485441911006,1.069322623747543,0.1,0.31331485441911006,-1.069322623747543,-0.2,0.11580169864911738,1.1134475214606763,0.2,0.11580169864911738,-1.1134475214606763,-0.30000000000000004,0.09488854603204624,0.7585574978717903,0.30000000000000004,0.09488854603204624,-0.7585574978717903,-0.4,0.09147503242655602,0.4772344895978497,1.03766503538463
880,0.9165756212091567,0.0,10.741269272274957,0.9998744045288405,0.0,9.599927091899026,-0.0,-0.1,0.27476164139762843,0.9555995352707092,0.1,0.27476164139762843,-0.9555995352707092,-0.2,0.14636311605354432,1.0956269453858547,0.2,0.14636311605354432,-1.0956269453858547,-0.30000000000000004,0.10744647206799132,0.6037540865225633,0.30000000000000004,0.10744647206799132,-0.6037540865225633,-0.4,0.08419972133760359,0.10585961018883756,1.0311617025070154
881,0.94446515638473,0.0,10.4214109337459,0.9999512397639848,0.0,9.470249019398548,-0.0,-0.1,0.2262392499598649,0.8144218830356442,0.1,0.2262392499598649,-0.8144218830356442,-0.2,0.14447214168691136,0.7632227708716388,0.2,0.14447214168691136,-0.7632227708716388,-0.30000000000000004,0.07362629534597667,0.28016632890045484,0.30000000000000004,0.07362629534597667,-0.28016632890045484,-0.5,0.06248654036184664,-0.0,1.0193572315369126
882,0.9835943950460464,0.0,10.065095443142265,0.9999885503662295,0.0,9.386876256646767,-0.0,-0.1,0.17957000686920113,0.5305675437522911,0.1,0.17957000686920113,-0.5305675437522911,-0.2,0.1020560324177599,0.10666373732293115,0.2,0.1020560324177599,-0.10666373732293115,-0.4,0.04550779870183725,0.17791248785521066,0.4,0.04550779870183725,-0.17791248785521066,-0.30000000000000004,0.0239515105179034,0.2406495770755408,1.0012434016204717
883,1.0083273759147708,0.0,9.901025254215385,0.9999995965719793,0.0,9.364812496978162,-0.0,-0.1,0.16092733260863812,-0.028317508389005767,0.1,0.16092733260863812,0.028317508389005767,-0.2,0.0801520917236614,-1.120663053992471,0.2,0.0801520917236614,1.120663053992471,-0.4,0.024110599375111445,-2.172693907324418,0.4,0.024110599375111445,2.172693907324418,-0.30000000000000004,0.005832709822400704,-0.520945881263804,0.9734039942501679
884,1.0163201159293704,0.0,10.10388318608015,0.9999814281240017,0.0,9.399112225527258,-0.0,-0.1,0.19521572556728767,-0.6516612500618272,0.1,0.19521572556728767,0.6516612500618272,-0.2,0.09996548971116413,-2.0632242858789738,0.2,0.09996548971116413,2.0632242858789738,-0.30000000000000004,0.03946563208411135,-1.9585783405463026,0.30000000000000004,0.03946563208411135,1.9585783405463026,-0.5,0.035477265827765336,-3.141592653589793,0.9549690678291971
885,1.0074798150035276,0.0,10.3164399828283,0.9999721018711237,0.0,9.466140476453841,-0.0,-0.1,0.25181161590818274,-1.1178273143950017,0.1,0.25181161590818274,1.1178273143950017,-0.2,0.09027916056603696,-2.6066807714354088,0.2,0.09027916056603696,2.6066807714354088,-0.30000000000000004,0.06363761998950589,-2.4964784112037313,0.30000000000000004,0.06363761998950589,2.4964784112037313,-0.4,0.03884271344700824,-2.4116307455687562,0.9400565437347382
886,0.9649825206301574,0.0,10.36261530005021,0.9999590577909387,0.0,9.539613404477997,-0.0,-0.1,0.29154948461131364,-1.517566743268085,0.1,0.29154948461131364,1.517566743268085,-0.4,0.0515130483249014,-3.040135204459423,0.4,0.0515130483249014,3.040135204459423,-0.2,0.04621201812345732,-2.9183457158684285,0.2,0.04621201812345732,2.9183457158684285,-0.30000000000000004,0.04445279345286778,-2.921781030033117,0.933462695809892
887,0.9511043192071592,0.0,10.230191078764118,0.999998819311212,0.0,9.579663743030864,-0.0,-0.1,0.2963910114679465,-2.010537099411637,0.1,0.2963910114679465,2.010537099411637,-0.4,0.012353639714540062,1.0643424538654298,0.4,0.012353639714540062,-1.0643424538654298,-0.2,0.011394145528228405,3.000011962916496,0.2,0.011394145528228405,-3.000011962916496,-0.30000000000000004,0.010249742311824989,2.4962473497694626,0.9308549799034374
888,0.9480242167342424,0.0,10.285689795406572,0.9999979475247684,0.0,9.600544765737101,-0.0,-0.1,0.2881220541856927,-2.5732306165321543,0.1,0.2881220541856927,2.5732306165321543,-0.4,0.028963569853676076,-2.131053285203411,0.4,0.028963569853676076,2.131053285203411,-0.5,0.022752627078710397,-3.141592653589793,0.30000000000000004,0.014110577256012098,1.4328025319171458,-0.30000000000000004,0.014110577256012098,-1.4328025319171458,0.9065242261375486
889,0.9503703348576485,0.0,10.367399416587169,0.9999832847281138,0.0,9.64114556595688,-0.0,-0.1,0.25484308565582436,-3.115691030601076,0.1,0.25484308565582436,3.115691030601076,-0.2,0.04591585239310484,-1.445806055547985,0.2,0.04591585239310484,1.445806055547985,-0.30000000000000004,0.044778851376380116,-2.2023808482868246,0.30000000000000004,0.044778851376380116,2.2023808482868246,-0.4,0.035178271779671005,2.9980586339753574,0.9055384993965306
890,0.9546354373184563,0.0,10.363524429625087,0.999994493634834,0.0,9.69124387091681,-0.0,-0.1,0.20476569582477017,2.545512212496391,0.1,0.20476569582477017,-2.545512212496391,-0.2,0.07205304587590429,-1.9411289127680393,0.2,0.07205304587590429,1.9411289127680393,-0.30000000000000004,0.04319647174403205,-2.876109451754215,0.30000000000000004,0.04319647174403205,2.876109451754215,-0.5,0.032250131818862826,-3.141592653589793,0.9184567233937786
891,0.9645791731380814,0.0,10.289798868143892,0.9999981491614027,0.0,9.72930368702611,-0.0,-0.1,0.17458205260829465,1.794497176784953,0.1,0.17458205260829465,-1.794497176784953,-0.2,0.06822870282262665,-2.6509029691210855,0.2,0.06822870282262665,2.6509029691210855,-0.4,0.03148744316335471,-2.9407303207794318,0.4,0.03148744316335471,2.9407303207794318,-0.30000000000000004,0.011898783929227793,2.5180090311734484,0.9460120574133275
892,0.9891021763602251,0.0,10.234061715688421,0.9999967445712927,0.0,9.74941770377946,-0.0,-0.1,0.17124679704740123,1.0513971086960652,0.1,0.17124679704740123,-1.0513971086960652,-0.2,0.05136999367754839,2.5612212735474422,0.2,0.05136999367754839,-2.5612212735474422,-0.5,0.01430433246291507,-3.141592653589793,-0.30000000000000004,0.012553048998073768,-1.2983795317918163,0.30000000000000004,0.012553048998073768,1.2983795317918163,0.982595083699618
893,1.0132457443162346,0.0,10.242741676744428,0.9999968233056065,0.0,9.75492548509364,-0.0,-0.1,0.17404632184230515,0.3956031154314787,0.1,0.17404632184230515,-0.3956031154314787,-0.2,0.04686148208789847,1.2400919851956163,0.2,0.04686148208789847,-1.2400919851956163,-0.4,0.015498292172191225,-1.6872086060710487,0.4,0.015498292172191225,1.6872086060710487,-0.30000000000000004,0.015003999446000487,-2.821970960584196,1.0088721320183707
894,1.036655339617518,0.0,10.259523211767629,0.9999977089760603,0.0,9.759843853495102,-0.0,-0.1,0.17859487439738667,-0.24332827080195343,0.1,0.17859487439738667,0.24332827080195343,-0.2,0.04868129171761806,-0.11224857303931114,0.2,0.04868129171761806,0.11224857303931114,-0.4,0.01570605324615951,2.3989809053546134,0.4,0.01570605324615951,-2.3989809053546134,-0.5,0.013714919550198879,-3.141592653589793,1.016640479384261
895,1.0608727489920862,0.0,10.371366386968752,0.9999975617335387,0.0,9.78017907718325,-0.0,-0.1,0.19839155933894928,-0.846948429224738,0.1,0.19839155933894928,0.846948429224738,-0.2,0.06892618833576146,-1.3358325328807632,0.2,0.06892618833576146,1.3358325328807632,-0.30000000000000004,0.021390873330357926,-1.381180256680663,0.30000000000000004,0.021390873330357926,1.381180256680663,-0.4,0.01377006777536528,-1.6324152779042624,1.0082266414465735
896,1.0756831917673964,0.0,10.677510027584601,0.9999469512556083,0.0,9.83357201117181,-0.0,-0.1,0.23715087425589784,-1.305764927623013,0.1,0.23715087425589784,1.305764927623013,-0.2,0.09651512770431585,-2.024398250225228,0.2,0.09651512770431585,2.024398250225228,-0.30000000000000004,0.06114665344154771,-2.2356594540808112,0.30000000000000004,0.06114665344154771,2.2356594540808112,-0.4,0.05431270560926716,-2.769107673656061,0.9747186094727823
897,1.0593816425120774,0.0,10.977570765841147,0.9999191926449889,0.0,9.944272682309048,-0.0,-0.1,0.28678990504205126,-1.5523585810451357,0.1,0.28678990504205126,1.5523585810451357,-0.2,0.11048062277684538,-2.1597380612038024,0.2,0.11048062277684538,2.1597380612038024,-0.30000000000000004,0.08741449330383866,-2.467929777040828,0.30000000000000004,0.08741449330383866,2.467929777040828,-0.5,0.0639280412866281,-3.141592653589793,0.9631543544327072
898,1.0364886186850077,0.0,11.062662371599439,0.9999541123414422,0.0,10.052550005613966,-0.0,-0.1,0.30841117417546554,-1.82201542932823,0.1,0.30841117417546554,1.82201542932823,-0.2,0.10315039549307503,-2.355344566380055,0.2,0.10315039549307503,2.355344566380055,-0.30000000000000004,0.06760676206431714,-2.823387142113578,0.30000000000000004,0.06760676206431714,2.823387142113578,-0.4,0.05177570251975844,-2.8961338547042113,0.9574815223778573
899,1.0146292635104774,0.0,11.012862136688028,0.9999798998667541,0.0,10.141014407564732,-0.0,-0.1,0.2989630594944229,-2.1596414817545404,0.1,0.2989630594944229,2.1596414817545404,-0.2,0.07464605383348102,-2.6170585105461983,0.2,0.07464605383348102,2.6170585105461983,-0.5,0.04411511993247519,-3.141592653589793,-0.4,0.0402571912675071,-2.831129096537717,0.4,0.0402571912675071,2.831129096537717,0.9558924461480611
900,0.995915658738534,0.0,10.92642908388293,0.9999882147326162,0.0,10.20527333621756,-0.0,-0.1,0.26864186369401905,-2.5877104306362604,0.1,0.26864186369401905,2.5877104306362604,-0.30000000000000004,0.04020313948740061,-2.3086412939886163,0.30000000000000004,0.04020313948740061,2.3086412939886163,-0.2,0.03738513033089877,-2.8368359613081187,0.2,0.03738513033089877,2.8368359613081187,-0.4,0.02869548064073353,-2.9562048919906934,0.9594701961161419
901,0.9855228903038608,0.0,10.83093879036721,0.9999970049209965,0.0,10.246553557637638,-0.0,-0.1,0.23454072426317477,-3.1233190829237976,0.1,0.23454072426317477,3.1233190829237976,-0.30000000000000004,0.032977985325662346,-3.009402981200742,0.30000000000000004,0.032977985325662346,3.009402981200742,-0.5,0.02113641269972355,-3.141592653589793,0.4,0.01410570042608737,2.89765049968039,-0.4,0.01410570042608737,-2.89765049968039,0.9663657308163354
902,0.9829782990967948,0.0,10.757555030013693,0.9999993907069128,0.0,10.267497274803418,-0.0,-0.1,0.21360084662428197,2.533339331572589,0.1,0.21360084662428197,-2.533339331572589,-0.2,0.014895197549244366,-1.889457749079322,0.2,0.014895197549244366,1.889457749079322,-0.30000000000000004,0.012524978705671751,1.6110497858762696,0.30000000000000004,0.012524978705671751,-1.6110497858762696,-0.4,0.008015709451878055,-2.952273546657295,0.98987015576346
903,0.9808576659579495,0.0,10.776665016523506,0.9999977858776498,0.0,10.261373397539987,-0.0,-0.1,0.21865439485851518,1.921025723856149,0.1,0.21865439485851518,-1.921025723856149,-0.2,0.017791125935751665,2.8040894978286817,0.2,0.017791125935751665,-2.8040894978286817,-0.30000000000000004,0.014161578047137819,0.17289069091530104,0.30000000000000004,0.014161578047137819,-0.17289069091530104,-0.4,0.014077421300709556,0.7356805156802957,1.011608962396287
904,0.9890455414634146,0.0,10.865837367520305,0.9999933958734619,0.0,10.228985319181701,-0.0,-0.1,0.23177240647839645,1.4243448107469419,0.1,0.23177240647839645,-1.4243448107469419,-0.2,0.04952713293269281,1.765724073923614,0.2,0.04952713293269281,-1.765724073923614,-0.5,0.026456896628799242,-0.0,-0.4,0.023898036443812703,0.22190822186561032,0.4,0.023898036443812703,-0.22190822186561032,1.0350524339640108
905,0.9949060730927716,0.0,10.901764911873366,0.9999897334280823,0.0,10.181375521027599,-0.0,-0.1,0.22970547174950487,1.0025367780240884,0.1,0.22970547174950487,-1.0025367780240884,-0.2,0.07505391049101628,1.1808002817924428,0.2,0.07505391049101628,-1.1808002817924428,-0.30000000000000004,0.043005046363365385,0.855742271304779,0.30000000000000004,0.043005046363365385,-0.855742271304779,-0.4,0.02486053363799429,0.41513705487875113,1.0564825682312773
906,1.0148056143049413,0.0,10.821588964882478,0.9999615663940146,0.0,10.115408845128284,-0.0,-0.1,0.20200655856110866,0.6530524109945666,0.1,0.20200655856110866,-0.6530524109945666,-0.2,0.07886735073609245,0.8086958606101498,0.2,0.07886735073609245,-0.8086958606101498,-0.30000000000000004,0.049809263392890116,0.5465328639075808,0.30000000000000004,0.049809263392890116,-0.5465328639075808,-0.5,0.04481377437401157,-0.0,1.0675117081097483
907,1.0308466078957457,0.0,10.575332106794871,0.9999905309263534,0.0,10.054531267665828,-0.0,-0.1,0.15804525663280822,0.2609722582931141,0.1,0.15804525663280822,-0.2609722582931141,-0.2,0.05741219940188092,0.4262904036253468,0.2,0.05741219940188092,-0.4262904036253468,-0.30000000000000004,0.031716218116673606,0.30180637470428623,0.30000000000000004,0.031716218116673606,-0.30180637470428623,-0.4,0.02645349082631624,-0.08406516907493332,1.0551392548955236
908,1.0509849809373435,0.0,10.386156901388835,0.9999998077876947,0.0,10.025996233049497,-0.0,-0.1,0.1306839964810564,-0.31097739297485266,0.1,0.1306839964810564,0.31097739297485266,-0.2,0.03357260260906759,-0.47122615681530583,0.2,0.03357260260906759,0.47122615681530583,-0.5,0.012471231527886317,-0.0,-0.30000000000000004,0.009588119315602108,-0.4974559305518995,0.30000000000000004,0.009588119315602108,0.4974559305518995,1.0363978200991595
909,1.0611191579760526,0.0,10.497220621971119,0.9999953803045059,0.0,10.040492595301833,-0.0,-0.1,0.1445531131082152,-0.9086052800235512,0.1,0.1445531131082152,0.9086052800235512,-0.2,0.04695253976808154,-1.5872363771278164,0.2,0.04695253976808154,1.5872363771278164,-0.5,0.026967593780222288,-3.141592653589793,-0.30000000000000004,0.02337456356823525,-2.0819689179652436,0.30000000000000004,0.02337456356823525,2.0819689179652436,1.0166867470844128
910,1.0673186299341464,0.0,10.691016432874882,0.9999821371969358,0.0,10.086982489767408,-0.0,-0.1,0.17697673682094378,-1.3282434024319092,0.1,0.17697673682094378,1.3282434024319092,-0.2,0.06552925465112776,-2.0552884071527835,0.2,0.06552925465112776,2.0552884071527835,-0.30000000000000004,0.040552080207911234,-2.411706165039732,0.30000000000000004,0.040552080207911234,2.411706165039732,-0.4,0.03791779974750772,-2.8152118448406696,1.0014594966172004
911,1.0627730781348457,0.0,10.86295536950962,0.9999727562642713,0.0,10.158385460963022,-0.0,-0.1,0.20612942165087303,-1.6136202365900507,0.1,0.20612942165087303,1.6136202365900507,-0.2,0.07095005702033748,-2.2133495017835445,0.2,0.07095005702033748,2.2133495017835445,-0.5,0.05188067051026035,-3.141592653589793,-0.30000000000000004,0.04926514034695895,-2.465951938039406,0.30000000000000004,0.04926514034695895,2.465951938039406,0.9926939420301597
912,1.053122452242027,0.0,10.944754709453813,0.9999763667495782,0.0,10.235635648794005,-0.0,-0.1,0.21701043895288577,-1.8783312840182524,0.1,0.21701043895288577,1.8783312840182524,-0.2,0.0665787627078679,-2.278593853923881,0.2,0.0665787627078679,2.278593853923881,-0.30000000000000004,0.049551557433978155,-2.5559721778038287,0.30000000000000004,0.049551557433978155,2.5559721778038287,-0.4,0.04283754247034263,-2.7735321117711806,0.9895121089015723
913,1.0365463007932654,0.0,10.958413983084913,0.9999784000263889,0.0,10.305779801939238,-0.0,-0.1,0.2068768143088428,-2.177588857043985,0.1,0.2068768143088428,2.177588857043985,-0.2,0.05727370505072594,-2.3393580444970805,0.2,0.05727370505072594,2.3393580444970805,-0.5,0.044774635824507136,-3.141592653589793,-0.30000000000000004,0.0397792533010152,-2.6443726250455453,0.30000000000000004,0.0397792533010152,2.6443726250455453,0.9875521097682627
914,1.1154047792265935,0.0,10.890755649060246,0.9999940387712488,0.0,10.361468436774553,-0.0,-0.1,0.18099787293663222,-2.5503861434293853,0.1,0.18099787293663222,2.5503861434293853,-0.2,0.04412996321479532,-2.4593893458084954,0.2,0.04412996321479532,2.4593893458084954,-0.30000000000000004,0.028099636097128147,-2.626249025897603,0.30000000000000004,0.028099636097128147,2.626249025897603,-0.4,0.022832267788581242,-2.7460616449143957,0.9922438849934134
915,1.1183778166904752,0.0,11.22763382547307,0.999831817194379,0.0,10.487827674537732,-0.0,-0.5,0.11544523875237012,-3.141592653589793,0.4,0.10565667797758563,2.5966330698312774,-0.4,0.10565667797758563,-2.5966330698312774,0.1,0.10367806115520882,2.4319031994641316,-0.1,0.10367806115520882,-2.4319031994641316,0.30000000000000004,0.10284571695869002,2.0200185456275492,-0.30000000000000004,0.10284571695869002,-2.0200185456275492,0.9945060645349393
916,1.0916980600461894,0.0,11.39692028379432,0.9999630777527498,0.0,10.611299418135435,-0.0,-0.2,0.1581040961558379,-1.9107263356982571,0.2,0.1581040961558379,1.9107263356982571,-0.30000000000000004,0.12162832197471934,-2.7508579694491795,0.30000000000000004,0.12162832197471934,2.7508579694491795,-0.1,0.08107513644962187,-1.6132916048366581,0.1,0.08107513644962187,1.6132916048366581,-0.4,0.06400575649852665,2.7429802671229835,1.0215070383118692
917,1.0743536032880294,0.0,11.39456335786523,0.9999835941337448,0.0,10.688191863876686,-0.0,-0.2,0.1510051176232759,-2.66663281743446,0.2,0.1510051176232759,2.66663281743446,-0.1,0.1093432609692391,-1.4625852658201277,0.1,0.1093432609692391,1.4625852658201277,-0.5,0.06886594089591558,-3.141592653589793,-0.30000000000000004,0.05840439795380031,2.172625333149705,0.30000000000000004,0.05840439795380031,-2.172625333149705,1.0308231590835393
918,1.0565246465598492,0.0,11.359622033836235,0.9999733605769634,0.0,10.731698859268967,-0.0,-0.1,0.12196869212533477,-1.7283963418099035,0.1,0.12196869212533477,1.7283963418099035,-0.2,0.11406248127535047,2.53524183945674,0.2,0.11406248127535047,-2.53524183945674,-0.4,0.05329937277789139,-3.1253176054201623,0.4,0.05329937277789139,3.1253176054201623,-0.30000000000000004,0.04926208221011482,-0.5277329611211301,1.0441930842815894
919,1.036576424380087,0.0,11.354796342717874,0.999971948798068,0.0,10.737238524891474,-0.0,-0.1,0.12122277180643894,-2.311567658249633,0.1,0.12122277180643894,2.311567658249633,-0.2,0.10955584819954686,1.2497853149721683,0.2,0.10955584819954686,-1.2497853149721683,-0.30000000000000004,0.05412002596023224,-2.3611202188153193,0.30000000000000004,0.05412002596023224,2.3611202188153193,-0.4,0.04776052589396565,0.6464812130081767,1.0603967338516571
920,1.0266945746818485,0.0,11.40218963000217,0.9999823728457758,0.0,10.712695791295507,-0.0,-0.1,0.13897083767425314,-3.0705821780437264,0.1,0.13897083767425314,3.0705821780437264,-0.2,0.10444164188232755,0.21802469036497923,0.2,0.10444164188232755,-0.21802469036497923,-0.30000000000000004,0.07361376743569857,1.8003184945321244,0.30000000000000004,0.07361376743569857,-1.8003184945321244,-0.5,0.05544134472210338,-0.0,1.0661338167138024
921,1.0238690557230379,0.0,11.392181271571733,0.9999789390839867,0.0,10.67207173604321,-0.0,-0.1,0.17951565353529733,2.568227872889241,0.1,0.17951565353529733,-2.568227872889241,-0.30000000000000004,0.09181528585657316,0.3607983700835652,0.30000000000000004,0.09181528585657316,-0.3607983700835652,-0.2,0.06537254214107042,-0.9037893855200844,0.2,0.06537254214107042,0.9037893855200844,-0.4,0.0467025724626416,1.3615739387093493,1.0632847978817035
922,1.0067372794868057,0.0,11.33600608131333,0.9999533400438357,0.0,10.633167713631401,-0.0,-0.1,0.21324501610284374,2.0390373245671065,0.1,0.21324501610284374,-2.0390373245671065,-0.30000000000000004,0.05709259294469492,-1.2812188925950463,0.30000000000000004,0.05709259294469492,1.2812188925950463,-0.4,0.05422091885261962,-0.37369127318598255,0.4,0.05422091885261962,0.37369127318598255,-0.5,0.053721311881612444,-0.0,1.0627969810159976
923,0.9945867275110442,0.0,11.400154413274867,0.9999958798556005,0.0,10.58678254087618,-0.0,-0.1,0.23780947744065223,1.5856670024766482,0.1,0.23780947744065223,-1.5856670024766482,-0.2,0.09633026174637901,2.0658869817790277,0.2,0.09633026174637901,-2.0658869817790277,-0.30000000000000004,0.06243995020729073,2.3247445188924027,0.30000000000000004,0.06243995020729073,-2.3247445188924027,-0.4,0.02021249361004157,2.4030615330372496,1.038774544139075
924,0.9487757674418605,0.0,11.523814856060822,0.9999474400554534,0.0,10.544822967593959,-0.0,-0.1,0.24209649531400743,1.1315262289725583,0.1,0.24209649531400743,-1.1315262289725583,-0.2,0.12198730958018708,1.1167376179688258,0.2,0.12198730958018708,-1.1167376179688258,-0.30000000000000004,0.0961570929686537,0.7635204313776659,0.30000000000000004,0.0961570929686537,-0.7635204313776659,-0.4,0.05851009274116663,0.3936096213567499,1.1050716212884795
925,0.935801140510949,0.0,11.502406401034587,0.9997557499675844,0.0,10.378193955809227,-0.0,-0.1,0.22817576168906545,1.2252734142422914,0.1,0.22817576168906545,-1.2252734142422914,-0.2,0.15752758917004409,1.1152530695214398,0.2,0.15752758917004409,-1.1152530695214398,-0.30000000000000004,0.11773622206550972,0.6565262405672375,0.30000000000000004,0.11773622206550972,-0.6565262405672375,-0.5,0.11733329937612069,-0.0,1.0975218765843633
926,0.9460131214528944,0.0,11.357436329295798,0.9998781544798563,0.0,10.195617279629701,-0.0,-0.1,0.23912165447870778,1.3984611223553673,0.1,0.23912165447870778,-1.3984611223553673,-0.2,0.1812249611896407,0.9893386927826259,0.2,0.1812249611896407,-0.9893386927826259,-0.30000000000000004,0.11463652038646013,0.5791039609106999,0.30000000000000004,0.11463652038646013,-0.5791039609106999,-0.4,0.09185277755647835,0.07811507392068665,1.0760164544835666
927,0.964267572463768,0.0,11.122715031866255,0.999941121812762,0.0,10.049932341036406,-0.0,-0.1,0.25778969789731837,1.360622428020719,0.1,0.25778969789731837,-1.360622428020719,-0.2,0.15831821949097238,0.6099452915840669,0.2,0.15831821949097238,-0.6099452915840669,-0.5,0.0804415617898897,-0.0,-0.30000000000000004,0.08006264713168947,0.3561871325078115,0.30000000000000004,0.08006264713168947,-0.3561871325078115,1.0647554312841887
928,0.9898823208191125,0.0,10.82155293041442,0.9999708319302447,0.0,9.939846310212145,-0.0,-0.1,0.25832735778026045,1.162194944821061,0.1,0.25832735778026045,-1.162194944821061,-0.2,0.09279992202056032,0.10042177559020657,0.2,0.09279992202056032,-0.10042177559020657,-0.4,0.06732162718952378,0.23168273884198573,0.4,0.06732162718952378,-0.23168273884198573,-0.30000000000000004,0.04480880622158574,0.5840016936455117,1.049821967039414
929,1.0097115665510314,0.0,10.520995744139809,0.9999950778190665,0.0,9.873203984471408,-0.0,-0.1,0.23977876292538525,0.7917783485334571,0.1,0.23977876292538525,-0.7917783485334571,-0.30000000000000004,0.038295409385534704,0.5554241362275175,0.30000000000000004,0.038295409385534704,-0.5554241362275175,-0.5,0.036997856706365795,-0.0,-0.2,0.027322779170098142,-0.9091856612357535,0.2,0.027322779170098142,0.9091856612357535,1.0345780870111527
930,1.0188797269624574,0.0,10.399960760790862,0.9999945621380074,0.0,9.846339126642352,-0.0,-0.1,0.22172968549315275,0.2497852012337069,0.1,0.22172968549315275,-0.2497852012337069,-0.2,0.023797160155138285,3.018448348628203,0.2,0.023797160155138285,-3.018448348628203,-0.30000000000000004,0.020975285556398784,-0.5880741432401231,0.30000000000000004,0.020975285556398784,0.5880741432401231,-0.4,0.020617371739131408,1.240500955899829,1.0270392069229675
931,1.020708786231884,0.0,10.387010210241133,0.9999952881410417,0.0,9.83852427892296,-0.0,-0.1,0.21416608001588458,-0.36951311496948214,0.1,0.21416608001588458,0.36951311496948214,-0.2,0.03156742688651991,1.7922246485625255,0.2,0.03156742688651991,-1.7922246485625255,-0.4,0.01953553545833197,-0.884695951345144,0.4,0.01953553545833197,0.884695951345144,-0.5,0.01794784659670068,-0.0,1.026677988530163
932,0.9655291322402499,0.0,10.376496282547508,0.9999945049298217,0.0,9.835364009431807,-0.0,-0.1,0.21122220207457337,-1.003235306213353,0.1,0.21122220207457337,1.003235306213353,-0.2,0.032408481539915955,0.63086450579998,0.2,0.032408481539915955,-0.63086450579998,-0.30000000000000004,0.018083900751197313,1.5696989791920914,0.30000000000000004,0.018083900751197313,-1.5696989791920914,-0.4,0.017703104384329097,2.7466512076921274,1.0098500675358968
933,0.9596857847934306,0.0,10.44049074210026,0.9999876778726319,0.0,9.794155862185251,-0.0,-0.1,0.19223607150256658,-1.8133061923142997,0.1,0.19223607150256658,1.8133061923142997,-0.4,0.05795013856973671,0.510508210458362,0.4,0.05795013856973671,-0.510508210458362,-0.5,0.05599572435210298,-0.0,0.30000000000000004,0.04498336770914959,-0.8429230090271873,-0.30000000000000004,0.04498336770914959,0.8429230090271873,0.991880045840583
934,0.9597865874363328,0.0,10.328197457969337,0.9999862590343265,0.0,9.759254919467637,-0.0,-0.1,0.2034578201573501,-2.6089234891881703,0.1,0.2034578201573501,2.6089234891881703,-0.30000000000000004,0.03395055234953818,-0.16711521610173014,0.30000000000000004,0.03395055234953818,0.16711521610173014,-0.4,0.03235771302877622,-1.4476697768825786,0.4,0.03235771302877622,1.4476697768825786,-0.2,0.029410367430370732,1.1274186794675922,0.949623561542653
935,0.961883799686746,0.0,10.354606591074232,0.9999857920840892,0.0,9.77026573946211,-0.0,-0.1,0.19405307738835234,3.0747624565778437,0.1,0.19405307738835234,-3.0747624565778437,-0.30000000000000004,0.04484539358037698,-2.0112186242930172,0.30000000000000004,0.04484539358037698,2.0112186242930172,-0.2,0.03555350041017239,-0.4127540822633043,0.2,0.03555350041017239,0.4127540822633043,-0.4,0.03543690885431818,2.6357140197136637,0.9378925845720472
936,0.9715831347855683,0.0,10.37162784623237,0.9999933559707989,0.0,9.796348398637907,-0.0,-0.1,0.16803767041406154,2.4360781358813965,0.1,0.16803767041406154,-2.4360781358813965,-0.2,0.06035943175970916,-1.4951723512560968,0.2,0.06035943175970916,1.4951723512560968,-0.30000000000000004,0.04115931121555438,2.9974500202801275,0.30000000000000004,0.04115931121555438,-2.9974500202801275,-0.5,0.03616662081581268,-3.141592653589793,0.943199061594689
937,0.9760333985704561,0.0,10.35407397015185,0.9999960929085369,0.0,9.82191841197058,-0.0,-0.1,0.14949407642701718,1.696621872217537,0.1,0.14949407642701718,-1.696621872217537,-0.2,0.06730749545462103,-2.36329641570464,0.2,0.06730749545462103,2.36329641570464,-0.4,0.04113902234839305,-2.784027655342614,0.4,0.04113902234839305,2.784027655342614,-0.30000000000000004,0.016274369721208652,0.8848421238885069,0.962177074134896
938,0.9781898556876062,0.0,10.335857545642053,0.9999881563990713,0.0,9.833684238077268,-0.0,-0.1,0.14847708958174022,0.9896052201793902,0.1,0.14847708958174022,-0.9896052201793902,-0.2,0.05950506157107462,2.802520040179372,0.2,0.05950506157107462,-2.802520040179372,-0.4,0.030397586322530677,1.121771708581539,0.4,0.030397586322530677,-1.121771708581539,-0.30000000000000004,0.02541383261409363,-1.3665091032946466,0.9916029956451401
939,0.9782875612641541,0.0,10.336962444219555,0.9999862832604842,0.0,9.821991772945761,-0.0,-0.1,0.14239344618183017,0.42997214997533695,0.1,0.14239344618183017,-0.42997214997533695,-0.2,0.07063893739512564,1.6009663271698844,0.2,0.07063893739512564,-1.6009663271698844,-0.5,0.03405489872133405,-0.0,-0.4,0.027425502699274292,-0.9972985353205734,0.4,0.027425502699274292,0.9972985353205734,1.0140410506009239
940,0.9766192127440473,0.0,10.314167492298402,0.9999915397694331,0.0,9.790567767658885,-0.0,-0.1,0.114580939105509,-0.0837753522829906,0.1,0.114580939105509,0.0837753522829906,-0.2,0.07817446824993962,0.7577997902608802,0.2,0.07817446824993962,-0.7577997902608802,-0.30000000000000004,0.05486325447967321,1.0003588810587085,0.30000000000000004,0.05486325447967321,-1.0003588810587085,-0.4,0.028362400969273782,1.5763351778491794,1.0191585257370293
941,0.9730857382198953,0.0,10.154660722780838,0.9999546894474914,0.0,9.748307253440476,-0.0,-0.1,0.07255486468973443,-0.7608521740922256,0.1,0.07255486468973443,0.7608521740922256,-0.2,0.0556589904735776,0.050203359507803746,0.2,0.0556589904735776,-0.050203359507803746,-0.4,0.05102601908336302,0.03895336099326008,0.4,0.05102601908336302,-0.03895336099326008,-0.30000000000000004,0.047873720847011914,-0.04708585038131077,1.011437579388471
942,0.9659924608463845,0.0,9.828655448834756,0.9999998912616833,0.0,9.700684205428487,-0.0,-0.1,0.05027120165201648,-2.1009945238402037,0.1,0.05027120165201648,2.1009945238402037,-0.2,0.008441303707368907,-0.9193965779321572,0.2,0.008441303707368907,0.9193965779321572,-0.4,0.003907296164186866,-1.9797513523746422,0.4,0.003907296164186866,1.9797513523746422,-0.5,0.0027316403591228777,-0.0,0.9659699565000697
943,0.9655831389536821,0.0,9.829373974572894,0.9999999301126657,0.0,9.701147534034622,-0.0,-0.1,0.05003849089778012,-2.7213247837251244,0.1,0.05003849089778012,2.7213247837251244,-0.2,0.00872999882579889,-2.1338154179968845,0.2,0.00872999882579889,2.1338154179968845,-0.4,0.0037472460629283185,1.9038535474414044,0.4,0.0037472460629283185,-1.9038535474414044,-0.5,0.003194968965257061,-3.141592653589793,0.9594814982543065
944,0.973186618096554,0.0,9.83147527574873,0.9999995577484173,0.0,9.707044888194872,-0.0,-0.1,0.04471910579245899,2.987373853065154,0.1,0.04471910579245899,-2.987373853065154,-0.2,0.0074855501480744924,-2.66131320006457,0.2,0.0074855501480744924,2.66131320006457,-0.30000000000000004,0.007079201670502753,-1.6716665155264407,0.30000000000000004,0.007079201670502753,1.6716665155264407,-0.4,0.005862672331784577,-1.864705687040605,0.9602266653167183
945,0.976794791274128,0.0,9.849210298571224,0.9999987791878772,0.0,9.720444918855094,-0.0,-0.1,0.03154533512923653,2.293758242545092,0.1,0.03154533512923653,-2.293758242545092,-0.30000000000000004,0.014511063225263035,-2.3917405400733296,0.30000000000000004,0.014511063225263035,2.3917405400733296,-0.4,0.012977468770952629,-2.96041114237384,0.4,0.012977468770952629,2.96041114237384,-0.5,0.010697645465226557,-3.141592653589793,0.9621237759923263
946,0.9812292006866808,0.0,9.841173827944214,0.999999787435123,0.0,9.735355910442475,-0.0,-0.1,0.024393467442474517,1.1892902667349547,0.1,0.024393467442474517,-1.1892902667349547,-0.2,0.015627927208956754,-1.7571288485485468,0.2,0.015627927208956754,1.7571288485485468,-0.30000000000000004,0.010780891038360602,-3.046299850881187,0.30000000000000004,0.010780891038360602,3.046299850881187,-0.5,0.0042133461221549595,-3.141592653589793,0.9722052553898652
947,0.9844201027697705,0.0,9.85588173276572,0.9999999530060883,0.0,9.745001976343588,-0.0,-0.1,0.02938199702652445,0.2513530508783158,0.1,0.02938199702652445,-0.2513530508783158,-0.2,0.01677571760143518,-2.4132738021307607,0.2,0.01677571760143518,2.4132738021307607,-0.4,0.006565803693628103,-2.417101369984344,0.4,0.006565803693628103,2.417101369984344,-0.5,0.005432719778958095,-3.141592653589793,0.9761614017724328
948,0.9812451074851075,0.0,9.87362037593888,0.999999582657852,0.0,9.753388680542903,-0.0,-0.1,0.03756312411355688,-0.4325244981596203,0.1,0.03756312411355688,0.4325244981596203,-0.2,0.011906499260360892,3.10125917558353,0.2,0.011906499260360892,-3.10125917558353,-0.30000000000000004,0.007863396463020424,-1.7124515205598163,0.30000000000000004,0.007863396463020424,1.7124515205598163,-0.4,0.0055656557221003935,2.8722811153749204,0.9790217579075128
949,0.9858109345319037,0.0,9.873659431622704,0.9999999208097432,0.0,9.756443932340403,-0.0,-0.1,0.040357343656510954,-1.0291048879028506,0.1,0.040357343656510954,1.0291048879028506,-0.2,0.008854589314084952,1.8307084821035424,0.2,0.008854589314084952,-1.8307084821035424,-0.30000000000000004,0.00802395620671759,3.0722819386760998,0.30000000000000004,0.00802395620671759,-3.0722819386760998,-0.4,0.0027437209276735077,0.05821362008141003,0.9780237806774081
950,0.9913800784182865,0.0,9.901400137362062,0.9999999886622084,0.0,9.763967305608155,-0.0,-0.1,0.04470351496993645,-1.5127174980858575,0.1,0.04470351496993645,1.5127174980858575,-0.4,0.010263687968198832,-2.4977204380459934,0.4,0.010263687968198832,2.4977204380459934,-0.2,0.010038159993515094,-0.23595341079378884,0.2,0.010038159993515094,0.23595341079378884,-0.5,0.007422105890605657,-3.141592653589793,0.9764837651001859
951,0.9914631872476797,0.0,9.963637846260376,0.9999985909251138,0.0,9.778728171282394,-0.0,-0.1,0.047884156189006356,-1.8282168309026545,0.1,0.047884156189006356,1.8282168309026545,-0.2,0.02463291598613155,-1.3520453931546075,0.2,0.02463291598613155,1.3520453931546075,-0.30000000000000004,0.015440753545050536,-1.86642960573082,0.30000000000000004,0.015440753545050536,1.86642960573082,-0.4,0.008994023537604942,3.015253554928817,0.9747118481586863
952,0.9946699613771337,0.0,10.00967351164678,0.9999981105861604,0.0,9.797105620310179,-0.0,-0.1,0.04671783263830136,-2.0662962485843015,0.1,0.04671783263830136,2.0662962485843015,-0.2,0.03377851700393737,-2.0487936003502183,0.2,0.03377851700393737,2.0487936003502183,-0.30000000000000004,0.020268251403986397,-2.70148004286787,0.30000000000000004,0.020268251403986397,2.70148004286787,-0.5,0.011038689244150746,-3.141592653589793,0.9673891050578286
953,0.978564857032849,0.0,10.03739912894102,0.9999962405009842,0.0,9.825783120840928,-0.0,-0.1,0.04160442742749464,-2.043102590849802,0.1,0.04160442742749464,2.043102590849802,-0.2,0.032744387518868726,-2.414531102570832,0.2,0.032744387518868726,2.414531102570832,-0.4,0.02263978346038465,-2.8032979669589935,0.4,0.02263978346038465,2.8032979669589935,-0.5,0.017638811286597722,-3.141592653589793,0.9678647278718304
954,0.9695433008320591,0.0,9.992867561078333,0.9999992198792788,0.0,9.838764838920092,-0.0,-0.1,0.03752370720107028,-2.358241461767132,0.1,0.03752370720107028,2.358241461767132,-0.2,0.02460775536172783,2.970279679933703,0.2,0.02460775536172783,-2.970279679933703,-0.4,0.011251396850736506,1.3595658355027156,0.4,0.011251396850736506,-1.3595658355027156,-0.30000000000000004,0.007337003331173303,3.0436113585359035,0.9734510900414389
955,0.9774841310620135,0.0,10.005026404797116,0.9999987456571404,0.0,9.835121521655598,-0.0,-0.1,0.04018750976071701,-3.0505772058951104,0.1,0.04018750976071701,3.0505772058951104,-0.2,0.028204580473096697,1.7356656113210918,0.2,0.028204580473096697,-1.7356656113210918,-0.4,0.011076032354680953,-0.8262620860529409,0.4,0.011076032354680953,0.8262620860529409,-0.30000000000000004,0.01096863796452836,1.191154676636765,0.9764896846820948
956,0.9895314028720216,0.0,10.005363248645262,0.9999986925304409,0.0,9.835810861443484,-0.0,-0.1,0.039501072871729985,2.6058757049459436,0.1,0.039501072871729985,-2.6058757049459436,-0.2,0.028099672561000252,0.4548268942148499,0.2,0.028099672561000252,-0.4548268942148499,-0.4,0.01155427563487779,2.987538110402685,0.4,0.01155427563487779,-2.987538110402685,-0.30000000000000004,0.011242345066563495,-0.7507822363948048,0.980374766893073
957,0.9999802978958153,0.0,10.025936049306349,0.999999734850742,0.0,9.844113063628825,-0.0,-0.2,0.035744408987288694,-0.9040239860472087,0.2,0.035744408987288694,0.9040239860472087,-0.1,0.03263829167667489,1.847344400333578,0.1,0.03263829167667489,-1.847344400333578,-0.30000000000000004,0.018215473004603012,-2.31955975952388,0.30000000000000004,0.018215473004603012,2.31955975952388,-0.5,0.008626638340391679,-3.141592653589793,0.983707623363501
958,1.0035420825147348,0.0,10.069801131922727,0.999997571422949,0.0,9.859673258754869,-0.0,-0.2,0.046986561889154066,-1.8973955917068606,0.2,0.046986561889154066,1.8973955917068606,-0.1,0.03209439352810182,0.7338043148093201,0.1,0.03209439352810182,-0.7338043148093201,-0.4,0.019126707301240668,-2.492529994598151,0.4,0.019126707301240668,2.492529994598151,-0.30000000000000004,0.01371254773086496,3.0599927233316087,0.9833051551860899
959,1.0024158948194661,0.0,10.116381331847489,0.9999984492214546,0.0,9.881970233784497,-0.0,-0.1,0.05089274878507748,-0.19230272763282785,0.1,0.05089274878507748,0.19230272763282785,-0.2,0.0450850803633834,-2.666541647118417,0.2,0.0450850803633834,2.666541647118417,-0.5,0.015363418243975246,-3.141592653589793,-0.4,0.013546010761046933,2.7473271029445407,0.4,0.013546010761046933,-2.7473271029445407,0.9861317017741557
960,0.992560519775338,0.0,10.13677920041236,0.9999995365764642,0.0,9.898575194072059,-0.0,-0.1,0.06726652857000309,-0.7734252273403687,0.1,0.06726652857000309,0.7734252273403687,-0.2,0.031255576617665405,2.6054552108098097,0.2,0.031255576617665405,-2.6054552108098097,-0.30000000000000004,0.01726813642992871,-2.403145768742108,0.30000000000000004,0.01726813642992871,2.403145768742108,-0.4,0.006623523105104813,-1.6096108358642172,0.9915299350475405
961,0.9821652087124992,0.0,10.13599298727353,0.9999995443497022,0.0,9.89975563542911,-0.0,-0.1,0.06811615232210533,-1.3896370134625298,0.1,0.06811615232210533,1.3896370134625298,-0.2,0.030246776308975133,1.328881080020303,0.2,0.030246776308975133,-1.328881080020303,-0.30000000000000004,0.016414426593604613,2.043511661266497,0.30000000000000004,0.016414426593604613,-2.043511661266497,-0.4,0.006682641395050357,2.3377398760585666,0.9919208108802653
962,0.9723489611916896,0.0,10.142701557946305,0.9999969063146213,0.0,9.890457656893929,-0.0,-0.1,0.06706745799564812,-2.1547492712365535,0.1,0.06706745799564812,2.1547492712365535,-0.2,0.029437623502353023,0.38392200723874514,0.2,0.029437623502353023,-0.38392200723874514,-0.30000000000000004,0.022245542470863702,0.5398629398384669,0.30000000000000004,0.022245542470863702,-0.5398629398384669,-0.4,0.014742653114645997,0.2958451630168649,0.9923360561479159
963,0.9745208904790299,0.0,10.092239654094437,0.9999982334990046,0.0,9.868136656708486,-0.0,-0.1,0.08152886283770017,-3.013514209176613,0.1,0.08152886283770017,3.013514209176613,-0.5,0.013084122336800341,-0.0,-0.2,0.012095997747263923,-0.10959006851820895,0.2,0.012095997747263923,0.10959006851820895,-0.30000000000000004,0.011884576939610507,-0.03810845416206155,0.30000000000000004,0.011884576939610507,0.03810845416206155,0.976729739740024
964,0.9755434345060785,0.0,10.076082281323163,0.9999994211451947,0.0,9.864092690154667,-0.0,-0.1,0.08554126543190106,2.635314157941812,0.1,0.08554126543190106,-2.635314157941812,-0.5,0.009040155782981785,-3.141592653589793,-0.2,0.008088392712087014,-1.4209367296114421,0.2,0.008088392712087014,1.4209367296114421,-0.30000000000000004,0.007845059548768525,-1.942704677584573,0.30000000000000004,0.007845059548768525,1.942704677584573,0.970214490303466
965,0.9861483312731768,0.0,10.073123632624478,0.999999659898367,0.0,9.870092823828687,-0.0,-0.1,0.08034651815339454,1.97077430831977,0.1,0.08034651815339454,-1.97077430831977,-0.2,0.01076638846226601,-2.0939444361577824,0.2,0.01076638846226601,2.0939444361577824,-0.30000000000000004,0.007958368696153505,-3.0489001213336877,0.30000000000000004,0.007958368696153505,3.0489001213336877,-0.4,0.004888258172163954,2.7706526475711026,0.9776357081644146
966,0.9869601612347406,0.0,10.07395645011833,0.9999999776601152,0.0,9.87875702403985,-0.0,-0.1,0.077385279736134,1.239147447763238,0.1,0.077385279736134,-1.239147447763238,-0.5,0.011704222320125801,-3.141592653589793,-0.2,0.00988808191620705,-2.4887567342207197,0.2,0.00988808191620705,2.4887567342207197,-0.4,0.004474240226836403,-2.1060800851232457,0.4,0.004474240226836403,2.1060800851232457,0.989717251616172
967,0.9812998194111964,0.0,10.080087505155321,0.9999997441324607,0.0,9.876185782402569,-0.0,-0.1,0.07658667295089414,0.642577714868763,0.1,0.07658667295089414,-0.642577714868763,-0.5,0.01427546395740631,-0.0,-0.2,0.012032386084311484,2.407617919586995,0.2,0.012032386084311484,-2.407617919586995,-0.4,0.006194070362466989,1.298724391996612,0.4,0.006194070362466989,-1.298724391996612,0.9998545247464818
968,0.9750267229847162,0.0,10.095117870605655,0.9999964546360408,0.0,9.85750530391795,-0.0,-0.1,0.06264034897335,0.19393479421590892,0.1,0.06264034897335,-0.19393479421590892,-0.2,0.028766841472755877,1.600984328877615,0.2,0.028766841472755877,-1.600984328877615,-0.30000000000000004,0.01838329037557826,1.0663905881014977,0.30000000000000004,0.01838329037557826,-1.0663905881014977,-0.4,0.018031605044337606,0.29108661845631306,1.0013742748518166
969,0.976815342116447,0.0,10.056278379683956,0.9999968293518207,0.0,9.828989944387931,-0.0,-0.2,0.041111745524862395,1.1103917985072411,0.2,0.041111745524862395,-1.1103917985072411,-0.1,0.03509252488952533,-0.27713561375667434,0.1,0.03509252488952533,0.27713561375667434,-0.30000000000000004,0.025384774732222004,0.5699263145841815,0.30000000000000004,0.025384774732222004,-0.5699263145841815,-0.5,0.02411034500280529,-0.0,0.999988501042143
970,0.9796548260237669,0.0,9.947121750791506,0.9999983261151711,0.0,9.803389391684913,-0.0,-0.2,0.037554027170037654,0.510719038783557,0.2,0.037554027170037654,-0.510719038783557,-0.30000000000000004,0.014334597818532122,-0.014749711689633882,0.30000000000000004,0.014334597818532122,0.014749711689633882,-0.4,0.013679599152897364,0.4503702631857379,0.4,0.013679599152897364,-0.4503702631857379,-0.1,0.012595910823661021,-1.4951179191655422,0.9923162661220162
971,1.0037374437965627,0.0,9.90262711239029,0.9999999565594935,0.0,9.790483697933341,-0.0,-0.2,0.02704130728034936,-0.5104622797942535,0.2,0.02704130728034936,0.5104622797942535,-0.1,0.017338770779609217,-2.9597765911040725,0.1,0.017338770779609217,2.9597765911040725,-0.5,0.011415486051356893,-0.0,-0.4,0.005983886142836721,-0.8436953082268139,0.4,0.005983886142836721,0.8436953082268139,0.9822936386168389
972,1.0414520908492728,0.0,10.032977329067673,0.999999371595303,0.0,9.812055933017405,-0.0,-0.2,0.04705896618251647,-1.5412137196640958,0.2,0.04705896618251647,1.5412137196640958,-0.5,0.032987721135420145,-3.141592653589793,0.4,0.025937937112367682,2.686496232370806,-0.4,0.025937937112367682,-2.686496232370806,0.30000000000000004,0.020969934162540067,1.9466139276381287,-0.30000000000000004,0.020969934162540067,-1.9466139276381287,0.9719862858202855
973,1.0534190848470912,0.0,10.36893024550617,0.9999638352665602,0.0,9.881159062674987,-0.0,-0.2,0.08474763370014515,-1.8450488189799163,0.2,0.08474763370014515,1.8450488189799163,-0.1,0.07110636607456688,-0.7014111746006179,0.1,0.07110636607456688,0.7014111746006179,-0.30000000000000004,0.06443022447112506,-2.1925347325912266,0.30000000000000004,0.06443022447112506,2.1925347325912266,-0.4,0.04720273433951077,-2.7572188758603833,0.9825082826241661
974,1.0588102278010227,0.0,10.61596456253325,0.999968812397871,0.0,9.960057257043049,-0.0,-0.1,0.14089929535629359,-0.9600238402763693,0.1,0.14089929535629359,0.9600238402763693,-0.2,0.09892090873322726,-2.226315128968562,0.2,0.09892090873322726,2.226315128968562,-0.30000000000000004,0.06674205573263002,-2.7871850537454947,0.30000000000000004,0.06674205573263002,2.7871850537454947,-0.5,0.04278278584589934,-3.141592653589793,0.983309916434104
975,1.0590218115296215,0.0,10.738211863710264,0.9999809086162955,0.0,10.043324050337993,-0.0,-0.1,0.20060621047362234,-1.2413911147875898,0.1,0.20060621047362234,1.2413911147875898,-0.2,0.08171199500994972,-2.542515262098256,0.2,0.08171199500994972,2.542515262098256,-0.4,0.04488369747804024,-2.654888888481756,0.4,0.04488369747804024,2.654888888481756,-0.5,0.04048400744904512,-3.141592653589793,0.9918316083891995
976,1.0524059714164427,0.0,10.809712775502915,0.9999747011184629,0.0,10.116197530594437,-0.0,-0.1,0.23454472874660282,-1.5713037407153743,0.1,0.23454472874660282,1.5713037407153743,-0.2,0.04639014595344144,-2.710957549586864,0.2,0.04639014595344144,2.710957549586864,-0.30000000000000004,0.04618191018999589,-2.1591202109569836,0.30000000000000004,0.04618191018999589,2.1591202109569836,-0.4,0.03928167512839738,-3.077091411154754,0.9941191074667144
977,1.0388695703619562,0.0,10.872881781092214,0.9999866033071478,0.0,10.18164334077614,-0.0,-0.1,0.2434723932545902,-1.9274735078736667,0.1,0.2434723932545902,1.9274735078736667,-0.30000000000000004,0.05532848737210115,-2.6524744907378235,0.30000000000000004,0.05532848737210115,2.6524744907378235,-0.5,0.033056337374302025,-3.141592653589793,-0.2,0.030290170844194553,-1.9502662065874683,0.2,0.030290170844194553,1.9502662065874683,0.9858441321903342
978,1.0238085342167038,0.0,10.909318827509033,0.999987110190335,0.0,10.2392130917269,-0.0,-0.1,0.22979318843825056,-2.318819534151954,0.1,0.22979318843825056,2.318819534151954,-0.2,0.054220543800999166,-1.8022076658462298,0.2,0.054220543800999166,1.8022076658462298,-0.4,0.03732801362105004,-2.8798318237143627,0.4,0.03732801362105004,2.8798318237143627,-0.30000000000000004,0.027422244061533867,-3.131809891516218,0.980220157530787
979,1.0076876052948256,0.0,10.882824036536975,0.999995180981579,0.0,10.287994902958888,-0.0,-0.1,0.19983758837464533,-2.7672299634559256,0.1,0.19983758837464533,2.7672299634559256,-0.2,0.06408021582480408,-2.224332240415124,0.2,0.06408021582480408,2.224332240415124,-0.5,0.024268397655530904,-3.141592653589793,-0.30000000000000004,0.021362563761828848,-1.897513451040291,0.30000000000000004,0.021362563761828848,1.897513451040291,0.9800099252469394
980,1.0653348871314094,0.0,10.842556372301399,0.9999975061010983,0.0,10.318867166137267,-0.0,-0.1,0.17147554088000083,2.953520979935847,0.1,0.17147554088000083,-2.953520979935847,-0.2,0.051514718470424686,-2.9850961875261737,0.2,0.051514718470424686,2.9850961875261737,-0.30000000000000004,0.03140278513056347,-2.585050385685733,0.30000000000000004,0.03140278513056347,2.585050385685733,-0.4,0.01490311720215416,-2.4907816285130253,0.9815008937243825
981,1.0352259587639683,0.0,10.932504525232607,0.999976451054641,0.0,10.404547227244908,-0.0,-0.1,0.08876376330417594,2.143738522936772,0.1,0.08876376330417594,-2.143738522936772,-0.5,0.0790761955847934,-3.141592653589793,0.4,0.07437332256183853,2.6349724429325354,-0.4,0.07437332256183853,-2.6349724429325354,0.30000000000000004,0.06130346533543897,2.1589703265499227,-0.30000000000000004,0.06130346533543897,-2.1589703265499227,1.003114209101973
982,1.0233723103208927,0.0,10.839530211338602,0.9999569300580877,0.0,10.436035742212313,-0.0,-0.1,0.07642063302650141,1.1618566711272593,0.1,0.07642063302650141,-1.1618566711272593,-0.30000000000000004,0.051064216451673784,2.777960354245148,0.30000000000000004,0.051064216451673784,-2.777960354245148,-0.2,0.049627842442532724,-2.05583233765197,0.2,0.049627842442532724,2.05583233765197,-0.4,0.04926908528487172,1.4502511360577466,1.0361008449921316
983,0.9943270144071517,0.0,10.867708772885884,0.9999685833008828,0.0,10.417955961683933,-0.0,-0.1,0.07119120561011033,0.7687201732463371,0.1,0.07119120561011033,-0.7687201732463371,-0.30000000000000004,0.06826532303443489,0.9873426759196808,0.30000000000000004,0.06826532303443489,-0.9873426759196808,-0.2,0.06022025464484358,2.7018909652827845,0.2,0.06022025464484358,-2.7018909652827845,-0.4,0.05039924462317038,-0.6989021084456054,1.0525115656867807
984,0.9724700795755968,0.0,10.90236725458781,0.9999725764472857,0.0,10.358863891243995,-0.0,-0.2,0.11644073601183118,1.6629917488630555,0.2,0.11644073601183118,-1.6629917488630555,-0.5,0.0885999705289473,-0.0,0.30000000000000004,0.06088806184240864,-0.04645077799593133,-0.30000000000000004,0.06088806184240864,0.04645077799593133,-0.1,0.05012289855319336,1.1011495818275572,0.1,0.05012289855319336,-1.1011495818275572,1.0593036801921865
985,0.9644130295933574,0.0,10.94959600074058,0.9999937098468138,0.0,10.272523743018569,-0.0,-0.2,0.15120918095322974,1.0111248663523158,0.2,0.15120918095322974,-1.0111248663523158,-0.4,0.09670944020561967,0.2212642084521875,0.4,0.09670944020561967,-0.2212642084521875,-0.1,0.07778055187145459,1.9011069903061801,0.1,0.07778055187145459,-1.9011069903061801,-0.30000000000000004,0.02567391166140487,1.1462905461768826,1.0581903611321177
986,0.9696663976324994,0.0,10.988360562760052,0.9999913098909218,0.0,10.177914961082305,-0.0,-0.1,0.14062022278523442,1.9626444882332796,0.1,0.14062022278523442,-1.9626444882332796,-0.2,0.1289379881809321,0.4255330824563465,0.2,0.1289379881809321,-0.4255330824563465,-0.5,0.09686860423978683,-0.0,-0.30000000000000004,0.0872302877528138,0.9851130466924137,0.30000000000000004,0.0872302877528138,-0.9851130466924137,1.0498693312338738
987,0.9741325769854133,0.0,10.840710793301772,0.9999584695032222,0.0,10.09517538729836,-0.0,-0.1,0.1884317428711994,1.752195678864399,0.1,0.1884317428711994,-1.752195678864399,-0.30000000000000004,0.08047269711852631,0.12920685163765133,0.30000000000000004,0.08047269711852631,-0.12920685163765133,-0.4,0.07209412536880709,0.8666432385311531,0.4,0.07209412536880709,-0.8666432385311531,-0.2,0.0635382752863477,-0.26356713957961936,1.0341480639426441
988,0.9790397133311779,0.0,10.681555986151274,0.9999943298491026,0.0,10.030438393921818,-0.0,-0.1,0.20999707208601748,1.4319445297254392,0.1,0.20999707208601748,-1.4319445297254392,-0.5,0.07886602383238461,-0.0,0.4,0.05784041019638529,0.6248551682865137,-0.4,0.05784041019638529,-0.6248551682865137,0.30000000000000004,0.018288301916133367,1.2821461030572907,-0.30000000000000004,0.018288301916133367,-1.2821461030572907,1.0271668673825096
989,0.9844903839728425,0.0,10.646628414163878,0.9999769688909321,0.0,9.985669573036294,-0.0,-0.1,0.2085680177766348,1.0178432864794091,0.1,0.2085680177766348,-1.0178432864794091,-0.2,0.0615894448997319,1.9156221153815511,0.2,0.0615894448997319,-1.9156221153815511,-0.30000000000000004,0.043273356413996086,1.6737672094262475,0.30000000000000004,0.043273356413996086,-1.6737672094262475,-0.5,0.03409720294686025,-3.141592653589793,1.0120118705723942
990,0.9905414946543876,0.0,10.663823235877882,0.9999473181235217,0.0,9.962472351714311,-0.0,-0.1,0.19737441929877725,0.4897067738748978,0.1,0.19737441929877725,-0.4897067738748978,-0.2,0.07278233443097322,0.9636345225748326,0.2,0.07278233443097322,-0.9636345225748326,-0.5,0.05729442426884379,-0.0,-0.4,0.05187147621761248,0.10074401829824074,0.4,0.05187147621761248,-0.10074401829824074,1.055438833937399
991,1.0057007515613423,0.0,10.377165126249755,0.9999910957892535,0.0,9.887678959237288,-0.0,-0.1,0.13600040704423955,0.12304192666374453,0.1,0.13600040704423955,-0.12304192666374453,-0.2,0.06840837918200036,0.8220304890559252,0.2,0.06840837918200036,-0.8220304890559252,-0.30000000000000004,0.028451990659074475,0.7824814481377784,0.30000000000000004,0.028451990659074475,-0.7824814481377784,-0.4,0.02376461324183896,0.4069918665186424,1.0312937200997905
992,1.0172359574355445,0.0,10.233953486974738,0.9999969917276124,0.0,9.85815375203466,-0.0,-0.1,0.10675992947902507,-0.47132777099165446,0.1,0.10675992947902507,0.47132777099165446,-0.2,0.05293000020406263,-0.013668521580913662,0.2,0.05293000020406263,0.013668521580913662,-0.30000000000000004,0.022131023396849123,0.12192589651737185,0.30000000000000004,0.022131023396849123,-0.12192589651737185,-0.4,0.012157828780203115,-0.2564302573605901,1.0209936577831282
993,1.0226398432950394,0.0,10.186796892850031,0.9999992189764808,0.0,9.852017399149315,-0.0,-0.1,0.1013309622306624,-1.1271471070083532,0.1,0.1013309622306624,1.1271471070083532,-0.2,0.046794295697272746,-1.272097944752832,0.2,0.046794295697272746,1.272097944752832,-0.30000000000000004,0.016057578695187192,-1.7165347069305925,0.30000000000000004,0.016057578695187192,1.7165347069305925,-0.4,0.006413820454471949,-3.0148080888615825,0.9955522370729304
994,1.0234891206522316,0.0,10.31913717383313,0.9999901190393253,0.0,9.880330228037202,-0.0,-0.1,0.11632936128607387,-1.533832332054958,0.1,0.11632936128607387,1.533832332054958,-0.2,0.0614091504820378,-2.0724268091891718,0.2,0.0614091504820378,2.0724268091891718,-0.30000000000000004,0.030453489740458216,-2.433788983220878,0.30000000000000004,0.030453489740458216,2.433788983220878,-0.5,0.02242294277878809,-3.141592653589793,0.9761170815698368
995,1.0204573377035313,0.0,10.408966883670038,0.9999798625585988,0.0,9.931349269113834,-0.0,-0.1,0.12874053937593186,-1.7549693964467679,0.1,0.12874053937593186,1.7549693964467679,-0.2,0.05797369559986517,-2.44768476784191,0.2,0.05797369559986517,2.44768476784191,-0.4,0.0349965535555517,-2.8707619380420364,0.4,0.0349965535555517,2.8707619380420364,-0.30000000000000004,0.03419603749350739,-2.5024692908637083,0.9700172782738754
996,0.9901966935359655,0.0,10.424043684207414,0.9999882553887216,0.0,9.98739357722401,-0.0,-0.1,0.13066142686542645,-1.9479975623026793,0.1,0.13066142686542645,1.9479975623026793,-0.2,0.038812527203470636,-2.5272448178739664,0.2,0.038812527203470636,2.5272448178739664,-0.30000000000000004,0.03512699451664051,-2.504523540272572,0.30000000000000004,0.03512699451664051,2.504523540272572,-0.5,0.027448209812328983,-3.141592653589793,0.9743790529696654
997,0.9910901432613398,0.0,10.358550408957365,0.9999992022136205,0.0,10.007923873127478,-0.0,-0.1,0.12457067127479513,-2.4224878893008093,0.1,0.12457067127479513,2.4224878893008093,-0.2,0.0250128449667003,2.9921374442859,0.2,0.0250128449667003,-2.9921374442859,-0.30000000000000004,0.022270794719017724,2.4741010068639646,0.30000000000000004,0.022270794719017724,-2.4741010068639646,-0.5,0.006917913908861983,-0.0,0.9742938950140764
998,0.9999518109308786,0.0,10.335737265247133,0.9999985208837893,0.0,10.024881439403401,-0.0,-0.1,0.11236844089893827,-2.951235576492741,0.1,0.11236844089893827,2.951235576492741,-0.5,0.023875480184787357,-3.141592653589793,0.4,0.017325395456026526,2.142960796332379,-0.4,0.017325395456026526,-2.142960796332379,0.30000000000000004,0.01379633647450758,0.2754871643382993,-0.30000000000000004,0.01379633647450758,-0.2754871643382993,0.978811901308164
999,1.0113205319094316,0.0,10.36429617171495,0.9999964937386459,0.0,10.045793537003103,-0.0,-0.1,0.0919192852931466,2.7466906212130153,0.1,0.0919192852931466,-2.7466906212130153,-0.30000000000000004,0.034393568576936165,-1.9942873105992107,0.30000000000000004,0.034393568576936165,1.9942873105992107,-0.2,0.023649531195690344,-0.8868772038052571,0.2,0.023649531195690344,0.8868772038052571,-0.4,0.018577864580300543,2.8687451599791003,0.9859831079586985
1000,1.013390712201116,0.0,10.397194735789185,0.9999979309527539,0.0,10.072623684939693,-0.0,-0.1,0.06794279107644408,1.9658590917056062,0.1,0.06794279107644408,-1.9658590917056062,-0.2,0.04561778527264216,-1.670156610371792,0.2,0.04561778527264216,1.670156610371792,-0.30000000000000004,0.03382818381482213,-3.071014064735071,0.30000000000000004,0.03382818381482213,3.071014064735071,-0.5,0.029793530521676104,-3.141592653589793,0.9913994186137982
1001,0.999485170987592,0.0,10.37164427768581,0.9999983066240186,0.0,10.09547290248642,-0.0,-0.1,0.06279607297157691,0.9950476619796029,0.1,0.06279607297157691,-0.9950476619796029,-0.2,0.04895178421516677,-2.4437602553588733,0.2,0.04895178421516677,2.4437602553588733,-0.4,0.02076139753504658,-2.9779933855385616,0.4,0.02076139753504658,2.9779933855385616,-0.30000000000000004,0.011152865755808553,1.4721995501306353,1.0048965346812615
1002,0.9914443498723277,0.0,10.382310970884362,0.9999985275851379,0.0,10.08925732191267,-0.0,-0.1,0.05964023115858382,0.45425726550891515,0.1,0.05964023115858382,-0.45425726550891515,-0.2,0.053862666067446004,2.5085706880948724,0.2,0.053862666067446004,-2.5085706880948724,-0.4,0.026913030563178758,0.7542938917594285,0.4,0.026913030563178758,-0.7542938917594285,-0.30000000000000004,0.012221793393275265,0.11789549265012195,1.0160951352502459
1003,0.9793730587943438,0.0,10.357621583588095,0.999996277684306,0.0,10.063465714349453,-0.0,-0.2,0.07620018543258344,1.4535308036669332,0.2,0.07620018543258344,-1.4535308036669332,-0.1,0.03818008960829871,0.1268776300051823,0.1,0.03818008960829871,-0.1268776300051823,-0.5,0.026520339964415385,-0.0,-0.4,0.019437489596231473,-0.618995650571224,0.4,0.019437489596231473,0.618995650571224,1.0215224993854015
1004,0.9756395345952517,0.0,10.341914127230053,0.9999989557929375,0.0,10.020198929848757,-0.0,-0.2,0.08310848180663485,0.7402721511694983,0.2,0.08310848180663485,-0.7402721511694983,-0.30000000000000004,0.03971261753756304,0.9353142279938934,0.30000000000000004,0.03971261753756304,-0.9353142279938934,-0.4,0.02966327707831026,1.018330789673186,0.4,0.02966327707831026,-1.018330789673186,-0.5,0.01674644453628016,-0.0,1.0237938792235222
1005,0.9793074843554443,0.0,10.309531507877832,0.9999740792696785,0.0,9.972349343791777,-0.0,-0.2,0.05766035903246673,0.07769042980343695,0.2,0.05766035903246673,-0.07769042980343695,-0.1,0.04987825242130097,2.3708715984976405,0.1,0.04987825242130097,-2.3708715984976405,-0.4,0.040984773097660784,-0.03545230985639167,0.4,0.040984773097660784,0.03545230985639167,-0.30000000000000004,0.04013539498319863,0.3354698511113318,1.0135572158712152
1006,1.0055182455323661,0.0,10.171170088232106,0.9999999564746809,0.0,9.93119949044369,-0.0,-0.1,0.08441615838898388,2.089037473306872,0.1,0.08441615838898388,-2.089037473306872,-0.2,0.01693844260880333,-0.9892616957833424,0.2,0.01693844260880333,0.9892616957833424,-0.30000000000000004,0.013607341982726498,-0.07285201276681365,0.30000000000000004,0.013607341982726498,0.07285201276681365,-0.5,0.010046711827387256,-0.0,0.99033659117642
1007,1.0629748320299592,0.0,10.242458412745856,0.9999956450195238,0.0,9.946521042440093,-0.0,-0.1,0.07797096843607451,1.289178084412402,0.1,0.07797096843607451,-1.289178084412402,-0.30000000000000004,0.028909771296531713,-1.919222187964165,0.30000000000000004,0.028909771296531713,1.919222187964165,-0.2,0.028403813508381132,-1.778293941433654,0.2,0.028403813508381132,1.778293941433654,-0.5,0.025368263823788872,-3.141592653589793,0.993304696564717
1008,1.0629434014663408,0.0,10.598362444920806,0.9999407055688886,0.0,10.018405731208713,-0.0,-0.1,0.11984244675778197,0.046790838181299754,0.1,0.11984244675778197,-0.046790838181299754,-0.2,0.07164436784862797,-1.6550450015798515,0.2,0.07164436784862797,1.6550450015798515,-0.30000000000000004,0.0677062131471547,-2.297925445693542,0.30000000000000004,0.0677062131471547,2.297925445693542,-0.4,0.06157065820496491,-2.6704263091735494,1.01008964203231
1009,1.0611440693443475,0.0,10.766113081483148,0.99998900335514,0.0,10.081397321744173,-0.0,-0.1,0.1827888410548892,-0.5976472844828531,0.1,0.1827888410548892,0.5976472844828531,-0.2,0.09133087026145911,-2.15396998077306,0.2,0.09133087026145911,2.15396998077306,-0.30000000000000004,0.05368471962001876,-3.11412648295813,0.30000000000000004,0.05368471962001876,3.11412648295813,-0.4,0.029106897866240027,2.4821851690917134,1.0152685277835232
1010,1.045467006147224,0.0,10.832903457494263,0.9999996705589155,0.0,10.131220859179088,-0.0,-0.1,0.2257238831844095,-1.1014408964642968,0.1,0.2257238831844095,1.1014408964642968,-0.2,0.07623708094076546,-2.833600557799209,0.2,0.07623708094076546,2.833600557799209,-0.5,0.03334837184428441,-3.141592653589793,-0.4,0.03220614911027028,-1.9264821756503188,0.4,0.03220614911027028,1.9264821756503188,1.0134337633393724
1011,1.0333419362141665,0.0,10.846062214242593,0.9999900054522269,0.0,10.163297153125196,-0.0,-0.1,0.24192969978026976,-1.6112346883699107,0.1,0.24192969978026976,1.6112346883699107,-0.2,0.046693854039373206,2.402728689910271,0.2,0.046693854039373206,-2.402728689910271,-0.4,0.036696552884897364,2.8037647220931605,0.4,0.036696552884897364,-2.8037647220931605,-0.30000000000000004,0.03212484770831619,-1.7567115237539557,0.9999517782754113
1012,1.0239243754990304,0.0,10.865334158474383,0.9999971468547427,0.0,10.197153918351772,-0.0,-0.1,0.2429279377835683,-2.099843523156063,0.1,0.2429279377835683,2.099843523156063,-0.30000000000000004,0.042144907621903496,-2.731676159978102,0.30000000000000004,0.042144907621903496,2.731676159978102,-0.5,0.03512884312475073,-3.141592653589793,-0.2,0.03145285309345887,0.33517397184870706,0.2,0.03145285309345887,-0.33517397184870706,0.9898906706130967
1013,1.0270967967080105,0.0,10.912789170303721,0.9999968763724806,0.0,10.229633943978474,-0.0,-0.1,0.2282636337735553,-2.6050122238513533,0.1,0.2282636337735553,2.6050122238513533,-0.2,0.06303742066627505,-1.0917680851511886,0.2,0.06303742066627505,1.0917680851511886,-0.4,0.04132921166867231,-2.742470655109044,0.4,0.04132921166867231,2.742470655109044,-0.30000000000000004,0.01789469410824191,2.475213656389994,0.9805148165216173
1014,1.0228044935889895,0.0,10.966240857896317,0.9999933609264251,0.0,10.277357681892141,-0.0,-0.1,0.18882951679119422,-3.1037707096731095,0.1,0.18882951679119422,3.1037707096731095,-0.2,0.09499736758999301,-1.8863105235440236,0.2,0.09499736758999301,1.8863105235440236,-0.5,0.050372555411716036,-3.141592653589793,-0.30000000000000004,0.03542842591504266,-1.567425765227486,0.30000000000000004,0.03542842591504266,1.567425765227486,0.9790878629783772
1015,1.0127345999527968,0.0,10.940964877164685,0.9999910056037801,0.0,10.32452264088588,-0.0,-0.1,0.14170951146783267,2.5636816174987134,0.1,0.14170951146783267,-2.5636816174987134,-0.2,0.09202368194114081,-2.634031948932315,0.2,0.09202368194114081,2.634031948932315,-0.30000000000000004,0.05908443942383199,-2.52798206260466,0.30000000000000004,0.05908443942383199,2.52798206260466,-0.4,0.030806970613196212,-2.273183551363351,0.980976983480073
1016,0.9942244467860906,0.0,10.828942334664072,0.9999862874223849,0.0,10.357949756483231,-0.0,-0.1,0.1151676262536668,1.7761360489647398,0.1,0.1151676262536668,-1.7761360489647398,-0.2,0.06487792575971638,2.645636977376639,0.2,0.06487792575971638,-2.645636977376639,-0.30000000000000004,0.03713338106937261,2.415168606517347,0.30000000000000004,0.03713338106937261,-2.415168606517347,-0.5,0.03663471201532964,-3.141592653589793,1.0104709172052564
1017,0.9803433643771827,0.0,10.872949871980406,0.9999734315567306,0.0,10.346655957736957,-0.0,-0.1,0.11798961266022288,1.2416629132803703,0.1,0.11798961266022288,-1.2416629132803703,-0.2,0.07500378337963672,1.4607165232518438,0.2,0.07500378337963672,-1.4607165232518438,-0.5,0.0479285107616052,-0.0,-0.30000000000000004,0.04618930570106283,0.6933399790648892,0.30000000000000004,0.04618930570106283,-0.6933399790648892,1.0558387714913646
1018,0.9766909196740395,0.0,10.874752890694104,0.9999662434937373,0.0,10.264024490084179,-0.0,-0.1,0.12019517964017656,1.3216863968828956,0.1,0.12019517964017656,-1.3216863968828956,-0.2,0.10531763291020249,1.0984960721659296,0.2,0.10531763291020249,-1.0984960721659296,-0.30000000000000004,0.0555918955366738,0.6968412967003431,0.30000000000000004,0.0555918955366738,-0.6968412967003431,-0.4,0.04851898443581877,0.37341043396535256,1.0549555581546384
1019,0.979450931315483,0.0,10.803705236260026,0.9999613987691144,0.0,10.177772008291878,-0.0,-0.1,0.12951646925548227,1.3949160348644598,0.1,0.12951646925548227,-1.3949160348644598,-0.2,0.10132177976161835,0.7022215811468687,0.2,0.10132177976161835,-0.7022215811468687,-0.30000000000000004,0.05635360251640734,0.5710550080183926,0.30000000000000004,0.05635360251640734,-0.5710550080183926,-0.5,0.051549524901130184,-0.0,1.052416982835267
1020,0.9804732369942196,0.0,10.639318392103018,0.9999759424106245,0.0,10.096078870263014,-0.0,-0.1,0.14051904859975137,1.3760250925764426,0.1,0.14051904859975137,-1.3760250925764426,-0.2,0.06558923843660464,0.38042543558654046,0.2,0.06558923843660464,-0.38042543558654046,-0.30000000000000004,0.0458586969933515,0.5301876415812621,0.30000000000000004,0.0458586969933515,-0.5301876415812621,-0.4,0.039305553780589406,0.3756654163774132,1.0387961918761148
1021,0.9781185231682263,0.0,10.484423899645002,0.9999878834148347,0.0,10.03108510111001,-0.0,-0.1,0.14294966329747294,1.2100705975759611,0.1,0.14294966329747294,-1.2100705975759611,-0.5,0.03485015602526964,-0.0,0.30000000000000004,0.034417026350647105,-0.5172845146078795,-0.30000000000000004,0.034417026350647105,0.5172845146078795,0.4,0.03187763160674018,-0.1588836548973431,-0.4,0.03187763160674018,0.1588836548973431,1.0289624783466798
1022,0.9843157954545454,0.0,10.399263978444871,0.9999899111557291,0.0,9.97586168806407,-0.0,-0.1,0.13383454457043742,0.9781177760978971,0.1,0.13383454457043742,-0.9781177760978971,-0.2,0.0352282531036428,1.554842131947327,0.2,0.0352282531036428,-1.554842131947327,-0.30000000000000004,0.030499860607146382,0.6646219853279004,0.30000000000000004,0.030499860607146382,-0.6646219853279004,-0.4,0.02427697381834986,0.4190438688974447,1.0196694006882396
1023,0.9896807355021217,0.0,10.343220665092476,0.9999921889658293,0.0,9.936253108019585,-0.0,-0.1,0.11644060148184697,0.6358293780872188,0.1,0.11644060148184697,-0.6358293780872188,-0.2,0.05258657843605083,1.1509834138504904,0.2,0.05258657843605083,-1.1509834138504904,-0.30000000000000004,0.024438459741394837,0.37821077187024876,0.30000000000000004,0.024438459741394837,-0.37821077187024876,-0.4,0.0200362777543072,0.11277790437244252,1.023182365056987
1024,0.9960102970297029,0.0,10.231840710258709,0.9999939258162439,0.0,9.898837046813696,-0.0,-0.1,0.08914973022204961,0.2594023519119577,0.1,0.08914973022204961,-0.2594023519119577,-0.2,0.050610051901909765,0.6354519381859741,0.2,0.050610051901909765,-0.6354519381859741,-0.5,0.018180738182073775,-0.0,-0.4,0.017651680507510047,0.5002264548337513,0.4,0.017651680507510047,-0.5002264548337513,1.020179203819909
1025,1.0056635658029904,0.0,10.11498146107191,0.99999719214521,0.0,9.87204285025441,-0.0,-0.1,0.06362426892181643,-0.2606834691050691,0.1,0.06362426892181643,0.2606834691050691,-0.2,0.03311479301026846,-0.1202425618525189,0.2,0.03311479301026846,0.1202425618525189,-0.30000000000000004,0.017668266816617345,0.5703056781860875,0.30000000000000004,0.017668266816617345,-0.5703056781860875,-0.4,0.01412395332009353,-0.014457251946023042,1.0104610063843766
1026,1.029794077903766,0.0,10.06253132064076,0.9999994642369833,0.0,9.864971816104603,-0.0,-0.1,0.056821371393359965,-0.9210816191677379,0.1,0.056821371393359965,0.9210816191677379,-0.2,0.026108596048550606,-1.4093724152198635,0.2,0.026108596048550606,1.4093724152198635,-0.30000000000000004,0.012322585416555449,-0.9996638883067719,0.30000000000000004,0.012322585416555449,0.9996638883067719,-0.4,0.007054398819226091,-2.5422227215164077,0.9949611647214639
1027,1.0315611117709942,0.0,10.28291351931787,0.9999816291134878,0.0,9.900541447222277,-0.0,-0.1,0.0833021707926297,-1.202485689082751,0.1,0.0833021707926297,1.202485689082751,-0.2,0.04738541059054051,-1.8316203260381547,0.2,0.04738541059054051,1.8316203260381547,-0.30000000000000004,0.04348485121949053,-2.1256752919311164,0.30000000000000004,0.04348485121949053,2.1256752919311164,-0.5,0.03402720689026939,-3.141592653589793,0.9856240098660815
1028,1.0253733706327004,0.0,10.418583270374667,0.9999887486788456,0.0,9.95175919461609,-0.0,-0.1,0.11240447170672786,-1.391733958160972,0.1,0.11240447170672786,1.391733958160972,-0.2,0.060140787843215304,-2.121889952081469,0.2,0.060140787843215304,2.121889952081469,-0.30000000000000004,0.04655573015853199,-2.8021510139844787,0.30000000000000004,0.04655573015853199,2.8021510139844787,-0.4,0.028622096341624957,-3.0349791257473466,0.9812559321872598
1029,1.0089426118657023,0.0,10.441339091911608,0.9999947393477413,0.0,10.00044164557475,-0.0,-0.1,0.13020750371403006,-1.6432968200735427,0.1,0.13020750371403006,1.6432968200735427,-0.2,0.05404432868945333,-2.503707206174642,0.2,0.05404432868945333,2.503707206174642,-0.5,0.03149191045511923,-3.141592653589793,-0.4,0.020450935537385837,-2.662758624301054,0.4,0.020450935537385837,2.662758624301054,0.9826950550510052
1030,0.9988450712433345,0.0,10.405640237718615,0.999998209609744,0.0,10.02993332612497,-0.0,-0.1,0.13140559956911219,-2.0458597403584555,0.1,0.13140559956911219,2.0458597403584555,-0.2,0.035066727076926325,3.0473908667428398,0.2,0.035066727076926325,-3.0473908667428398,-0.4,0.014744503362710593,3.076632407807908,0.4,0.014744503362710593,-3.076632407807908,-0.30000000000000004,0.01327325157614586,-1.8667910286705474,0.9806603833890002
1031,0.9914183895380868,0.0,10.389118498528934,0.9999997168302659,0.0,10.048305160374085,-0.0,-0.1,0.12408265594834378,-2.5421293454651863,0.1,0.12408265594834378,2.5421293454651863,-0.5,0.020372064154013714,-3.141592653589793,0.30000000000000004,0.0192728634517621,2.604113903774718,-0.30000000000000004,0.0192728634517621,-2.604113903774718,-0.2,0.016865117600311286,1.6881076513578248,0.2,0.016865117600311286,-1.6881076513578248,0.9785979517747211
1032,0.985042132715155,0.0,10.361710840927268,0.9999984399462657,0.0,10.061605026743944,-0.0,-0.1,0.11335042081985755,-3.104199610540966,0.1,0.11335042081985755,3.104199610540966,-0.2,0.020219112434988924,-0.2804193033021021,0.2,0.020219112434988924,0.2804193033021021,-0.4,0.01128819261355696,-2.775358627463,0.4,0.01128819261355696,2.775358627463,-0.30000000000000004,0.010390362446516454,2.508740476548211,0.9844463961918798
1033,0.9809520714865962,0.0,10.36045715741878,0.9999984484811284,0.0,10.062331364004553,-0.0,-0.1,0.11262459457021856,2.5509082645182395,0.1,0.11262459457021856,-2.5509082645182395,-0.2,0.02091804449494013,-1.527446328000834,0.2,0.02091804449494013,1.527446328000834,-0.4,0.010613211880494246,1.01906245026864,0.4,0.010613211880494246,-1.01906245026864,-0.30000000000000004,0.009814091522921743,0.5799981217913427,0.9896396758962543
1034,0.9872692014763607,0.0,10.373857571211213,0.9999994224537183,0.0,10.053602699989028,-0.0,-0.1,0.11997279974779007,1.9631204407922276,0.1,0.11997279974779007,-1.9631204407922276,-0.2,0.022314319670926976,3.0976000245118303,0.2,0.022314319670926976,-3.0976000245118303,-0.5,0.01652719906028821,-0.0,-0.4,0.00957671666223162,-0.6055903934609846,0.4,0.00957671666223162,0.6055903934609846,0.994955166754533
1035,1.0139740580605312,0.0,10.372944746894913,0.9999997350038198,0.0,10.044861604435686,-0.0,-0.1,0.12357907671249542,1.4002072746863137,0.1,0.12357907671249542,-1.4002072746863137,-0.2,0.03104933787118699,1.853344211652647,0.2,0.03104933787118699,-1.853344211652647,-0.5,0.007786103506946418,-3.141592653589793,-0.4,0.005520104892457367,2.0413183053670534,0.4,0.005520104892457367,-2.0413183053670534,1.005671536178099
1036,1.0647622430855115,0.0,10.389026132404592,0.9999994241723649,0.0,10.053172096693228,-0.0,-0.1,0.1252579196866337,0.7064580582230061,0.1,0.1252579196866337,-0.7064580582230061,-0.2,0.029820184976920776,0.32576807051033413,0.2,0.029820184976920776,-0.32576807051033413,-0.30000000000000004,0.009042963201177374,-1.4686621563073061,0.30000000000000004,0.009042963201177374,1.4686621563073061,-0.4,0.00761189998190115,-1.8104324256961868,1.0300271845700744
1037,1.0723591508523642,0.0,10.63154563212108,0.9999773281551863,0.0,10.088140261874972,-0.0,-0.1,0.15354417064382372,-0.07024037685321714,0.1,0.15354417064382372,0.07024037685321714,-0.2,0.06393624244863766,-1.1068104808266301,0.2,0.06393624244863766,1.1068104808266301,-0.30000000000000004,0.037000383815015914,-2.1305451738306846,0.30000000000000004,0.037000383815015914,2.1305451738306846,-0.5,0.03444377643115093,-3.141592653589793,1.0377960152669354
1038,1.0892612958791572,0.0,10.789548628615625,0.9999969276663508,0.0,10.128938300956342,-0.0,-0.1,0.19426271113472718,-0.6838189840274465,0.1,0.19426271113472718,0.6838189840274465,-0.2,0.08992769703932003,-1.9456903852121383,0.2,0.08992769703932003,1.9456903852121383,-0.30000000000000004,0.03782134257518567,-2.862263637573299,0.30000000000000004,0.03782134257518567,2.862263637573299,-0.4,0.016586826160816304,2.8180776153055644,1.0275814334335438
1039,1.0900434943861899,0.0,11.019918693822646,0.9999833378536289,0.0,10.1928262262028,-0.0,-0.1,0.24710502923164357,-1.1480640982633343,0.1,0.24710502923164357,1.1480640982633343,-0.2,0.08922501739612487,-2.473090850088497,0.2,0.08922501739612487,2.473090850088497,-0.5,0.05753366259623771,-3.141592653589793,-0.4,0.048449355884034755,-2.4042233914144218,0.4,0.048449355884034755,2.4042233914144218,1.012627690701637
1040,1.069811659192825,0.0,11.15591118130761,0.9999653608064891,0.0,10.273927108723287,-0.0,-0.1,0.28996823004409444,-1.518464343384659,0.1,0.28996823004409444,1.518464343384659,-0.30000000000000004,0.06674952393752898,-2.236141743120159,0.30000000000000004,0.06674952393752898,2.236141743120159,-0.2,0.05640195921351006,-2.629674139102516,0.2,0.05640195921351006,2.629674139102516,-0.4,0.05574464619405732,-3.1373572684768445,1.0067762078565092
1041,1.0511110286928083,0.0,11.18761180310588,0.9999956762522668,0.0,10.344893696672777,-0.0,-0.1,0.302110292880146,-1.9099950161995538,0.1,0.302110292880146,1.9099950161995538,-0.30000000000000004,0.06035875947020809,-2.940156896793474,0.30000000000000004,0.06035875947020809,2.940156896793474,-0.5,0.047399368025241806,-3.141592653589793,-0.2,0.0351903168535772,-2.1595231918954934,0.2,0.0351903168535772,2.1595231918954934,0.9939091874929947
1042,0.9674251383995974,0.0,11.187951553502934,0.9999973043593254,0.0,10.4045863358275,-0.0,-0.1,0.28780729331325955,-2.3414572801731026,0.1,0.28780729331325955,2.3414572801731026,-0.2,0.04968529738266121,-1.8864909982783746,0.2,0.04968529738266121,1.8864909982783746,-0.4,0.04804338257705634,-2.696561368888809,0.4,0.04804338257705634,2.696561368888809,-0.5,0.01229327112948031,-3.141592653589793,0.9873734504358295
1043,0.9204012141612069,0.0,11.261638300494164,0.999983953457858,0.0,10.386969341511943,-0.0,-0.1,0.3003455260794738,-3.011870838400357,0.1,0.3003455260794738,3.011870838400357,-0.4,0.06439258907169065,0.9553002898800335,0.4,0.06439258907169065,-0.9553002898800335,-0.2,0.057641231617427194,2.8452788890226715,0.2,0.057641231617427194,-2.8452788890226715,-0.5,0.029910265445038497,-0.0,0.9785333105833943
1044,0.9060601128217182,0.0,11.451632878091342,0.9999625206629662,0.0,10.326418484186553,-0.0,-0.1,0.36047273961279036,2.621265106225218,0.1,0.36047273961279036,-2.621265106225218,-0.2,0.11689806360643039,1.740472908442595,0.2,0.11689806360643039,-1.740472908442595,-0.4,0.05753694395056817,-0.5241592413414206,0.4,0.05753694395056817,0.5241592413414206,-0.30000000000000004,0.05539889956521155,0.7506436398756705,0.9801540978270998
1045,0.8655118729879206,0.0,11.578867776853734,0.9999655594127844,0.0,10.24520939553191,-0.0,-0.1,0.4328215250239805,2.086363943625889,0.1,0.4328215250239805,-2.086363943625889,-0.2,0.1531867484872235,1.033637712352499,0.2,0.1531867484872235,-1.033637712352499,-0.30000000000000004,0.055536668762562254,0.5083049167976484,0.30000000000000004,0.055536668762562254,-0.5083049167976484,-0.5,0.050568496774291205,-0.0,1.01227917396549
1046,0.8902840735068912,0.0,11.835145079127862,0.999802128697065,0.0,10.0967472104593,-0.0,-0.1,0.5222424837912605,1.707964732046344,0.1,0.5222424837912605,-1.707964732046344,-0.2,0.1491064439419834,0.8034271087538071,0.2,0.1491064439419834,-0.8034271087538071,-0.4,0.14608130488020038,0.33846816193276175,0.4,0.14608130488020038,-0.33846816193276175,-0.30000000000000004,0.10353740344167557,0.9925162917265334,1.0493136808828605
1047,0.9291406540522803,0.0,11.694440750810442,0.9999254303630861,0.0,9.92226904088068,-0.0,-0.1,0.5727993318819082,1.3861686194789502,0.1,0.5727993318819082,-1.3861686194789502,-0.30000000000000004,0.1463369794390004,0.6224955373714985,0.30000000000000004,0.1463369794390004,-0.6224955373714985,-0.2,0.12865730300382053,0.8983894636142314,0.2,0.12865730300382053,-0.8983894636142314,-0.5,0.07658448128030138,-0.0,1.060721284169719
1048,0.9701145810544739,0.0,11.409618966596833,0.9998756093618332,0.0,9.779050544080595,-0.0,-0.1,0.5643495175031625,1.009976004211556,0.1,0.5643495175031625,-1.009976004211556,-0.2,0.11878583892808563,0.8740025726958485,0.2,0.11878583892808563,-0.8740025726958485,-0.30000000000000004,0.08872508413484899,-0.036376672539445244,0.30000000000000004,0.08872508413484899,0.036376672539445244,-0.4,0.08684754138404403,0.8333115158284673,1.0767580190605919
1049,1.0086545604395605,0.0,11.112777424913887,0.9999799851620972,0.0,9.659903829255912,-0.0,-0.1,0.5110367297237816,0.5803965513151186,0.1,0.5110367297237816,-0.5803965513151186,-0.2,0.10069940807626819,0.7544074735691981,0.2,0.10069940807626819,-0.7544074735691981,-0.4,0.08844431037648826,-0.18533193458712818,0.4,0.08844431037648826,0.18533193458712818,-0.5,0.05251269930490032,-0.0,1.0887734825819404
1050,1.0344854572548154,0.0,10.798300977495103,0.999993570013673,0.0,9.578514895309283,-0.0,-0.1,0.44521819699127907,0.05248982584800552,0.1,0.44521819699127907,-0.05248982584800552,-0.30000000000000004,0.0808082432533092,0.8764741888036138,0.30000000000000004,0.0808082432533092,-0.8764741888036138,-0.2,0.06942848352745794,0.42980965737458,0.2,0.06942848352745794,-0.42980965737458,-0.5,0.028876234641728615,-0.0,1.0726241069265878
1051,1.0577061988566305,0.0,10.63239350755423,0.9999819444872139,0.0,9.543188693371274,-0.0,-0.1,0.40994483872369925,-0.5713075572163671,0.1,0.40994483872369925,0.5713075572163671,-0.30000000000000004,0.06422410435118164,-0.5720551225325755,0.30000000000000004,0.06422410435118164,0.5720551225325755,-0.4,0.050376508898790244,0.42993443409553384,0.4,0.050376508898790244,-0.42993443409553384,-0.2,0.040113910235612636,-0.4510844794750406,1.0468558808813455
1052,1.0740626249928575,0.0,10.67953688360694,0.9999748920619386,0.0,9.549783863535096,-0.0,-0.1,0.41550796499092435,-1.1910431811930526,0.1,0.41550796499092435,1.1910431811930526,-0.30000000000000004,0.06986055392010658,-2.405881363704604,0.30000000000000004,0.06986055392010658,2.405881363704604,-0.4,0.0564384588478986,-2.1320658402296884,0.4,0.0564384588478986,2.1320658402296884,-0.2,0.046139064553984345,-1.645367128307477,0.9690733960591729
1053,1.0725277938287299,0.0,11.08793572233035,0.9998889229888063,0.0,9.656421350128355,-0.0,-0.1,0.46569102696963316,-1.6050512876815124,0.1,0.46569102696963316,1.6050512876815124,-0.2,0.11299224347431265,-1.6760271962235762,0.2,0.11299224347431265,1.6760271962235762,-0.5,0.09359234913315717,-3.141592653589793,-0.4,0.09027774109047347,-3.070992853231291,0.4,0.09027774109047347,3.070992853231291,0.9327088410211553
1054,1.0541802265110367,0.0,11.396466579900894,0.9999243594776149,0.0,9.808547929795878,-0.0,-0.1,0.4849309870818531,-1.914468298182883,0.1,0.4849309870818531,1.914468298182883,-0.2,0.17971856750221885,-1.932075875771525,0.2,0.17971856750221885,1.932075875771525,-0.30000000000000004,0.09810999705636199,-2.2790738106559436,0.30000000000000004,0.09810999705636199,2.2790738106559436,-0.4,0.062399546824147,-2.6155089070041497,0.9173097254184608
1055,1.0334734930904794,0.0,11.570980691415551,0.9998206877488519,0.0,9.956668043485196,-0.0,-0.1,0.4568295160492402,-2.2325596839453503,0.1,0.4568295160492402,2.2325596839453503,-0.2,0.18820084138785795,-2.3612370874757467,0.2,0.18820084138785795,2.3612370874757467,-0.30000000000000004,0.11250846117381015,-2.6088230757789352,0.30000000000000004,0.11250846117381015,2.6088230757789352,-0.4,0.09923501070853803,-2.8345265171043312,0.8839297853559572
1056,1.012197770627442,0.0,11.41500858462338,0.9998792081613272,0.0,10.124629663587754,-0.0,-0.1,0.37762678066757993,-2.5023536893647034,0.1,0.37762678066757993,2.5023536893647034,-0.2,0.1367544656263795,-2.5745601843123294,0.2,0.1367544656263795,2.5745601843123294,-0.30000000000000004,0.09117670744262825,-2.562336706231158,0.30000000000000004,0.09117670744262825,2.562336706231158,-0.4,0.07926301356245065,-2.9013682449048503,0.9058203417062382
1057,0.9924044699140401,0.0,11.156154375397692,0.9999594088109239,0.0,10.246543360708307,-0.0,-0.1,0.28908396279318826,-2.8763450751409745,0.1,0.28908396279318826,2.8763450751409745,-0.2,0.07374758060181247,-2.738343290888706,0.2,0.07374758060181247,2.738343290888706,-0.30000000000000004,0.06761185882982257,-2.7153358364338738,0.30000000000000004,0.06761185882982257,2.7153358364338738,-0.4,0.048724210239739316,-2.910695247295799,0.938237563931627
1058,0.9714587860515388,0.0,10.901411951914248,0.9999929510233692,0.0,10.309807176570066,-0.0,-0.1,0.22863492082638184,2.8511224800937365,0.1,0.22863492082638184,-2.8511224800937365,-0.2,0.02929761400103059,-2.9840075167518965,0.2,0.02929761400103059,2.9840075167518965,-0.30000000000000004,0.028006925000271302,2.8882372319299843,0.30000000000000004,0.028006925000271302,-2.8882372319299843,-0.5,0.019725855688813354,-3.141592653589793,0.973987193019023
1059,0.9634103191307811,0.0,10.893584969140253,0.9999938970398649,0.0,10.31115138156713,-0.0,-0.1,0.22734735144849777,2.221110575038092,0.1,0.22734735144849777,-2.221110575038092,-0.2,0.027970860353650845,2.0500826170609363,0.2,0.027970860353650845,-2.0500826170609363,-0.30000000000000004,0.026707756638538627,0.9906658720741621,0.30000000000000004,0.026707756638538627,-0.9906658720741621,-0.5,0.01838165069174913,-0.0,1.005772575041238
1060,0.9603926795305352,0.0,11.015347297321123,0.9999830438334129,0.0,10.265907140258351,-0.0,-0.1,0.25727240815805635,1.7332199505295296,0.1,0.25727240815805635,-1.7332199505295296,-0.2,0.06321858668874077,1.481505492252049,0.2,0.06321858668874077,-1.481505492252049,-0.30000000000000004,0.03788994808697759,0.6261317767090895,0.30000000000000004,0.03788994808697759,-0.6261317767090895,-0.4,0.032678271195222895,0.29077912102260167,1.0286685518636873
1061,0.9570905867454622,0.0,11.080559463462844,0.9999631270262025,0.0,10.191814362534071,-0.0,-0.1,0.2790051755655973,1.3700631456296393,0.1,0.2790051755655973,-1.3700631456296393,-0.2,0.09301051926058951,1.141297033975944,0.2,0.09301051926058951,-1.141297033975944,-0.30000000000000004,0.048741762084574966,0.7836526934696949,0.30000000000000004,0.048741762084574966,-0.7836526934696949,-0.5,0.04723018710724958,-0.0,1.0496818570608497
1062,0.9702185091420535,0.0,11.066945268893429,0.9999331742756103,0.0,10.091198750422903,-0.0,-0.1,0.27707913675827883,1.1055553377126994,0.1,0.27707913675827883,-1.1055553377126994,-0.2,0.10478819024214608,0.9459220928573244,0.2,0.10478819024214608,-0.9459220928573244,-0.30000000000000004,0.07450909012484631,0.77665713881951,0.30000000000000004,0.07450909012484631,-0.77665713881951,-0.4,0.06299368421998419,0.34565861583112545,1.0627973059211857
1063,0.9846150909499214,0.0,10.870413069345,0.9999511026951443,0.0,9.9873546345721,-0.0,-0.1,0.2484735017765851,0.8600248492561324,0.1,0.2484735017765851,-0.8600248492561324,-0.2,0.09504079521094799,0.7782772877724584,0.2,0.09504079521094799,-0.7782772877724584,-0.30000000000000004,0.0727855749754738,0.4564364522051314,0.30000000000000004,0.0727855749754738,-0.4564364522051314,-0.5,0.05045869084688537,-0.0,1.0628061341765649
1064,1.0077531819915524,0.0,10.563528173354287,0.9999700124012472,0.0,9.899441931693291,-0.0,-0.1,0.20239784799283358,0.5671418333240075,0.1,0.20239784799283358,-0.5671418333240075,-0.2,0.06972363985537479,0.6085661415646377,0.2,0.06972363985537479,-0.6085661415646377,-0.4,0.040307031064146036,0.40480771118802256,0.4,0.040307031064146036,-0.40480771118802256,-0.30000000000000004,0.03922920383628901,0.2991142864995283,1.0466860909819329
1065,1.0191123620933522,0.0,10.317355346711897,0.9999969728231789,0.0,9.853014887173806,-0.0,-0.1,0.165133881662537,0.09044282805818327,0.1,0.165133881662537,-0.09044282805818327,-0.2,0.041292132209247746,0.05005701817691206,0.2,0.041292132209247746,-0.05005701817691206,-0.4,0.018437578715437303,-0.40889775642076875,0.4,0.018437578715437303,0.40889775642076875,-0.30000000000000004,0.014613274363646492,0.3441143375352106,1.0312005332939223
1066,1.0172464083402788,0.0,10.215160471641218,0.9999994905287538,0.0,9.83865375617668,-0.0,-0.1,0.15083702411773553,-0.5292763069908343,0.1,0.15083702411773553,0.5292763069908343,-0.2,0.026958568275447316,-1.179922086998948,0.2,0.026958568275447316,1.179922086998948,-0.4,0.007763716084302868,2.534657236318137,0.4,0.007763716084302868,-2.534657236318137,-0.5,0.005388098509564898,-0.0,1.0112226686748311
1067,1.0065804254840163,0.0,10.243023183982375,0.9999995590958347,0.0,9.843702393889515,-0.0,-0.1,0.15521580363857845,-1.1411711478628574,0.1,0.15521580363857845,1.1411711478628574,-0.2,0.029256855161358068,-2.2763271322766556,0.2,0.029256855161358068,2.2763271322766556,-0.5,0.0104367362224016,-3.141592653589793,-0.30000000000000004,0.009969368135292967,-1.980238263640152,0.30000000000000004,0.009969368135292967,1.980238263640152,0.9916689684115239
1068,0.9978763507429086,0.0,10.276562657197031,0.9999979244993981,0.0,9.857878349459492,-0.0,-0.1,0.16163512178825562,-1.6896718360709035,0.1,0.16163512178825562,1.6896718360709035,-0.2,0.022782666717547542,-3.0394995708210883,0.2,0.022782666717547542,3.0394995708210883,-0.4,0.018071929350581425,-2.668922074813017,0.4,0.018071929350581425,2.668922074813017,-0.30000000000000004,0.013704872024769617,-2.615540160719862,0.9730178997539009
1069,0.995372738101991,0.0,10.286916802861858,0.9999996014367175,0.0,9.884295914150862,-0.0,-0.1,0.16065799486431448,-2.1539830167169605,0.1,0.16065799486431448,2.1539830167169605,-0.5,0.022678345343795314,-3.141592653589793,0.30000000000000004,0.0161094269789631,2.3263211912172,-0.30000000000000004,0.0161094269789631,-2.3263211912172,0.4,0.013203849840323426,-3.0971908802909196,-0.4,0.013203849840323426,3.0971908802909196,0.963619992751048
1070,0.9864533636105591,0.0,10.33646419676661,0.9999955385558958,0.0,9.916258333122071,-0.0,-0.1,0.14552324619160606,-2.5979242826301814,0.1,0.14552324619160606,2.5979242826301814,-0.2,0.031209929733777113,-1.394443425497807,0.2,0.031209929733777113,1.394443425497807,-0.30000000000000004,0.023979390984968884,-2.3959138179928967,0.30000000000000004,0.023979390984968884,2.3959138179928967,-0.4,0.018780729823833726,-2.482062508754471,0.9628052908237318
1071,0.9791474479077955,0.0,10.331726325098545,0.9999947760403816,0.0,9.942319017202095,-0.0,-0.1,0.1239552908124623,-3.117273212819355,0.1,0.1239552908124623,3.117273212819355,-0.2,0.044029629921444435,-2.029021695594632,0.2,0.044029629921444435,2.029021695594632,-0.30000000000000004,0.018330427988013057,-2.976972144137926,0.30000000000000004,0.018330427988013057,2.976972144137926,-0.5,0.016776610452609475,-3.141592653589793,0.9602586257557814
